// Generated by tools/make_fonts.sh - Noto Sans (SIL OFL 1.1), subset to ASCII
#pragma once
#include <stdint.h>
alignas(4) static const uint8_t font_light_data[] = {
  0x00, 0x01, 0x00, 0x00, 0x00, 0x11, 0x01, 0x00, 0x00, 0x04, 0x00, 0x10,
  0x47, 0x44, 0x45, 0x46, 0x00, 0xab, 0x00, 0xa0, 0x00, 0x00, 0x44, 0x44,
  0x00, 0x00, 0x00, 0x22, 0x47, 0x50, 0x4f, 0x53, 0x20, 0x72, 0x04, 0x8c,
  0x00, 0x00, 0x44, 0x68, 0x00, 0x00, 0x07, 0x7e, 0x47, 0x53, 0x55, 0x42,
  0x93, 0x15, 0x82, 0x16, 0x00, 0x00, 0x4b, 0xe8, 0x00, 0x00, 0x00, 0x36,
  0x4f, 0x53, 0x2f, 0x32, 0x68, 0xea, 0xfd, 0x03, 0x00, 0x00, 0x31, 0x50,
  0x00, 0x00, 0x00, 0x60, 0x63, 0x6d, 0x61, 0x70, 0x41, 0x44, 0xe2, 0x6c,
  0x00, 0x00, 0x31, 0xb0, 0x00, 0x00, 0x00, 0x4c, 0x63, 0x76, 0x74, 0x20,
  0x3c, 0x28, 0x19, 0x61, 0x00, 0x00, 0x41, 0x10, 0x00, 0x00, 0x01, 0x2c,
  0x66, 0x70, 0x67, 0x6d, 0x62, 0x2f, 0x0b, 0x83, 0x00, 0x00, 0x31, 0xfc,
  0x00, 0x00, 0x0e, 0x0c, 0x67, 0x61, 0x73, 0x70, 0x00, 0x00, 0x00, 0x10,
  0x00, 0x00, 0x44, 0x3c, 0x00, 0x00, 0x00, 0x08, 0x67, 0x6c, 0x79, 0x66,
  0x61, 0xd3, 0x63, 0x13, 0x00, 0x00, 0x01, 0x1c, 0x00, 0x00, 0x2d, 0x64,
  0x68, 0x65, 0x61, 0x64, 0x28, 0x85, 0xdb, 0xe3, 0x00, 0x00, 0x2f, 0x68,
  0x00, 0x00, 0x00, 0x36, 0x68, 0x68, 0x65, 0x61, 0x0c, 0xb5, 0x0b, 0xd4,
  0x00, 0x00, 0x31, 0x2c, 0x00, 0x00, 0x00, 0x24, 0x68, 0x6d, 0x74, 0x78,
  0xc6, 0x55, 0x15, 0x5b, 0x00, 0x00, 0x2f, 0xa0, 0x00, 0x00, 0x01, 0x8c,
  0x6c, 0x6f, 0x63, 0x61, 0x24, 0xd5, 0x30, 0x81, 0x00, 0x00, 0x2e, 0xa0,
  0x00, 0x00, 0x00, 0xc8, 0x6d, 0x61, 0x78, 0x70, 0x03, 0x34, 0x10, 0xa8,
  0x00, 0x00, 0x2e, 0x80, 0x00, 0x00, 0x00, 0x20, 0x6e, 0x61, 0x6d, 0x65,
  0x27, 0x4b, 0x3f, 0xf0, 0x00, 0x00, 0x42, 0x3c, 0x00, 0x00, 0x01, 0xde,
  0x70, 0x6f, 0x73, 0x74, 0xff, 0x9f, 0x00, 0x32, 0x00, 0x00, 0x44, 0x1c,
  0x00, 0x00, 0x00, 0x20, 0x70, 0x72, 0x65, 0x70, 0x44, 0x7e, 0xc6, 0xb9,
  0x00, 0x00, 0x40, 0x08, 0x00, 0x00, 0x01, 0x05, 0x00, 0x02, 0x00, 0x4f,
  0xff, 0xf5, 0x00, 0xa7, 0x02, 0xca, 0x00, 0x03, 0x00, 0x0b, 0x00, 0x22,
  0x40, 0x1f, 0x00, 0x00, 0x01, 0x02, 0x01, 0x00, 0x02, 0x80, 0x00, 0x01,
  0x01, 0x6a, 0x4d, 0x00, 0x02, 0x02, 0x03, 0x61, 0x00, 0x03, 0x03, 0x71,
  0x03, 0x4e, 0x22, 0x22, 0x11, 0x10, 0x04, 0x0d, 0x1a, 0x2b, 0x37, 0x23,
  0x03, 0x33, 0x03, 0x34, 0x33, 0x32, 0x15, 0x14, 0x23, 0x22, 0x90, 0x29,
  0x0d, 0x44, 0x4f, 0x2b, 0x2d, 0x2d, 0x2b, 0xbc, 0x02, 0x0e, 0xfd, 0x5d,
  0x31, 0x31, 0x32, 0x00, 0x00, 0x02, 0x00, 0x45, 0x01, 0xc8, 0x01, 0x27,
  0x02, 0xca, 0x00, 0x03, 0x00, 0x07, 0x00, 0x24, 0x40, 0x21, 0x02, 0x01,
  0x00, 0x00, 0x01, 0x5f, 0x05, 0x03, 0x04, 0x03, 0x01, 0x01, 0x6a, 0x00,
  0x4e, 0x04, 0x04, 0x00, 0x00, 0x04, 0x07, 0x04, 0x07, 0x06, 0x05, 0x00,
  0x03, 0x00, 0x03, 0x11, 0x06, 0x0d, 0x17, 0x2b, 0x13, 0x03, 0x23, 0x03,
  0x33, 0x03, 0x23, 0x03, 0x83, 0x0c, 0x26, 0x0c, 0xe2, 0x0c, 0x25, 0x0c,
  0x02, 0xca, 0xfe, 0xfe, 0x01, 0x02, 0xfe, 0xfe, 0x01, 0x02, 0x00, 0x02,
  0x00, 0x1b, 0x00, 0x00, 0x02, 0x6b, 0x02, 0xca, 0x00, 0x1b, 0x00, 0x1f,
  0x00, 0x47, 0x40, 0x44, 0x0c, 0x0a, 0x02, 0x08, 0x0f, 0x10, 0x0d, 0x03,
  0x07, 0x00, 0x08, 0x07, 0x68, 0x0e, 0x06, 0x02, 0x00, 0x05, 0x03, 0x02,
  0x01, 0x02, 0x00, 0x01, 0x67, 0x0b, 0x01, 0x09, 0x09, 0x6a, 0x4d, 0x04,
  0x01, 0x02, 0x02, 0x6b, 0x02, 0x4e, 0x00, 0x00, 0x1f, 0x1e, 0x1d, 0x1c,
  0x00, 0x1b, 0x00, 0x1b, 0x1a, 0x19, 0x18, 0x17, 0x16, 0x15, 0x14, 0x13,
  0x11, 0x11, 0x11, 0x11, 0x11, 0x11, 0x11, 0x11, 0x11, 0x11, 0x0d, 0x1f,
  0x2b, 0x01, 0x07, 0x33, 0x15, 0x23, 0x07, 0x23, 0x37, 0x23, 0x07, 0x23,
  0x37, 0x23, 0x35, 0x33, 0x37, 0x23, 0x35, 0x33, 0x37, 0x33, 0x07, 0x33,
  0x37, 0x33, 0x07, 0x33, 0x15, 0x05, 0x33, 0x37, 0x23, 0x01, 0xda, 0x24,
  0x91, 0x9a, 0x2a, 0x30, 0x2a, 0xab, 0x29, 0x30, 0x29, 0x87, 0x90, 0x24,
  0x8e, 0x96, 0x2a, 0x31, 0x2a, 0xab, 0x2a, 0x2f, 0x2a, 0x89, 0xfe, 0x70,
  0xab, 0x24, 0xab, 0x01, 0xc1, 0xb9, 0x2e, 0xda, 0xda, 0xda, 0xda, 0x2e,
  0xb9, 0x2d, 0xdc, 0xdc, 0xdc, 0xdc, 0x2d, 0xb9, 0xb9, 0x00, 0x00, 0x03,
  0x00, 0x3f, 0xff, 0xc6, 0x01, 0xed, 0x02, 0xf7, 0x00, 0x23, 0x00, 0x2a,
  0x00, 0x31, 0x00, 0x71, 0x40, 0x15, 0x15, 0x01, 0x05, 0x02, 0x31, 0x2b,
  0x2a, 0x1a, 0x16, 0x08, 0x04, 0x07, 0x01, 0x05, 0x21, 0x03, 0x02, 0x00,
  0x01, 0x03, 0x4c, 0x4b, 0xb0, 0x21, 0x50, 0x58, 0x40, 0x1d, 0x00, 0x06,
  0x00, 0x06, 0x86, 0x04, 0x01, 0x02, 0x07, 0x01, 0x05, 0x01, 0x02, 0x05,
  0x69, 0x00, 0x01, 0x00, 0x00, 0x06, 0x01, 0x00, 0x69, 0x00, 0x03, 0x03,
  0x6c, 0x03, 0x4e, 0x1b, 0x40, 0x24, 0x00, 0x03, 0x02, 0x03, 0x85, 0x00,
  0x06, 0x00, 0x06, 0x86, 0x04, 0x01, 0x02, 0x07, 0x01, 0x05, 0x01, 0x02,
  0x05, 0x69, 0x00, 0x01, 0x00, 0x00, 0x01, 0x59, 0x00, 0x01, 0x01, 0x00,
  0x61, 0x00, 0x00, 0x01, 0x00, 0x51, 0x59, 0x40, 0x0b, 0x11, 0x19, 0x15,
  0x11, 0x11, 0x17, 0x15, 0x10, 0x08, 0x0d, 0x1e, 0x2b, 0x37, 0x22, 0x26,
  0x27, 0x35, 0x16, 0x16, 0x33, 0x11, 0x2e, 0x02, 0x35, 0x34, 0x36, 0x37,
  0x35, 0x33, 0x15, 0x16, 0x16, 0x17, 0x07, 0x26, 0x26, 0x27, 0x15, 0x1e,
  0x02, 0x15, 0x14, 0x06, 0x07, 0x15, 0x23, 0x11, 0x06, 0x06, 0x15, 0x14,
  0x16, 0x17, 0x13, 0x36, 0x36, 0x35, 0x34, 0x26, 0x27, 0xfd, 0x3b, 0x62,
  0x1f, 0x22, 0x65, 0x35, 0x3b, 0x55, 0x2e, 0x6a, 0x54, 0x2c, 0x2f, 0x54,
  0x26, 0x13, 0x25, 0x4d, 0x24, 0x3d, 0x58, 0x2f, 0x6b, 0x59, 0x2c, 0x3d,
  0x48, 0x47, 0x3e, 0x2c, 0x41, 0x4a, 0x44, 0x47, 0x1e, 0x12, 0x0d, 0x39,
  0x0f, 0x16, 0x01, 0x04, 0x12, 0x2e, 0x42, 0x33, 0x4c, 0x55, 0x05, 0x47,
  0x47, 0x01, 0x13, 0x11, 0x30, 0x0f, 0x12, 0x02, 0xff, 0x14, 0x2c, 0x40,
  0x34, 0x4d, 0x57, 0x07, 0x5a, 0x02, 0xb7, 0x04, 0x37, 0x33, 0x37, 0x36,
  0x14, 0xfe, 0xc5, 0x05, 0x3a, 0x37, 0x32, 0x33, 0x17, 0x00, 0x00, 0x05,
  0x00, 0x36, 0xff, 0xf6, 0x02, 0xf6, 0x02, 0xd4, 0x00, 0x0b, 0x00, 0x0f,
  0x00, 0x18, 0x00, 0x24, 0x00, 0x2d, 0x00, 0x62, 0x40, 0x5f, 0x0d, 0x01,
  0x06, 0x0e, 0x01, 0x08, 0x05, 0x06, 0x08, 0x6a, 0x00, 0x05, 0x00, 0x01,
  0x09, 0x05, 0x01, 0x69, 0x0b, 0x01, 0x03, 0x03, 0x6a, 0x4d, 0x0c, 0x01,
  0x04, 0x04, 0x00, 0x61, 0x0a, 0x01, 0x00, 0x00, 0x70, 0x4d, 0x00, 0x02,
  0x02, 0x6b, 0x4d, 0x00, 0x09, 0x09, 0x07, 0x61, 0x00, 0x07, 0x07, 0x71,
  0x07, 0x4e, 0x26, 0x25, 0x1a, 0x19, 0x11, 0x10, 0x0c, 0x0c, 0x01, 0x00,
  0x2a, 0x28, 0x25, 0x2d, 0x26, 0x2d, 0x20, 0x1e, 0x19, 0x24, 0x1a, 0x24,
  0x15, 0x13, 0x10, 0x18, 0x11, 0x18, 0x0c, 0x0f, 0x0c, 0x0f, 0x0e, 0x0d,
  0x07, 0x05, 0x00, 0x0b, 0x01, 0x0b, 0x0f, 0x0d, 0x16, 0x2b, 0x13, 0x32,
  0x16, 0x15, 0x14, 0x06, 0x23, 0x22, 0x26, 0x35, 0x34, 0x36, 0x05, 0x01,
  0x23, 0x01, 0x05, 0x22, 0x15, 0x14, 0x33, 0x32, 0x35, 0x34, 0x26, 0x05,
  0x32, 0x16, 0x15, 0x14, 0x06, 0x23, 0x22, 0x26, 0x35, 0x34, 0x36, 0x17,
  0x22, 0x15, 0x14, 0x33, 0x32, 0x35, 0x34, 0x26, 0xc4, 0x47, 0x48, 0x49,
  0x47, 0x45, 0x48, 0x48, 0x01, 0xf9, 0xfe, 0x74, 0x35, 0x01, 0x8c, 0xfe,
  0x82, 0x5c, 0x5b, 0x5e, 0x2d, 0x01, 0x73, 0x47, 0x48, 0x49, 0x47, 0x45,
  0x48, 0x48, 0x46, 0x5c, 0x5b, 0x5e, 0x2d, 0x02, 0xd4, 0x74, 0x6b, 0x6d,
  0x74, 0x75, 0x6c, 0x6c, 0x73, 0x0a, 0xfd, 0x36, 0x02, 0xca, 0x21, 0xb4,
  0xb5, 0xb5, 0x58, 0x5c, 0xf3, 0x74, 0x6b, 0x6d, 0x74, 0x75, 0x6c, 0x6c,
  0x73, 0x2c, 0xb3, 0xb5, 0xb5, 0x58, 0x5b, 0x00, 0x00, 0x03, 0x00, 0x3a,
  0xff, 0xf6, 0x02, 0xbb, 0x02, 0xd5, 0x00, 0x1f, 0x00, 0x2b, 0x00, 0x36,
  0x00, 0x4a, 0x40, 0x47, 0x26, 0x1a, 0x06, 0x03, 0x01, 0x04, 0x36, 0x10,
  0x0d, 0x07, 0x04, 0x05, 0x01, 0x02, 0x4c, 0x07, 0x01, 0x04, 0x04, 0x00,
  0x61, 0x06, 0x01, 0x00, 0x00, 0x70, 0x4d, 0x00, 0x01, 0x01, 0x02, 0x5f,
  0x00, 0x02, 0x02, 0x6b, 0x4d, 0x00, 0x05, 0x05, 0x03, 0x61, 0x00, 0x03,
  0x03, 0x71, 0x03, 0x4e, 0x21, 0x20, 0x01, 0x00, 0x34, 0x32, 0x20, 0x2b,
  0x21, 0x2b, 0x14, 0x12, 0x0f, 0x0e, 0x0b, 0x0a, 0x00, 0x1f, 0x01, 0x1f,
  0x08, 0x0d, 0x16, 0x2b, 0x01, 0x32, 0x16, 0x15, 0x14, 0x06, 0x07, 0x17,
  0x36, 0x36, 0x37, 0x33, 0x06, 0x07, 0x17, 0x23, 0x27, 0x06, 0x06, 0x23,
  0x22, 0x26, 0x35, 0x34, 0x36, 0x36, 0x37, 0x26, 0x26, 0x35, 0x34, 0x36,
  0x17, 0x22, 0x06, 0x15, 0x14, 0x16, 0x17, 0x36, 0x36, 0x35, 0x34, 0x26,
  0x03, 0x0e, 0x02, 0x15, 0x14, 0x16, 0x33, 0x32, 0x36, 0x37, 0x01, 0x30,
  0x4a, 0x5b, 0x58, 0x45, 0xda, 0x1c, 0x28, 0x0c, 0x3a, 0x1f, 0x46, 0x84,
  0x4d, 0x5d, 0x2f, 0x74, 0x56, 0x64, 0x7a, 0x28, 0x4c, 0x35, 0x2b, 0x36,
  0x5f, 0x4e, 0x36, 0x3f, 0x2e, 0x2b, 0x43, 0x46, 0x3c, 0x5a, 0x2e, 0x41,
  0x21, 0x59, 0x4a, 0x49, 0x63, 0x27, 0x02, 0xd5, 0x4f, 0x46, 0x42, 0x57,
  0x25, 0xd8, 0x21, 0x58, 0x34, 0x7f, 0x54, 0x84, 0x5f, 0x2f, 0x3a, 0x64,
  0x5d, 0x35, 0x4b, 0x39, 0x1c, 0x2c, 0x4f, 0x36, 0x46, 0x52, 0x30, 0x38,
  0x30, 0x29, 0x44, 0x2b, 0x21, 0x47, 0x33, 0x2e, 0x37, 0xfe, 0xc2, 0x18,
  0x2f, 0x3c, 0x2c, 0x43, 0x4b, 0x31, 0x28, 0x00, 0x00, 0x01, 0x00, 0x45,
  0x01, 0xc8, 0x00, 0x83, 0x02, 0xca, 0x00, 0x03, 0x00, 0x19, 0x40, 0x16,
  0x00, 0x00, 0x00, 0x01, 0x5f, 0x02, 0x01, 0x01, 0x01, 0x6a, 0x00, 0x4e,
  0x00, 0x00, 0x00, 0x03, 0x00, 0x03, 0x11, 0x03, 0x0d, 0x17, 0x2b, 0x13,
  0x03, 0x23, 0x03, 0x83, 0x0c, 0x26, 0x0c, 0x02, 0xca, 0xfe, 0xfe, 0x01,
  0x02, 0x00, 0x00, 0x01, 0x00, 0x29, 0xff, 0x62, 0x00, 0xf5, 0x02, 0xca,
  0x00, 0x0d, 0x00, 0x13, 0x40, 0x10, 0x00, 0x01, 0x00, 0x01, 0x86, 0x00,
  0x00, 0x00, 0x6a, 0x00, 0x4e, 0x16, 0x13, 0x02, 0x0d, 0x18, 0x2b, 0x13,
  0x34, 0x36, 0x37, 0x33, 0x06, 0x06, 0x15, 0x14, 0x16, 0x17, 0x23, 0x26,
  0x26, 0x29, 0x4a, 0x48, 0x3a, 0x49, 0x49, 0x49, 0x49, 0x3a, 0x48, 0x4a,
  0x01, 0x12, 0x80, 0xe2, 0x56, 0x5b, 0xe2, 0x7a, 0x78, 0xdd, 0x5c, 0x56,
  0xdc, 0x00, 0x00, 0x01, 0x00, 0x21, 0xff, 0x62, 0x00, 0xed, 0x02, 0xca,
  0x00, 0x0d, 0x00, 0x13, 0x40, 0x10, 0x00, 0x00, 0x01, 0x00, 0x86, 0x00,
  0x01, 0x01, 0x6a, 0x01, 0x4e, 0x16, 0x13, 0x02, 0x0d, 0x18, 0x2b, 0x13,
  0x14, 0x06, 0x07, 0x23, 0x36, 0x36, 0x35, 0x34, 0x26, 0x27, 0x33, 0x16,
  0x16, 0xed, 0x4a, 0x48, 0x39, 0x49, 0x48, 0x49, 0x49, 0x3a, 0x48, 0x4a,
  0x01, 0x16, 0x7f, 0xe1, 0x54, 0x5b, 0xe0, 0x79, 0x7a, 0xdf, 0x5b, 0x57,
  0xde, 0x00, 0x00, 0x01, 0x00, 0x34, 0x01, 0x4e, 0x01, 0xf0, 0x02, 0xf7,
  0x00, 0x0e, 0x00, 0x33, 0x40, 0x10, 0x0d, 0x0c, 0x0b, 0x0a, 0x09, 0x08,
  0x07, 0x06, 0x05, 0x04, 0x03, 0x02, 0x01, 0x0d, 0x00, 0x49, 0x4b, 0xb0,
  0x21, 0x50, 0x58, 0xb6, 0x01, 0x01, 0x00, 0x00, 0x6c, 0x00, 0x4e, 0x1b,
  0xb4, 0x01, 0x01, 0x00, 0x00, 0x76, 0x59, 0x40, 0x09, 0x00, 0x00, 0x00,
  0x0e, 0x00, 0x0e, 0x02, 0x0d, 0x16, 0x2b, 0x01, 0x07, 0x37, 0x17, 0x07,
  0x17, 0x07, 0x27, 0x07, 0x27, 0x37, 0x27, 0x37, 0x17, 0x27, 0x01, 0x31,
  0x0d, 0xc1, 0x0b, 0xbe, 0x7a, 0x37, 0x64, 0x60, 0x38, 0x79, 0xbe, 0x0b,
  0xc0, 0x0d, 0x02, 0xf7, 0xc7, 0x3e, 0x3c, 0x24, 0xa0, 0x20, 0xac, 0xac,
  0x20, 0xa0, 0x24, 0x3c, 0x3e, 0xc7, 0x00, 0x01, 0x00, 0x35, 0x00, 0x75,
  0x02, 0x06, 0x02, 0x4d, 0x00, 0x0b, 0x00, 0x26, 0x40, 0x23, 0x00, 0x05,
  0x00, 0x02, 0x05, 0x57, 0x04, 0x01, 0x00, 0x03, 0x01, 0x01, 0x02, 0x00,
  0x01, 0x67, 0x00, 0x05, 0x05, 0x02, 0x5f, 0x00, 0x02, 0x05, 0x02, 0x4f,
  0x11, 0x11, 0x11, 0x11, 0x11, 0x10, 0x06, 0x0d, 0x1c, 0x2b, 0x01, 0x33,
  0x15, 0x23, 0x15, 0x23, 0x35, 0x23, 0x35, 0x33, 0x35, 0x33, 0x01, 0x35,
  0xd1, 0xd1, 0x30, 0xd0, 0xd0, 0x30, 0x01, 0x79, 0x30, 0xd4, 0xd4, 0x30,
  0xd4, 0x00, 0x00, 0x01, 0x00, 0x28, 0xff, 0x7f, 0x00, 0x9f, 0x00, 0x74,
  0x00, 0x07, 0x00, 0x11, 0x40, 0x0e, 0x00, 0x01, 0x00, 0x01, 0x85, 0x00,
  0x00, 0x00, 0x76, 0x12, 0x13, 0x02, 0x0d, 0x18, 0x2b, 0x37, 0x06, 0x06,
  0x07, 0x23, 0x36, 0x37, 0x33, 0x9f, 0x0d, 0x28, 0x17, 0x2b, 0x24, 0x11,
  0x3d, 0x69, 0x37, 0x7e, 0x35, 0x85, 0x70, 0x00, 0x00, 0x01, 0x00, 0x28,
  0x00, 0xf4, 0x01, 0x1a, 0x01, 0x28, 0x00, 0x03, 0x00, 0x1e, 0x40, 0x1b,
  0x00, 0x00, 0x01, 0x01, 0x00, 0x57, 0x00, 0x00, 0x00, 0x01, 0x5f, 0x02,
  0x01, 0x01, 0x00, 0x01, 0x4f, 0x00, 0x00, 0x00, 0x03, 0x00, 0x03, 0x11,
  0x03, 0x0d, 0x17, 0x2b, 0x37, 0x35, 0x33, 0x15, 0x28, 0xf2, 0xf4, 0x34,
  0x34, 0x00, 0x00, 0x01, 0x00, 0x4f, 0xff, 0xf5, 0x00, 0xa7, 0x00, 0x58,
  0x00, 0x07, 0x00, 0x13, 0x40, 0x10, 0x00, 0x00, 0x00, 0x01, 0x61, 0x00,
  0x01, 0x01, 0x71, 0x01, 0x4e, 0x22, 0x21, 0x02, 0x0d, 0x18, 0x2b, 0x37,
  0x34, 0x33, 0x32, 0x15, 0x14, 0x23, 0x22, 0x4f, 0x2b, 0x2d, 0x2d, 0x2b,
  0x27, 0x31, 0x31, 0x32, 0x00, 0x01, 0x00, 0x0c, 0x00, 0x00, 0x01, 0x50,
  0x02, 0xca, 0x00, 0x03, 0x00, 0x19, 0x40, 0x16, 0x02, 0x01, 0x01, 0x01,
  0x6a, 0x4d, 0x00, 0x00, 0x00, 0x6b, 0x00, 0x4e, 0x00, 0x00, 0x00, 0x03,
  0x00, 0x03, 0x11, 0x03, 0x0d, 0x17, 0x2b, 0x01, 0x01, 0x23, 0x01, 0x01,
  0x50, 0xfe, 0xf5, 0x39, 0x01, 0x0b, 0x02, 0xca, 0xfd, 0x36, 0x02, 0xca,
  0x00, 0x02, 0x00, 0x38, 0xff, 0xf6, 0x02, 0x03, 0x02, 0xd5, 0x00, 0x0d,
  0x00, 0x1b, 0x00, 0x1f, 0x40, 0x1c, 0x00, 0x03, 0x03, 0x01, 0x61, 0x00,
  0x01, 0x01, 0x70, 0x4d, 0x00, 0x02, 0x02, 0x00, 0x61, 0x00, 0x00, 0x00,
  0x71, 0x00, 0x4e, 0x25, 0x25, 0x25, 0x22, 0x04, 0x0d, 0x1a, 0x2b, 0x01,
  0x14, 0x06, 0x23, 0x22, 0x26, 0x35, 0x34, 0x36, 0x36, 0x33, 0x32, 0x16,
  0x16, 0x05, 0x14, 0x16, 0x33, 0x32, 0x36, 0x35, 0x34, 0x26, 0x26, 0x23,
  0x22, 0x06, 0x06, 0x02, 0x03, 0x6e, 0x78, 0x71, 0x74, 0x2c, 0x66, 0x54,
  0x52, 0x65, 0x2e, 0xfe, 0x6e, 0x53, 0x59, 0x5c, 0x50, 0x1f, 0x4b, 0x41,
  0x41, 0x4b, 0x21, 0x01, 0x67, 0xb2, 0xbf, 0xbc, 0xb5, 0x6e, 0xa4, 0x5c,
  0x5a, 0xa4, 0x70, 0xa2, 0x9d, 0x9e, 0xa1, 0x64, 0x8d, 0x4b, 0x4c, 0x8e,
  0x00, 0x01, 0x00, 0x60, 0x00, 0x00, 0x01, 0x52, 0x02, 0xca, 0x00, 0x0c,
  0x00, 0x1b, 0x40, 0x18, 0x0a, 0x09, 0x05, 0x03, 0x00, 0x01, 0x01, 0x4c,
  0x00, 0x01, 0x01, 0x6a, 0x4d, 0x00, 0x00, 0x00, 0x6b, 0x00, 0x4e, 0x1a,
  0x10, 0x02, 0x0d, 0x18, 0x2b, 0x21, 0x23, 0x11, 0x34, 0x36, 0x37, 0x06,
  0x06, 0x07, 0x07, 0x27, 0x37, 0x33, 0x01, 0x52, 0x38, 0x01, 0x01, 0x0e,
  0x19, 0x13, 0x63, 0x1f, 0xc2, 0x30, 0x02, 0x13, 0x2b, 0x37, 0x19, 0x0e,
  0x14, 0x0f, 0x4d, 0x28, 0x92, 0x00, 0x00, 0x01, 0x00, 0x36, 0x00, 0x00,
  0x01, 0xfa, 0x02, 0xd4, 0x00, 0x1b, 0x00, 0x2a, 0x40, 0x27, 0x0e, 0x0d,
  0x02, 0x03, 0x01, 0x02, 0x01, 0x00, 0x03, 0x02, 0x4c, 0x00, 0x01, 0x01,
  0x02, 0x61, 0x00, 0x02, 0x02, 0x70, 0x4d, 0x00, 0x03, 0x03, 0x00, 0x5f,
  0x00, 0x00, 0x00, 0x6b, 0x00, 0x4e, 0x27, 0x25, 0x28, 0x10, 0x04, 0x0d,
  0x1a, 0x2b, 0x21, 0x21, 0x35, 0x37, 0x3e, 0x02, 0x35, 0x34, 0x26, 0x23,
  0x22, 0x06, 0x07, 0x27, 0x36, 0x36, 0x33, 0x32, 0x16, 0x15, 0x14, 0x06,
  0x06, 0x07, 0x07, 0x15, 0x21, 0x01, 0xfa, 0xfe, 0x3c, 0xcd, 0x33, 0x46,
  0x24, 0x4e, 0x42, 0x30, 0x54, 0x29, 0x1f, 0x2c, 0x68, 0x38, 0x5c, 0x6f,
  0x2a, 0x4c, 0x33, 0xb3, 0x01, 0x7b, 0x30, 0xd5, 0x35, 0x54, 0x54, 0x34,
  0x43, 0x49, 0x22, 0x20, 0x28, 0x24, 0x28, 0x66, 0x55, 0x3a, 0x60, 0x5c,
  0x34, 0xb8, 0x02, 0x00, 0x00, 0x01, 0x00, 0x2e, 0xff, 0xf6, 0x01, 0xf8,
  0x02, 0xd4, 0x00, 0x27, 0x00, 0x3c, 0x40, 0x39, 0x22, 0x21, 0x02, 0x03,
  0x04, 0x03, 0x01, 0x02, 0x03, 0x0c, 0x01, 0x01, 0x02, 0x0b, 0x01, 0x00,
  0x01, 0x04, 0x4c, 0x00, 0x03, 0x00, 0x02, 0x01, 0x03, 0x02, 0x67, 0x00,
  0x04, 0x04, 0x05, 0x61, 0x00, 0x05, 0x05, 0x70, 0x4d, 0x00, 0x01, 0x01,
  0x00, 0x61, 0x00, 0x00, 0x00, 0x71, 0x00, 0x4e, 0x25, 0x24, 0x21, 0x24,
  0x24, 0x28, 0x06, 0x0d, 0x1c, 0x2b, 0x01, 0x14, 0x06, 0x07, 0x15, 0x16,
  0x15, 0x14, 0x06, 0x23, 0x22, 0x27, 0x35, 0x16, 0x16, 0x33, 0x32, 0x36,
  0x35, 0x34, 0x26, 0x23, 0x23, 0x35, 0x33, 0x32, 0x36, 0x35, 0x34, 0x26,
  0x23, 0x22, 0x06, 0x07, 0x27, 0x36, 0x36, 0x33, 0x32, 0x16, 0x01, 0xe2,
  0x54, 0x42, 0xac, 0x81, 0x83, 0x72, 0x54, 0x29, 0x6a, 0x34, 0x66, 0x61,
  0x74, 0x61, 0x4c, 0x4d, 0x53, 0x6c, 0x52, 0x44, 0x39, 0x5b, 0x2c, 0x1d,
  0x29, 0x6f, 0x45, 0x63, 0x6e, 0x02, 0x25, 0x47, 0x5a, 0x0c, 0x03, 0x17,
  0x97, 0x5c, 0x75, 0x29, 0x37, 0x15, 0x19, 0x56, 0x4a, 0x4e, 0x43, 0x32,
  0x4d, 0x4a, 0x3f, 0x42, 0x23, 0x1e, 0x28, 0x20, 0x2a, 0x5f, 0x00, 0x02,
  0x00, 0x17, 0x00, 0x00, 0x02, 0x2c, 0x02, 0xce, 0x00, 0x0a, 0x00, 0x15,
  0x00, 0x2b, 0x40, 0x28, 0x0f, 0x01, 0x04, 0x03, 0x06, 0x01, 0x00, 0x04,
  0x02, 0x4c, 0x05, 0x01, 0x04, 0x02, 0x01, 0x00, 0x01, 0x04, 0x00, 0x67,
  0x00, 0x03, 0x03, 0x6a, 0x4d, 0x00, 0x01, 0x01, 0x6b, 0x01, 0x4e, 0x1a,
  0x11, 0x12, 0x11, 0x11, 0x10, 0x06, 0x0d, 0x1c, 0x2b, 0x25, 0x23, 0x15,
  0x23, 0x35, 0x21, 0x35, 0x01, 0x33, 0x11, 0x33, 0x03, 0x34, 0x34, 0x36,
  0x37, 0x23, 0x06, 0x06, 0x07, 0x03, 0x21, 0x02, 0x2c, 0x77, 0x37, 0xfe,
  0x99, 0x01, 0x63, 0x3b, 0x77, 0xae, 0x02, 0x01, 0x03, 0x0d, 0x18, 0x11,
  0xf4, 0x01, 0x2a, 0xb2, 0xb2, 0xb2, 0x2f, 0x01, 0xed, 0xfe, 0x18, 0x01,
  0x09, 0x27, 0x36, 0x2b, 0x18, 0x17, 0x28, 0x17, 0xfe, 0xad, 0x00, 0x01,
  0x00, 0x45, 0xff, 0xf6, 0x01, 0xfe, 0x02, 0xca, 0x00, 0x1e, 0x00, 0x44,
  0x40, 0x41, 0x1c, 0x17, 0x02, 0x03, 0x00, 0x16, 0x0a, 0x02, 0x02, 0x03,
  0x09, 0x01, 0x01, 0x02, 0x03, 0x4c, 0x06, 0x01, 0x00, 0x00, 0x03, 0x02,
  0x00, 0x03, 0x69, 0x00, 0x05, 0x05, 0x04, 0x5f, 0x00, 0x04, 0x04, 0x6a,
  0x4d, 0x00, 0x02, 0x02, 0x01, 0x61, 0x00, 0x01, 0x01, 0x71, 0x01, 0x4e,
  0x01, 0x00, 0x1b, 0x1a, 0x19, 0x18, 0x14, 0x12, 0x0e, 0x0c, 0x07, 0x05,
  0x00, 0x1e, 0x01, 0x1e, 0x07, 0x0d, 0x16, 0x2b, 0x01, 0x32, 0x16, 0x15,
  0x14, 0x06, 0x23, 0x22, 0x26, 0x27, 0x35, 0x16, 0x16, 0x33, 0x32, 0x36,
  0x35, 0x34, 0x26, 0x23, 0x22, 0x06, 0x07, 0x27, 0x13, 0x21, 0x15, 0x21,
  0x07, 0x36, 0x36, 0x01, 0x13, 0x6c, 0x7f, 0x8c, 0x77, 0x39, 0x5d, 0x20,
  0x22, 0x61, 0x33, 0x5a, 0x6f, 0x5f, 0x61, 0x25, 0x49, 0x1d, 0x20, 0x1d,
  0x01, 0x5a, 0xfe, 0xd7, 0x15, 0x15, 0x40, 0x01, 0xb0, 0x6d, 0x64, 0x6d,
  0x7c, 0x16, 0x13, 0x38, 0x15, 0x1a, 0x5b, 0x57, 0x4e, 0x57, 0x0c, 0x07,
  0x15, 0x01, 0x49, 0x34, 0xf5, 0x04, 0x0b, 0x00, 0x00, 0x02, 0x00, 0x3e,
  0xff, 0xf6, 0x02, 0x07, 0x02, 0xd5, 0x00, 0x19, 0x00, 0x28, 0x00, 0x3e,
  0x40, 0x3b, 0x06, 0x01, 0x01, 0x00, 0x07, 0x01, 0x02, 0x01, 0x0c, 0x01,
  0x04, 0x05, 0x03, 0x4c, 0x00, 0x02, 0x00, 0x05, 0x04, 0x02, 0x05, 0x69,
  0x00, 0x01, 0x01, 0x00, 0x61, 0x00, 0x00, 0x00, 0x70, 0x4d, 0x06, 0x01,
  0x04, 0x04, 0x03, 0x61, 0x00, 0x03, 0x03, 0x71, 0x03, 0x4e, 0x1b, 0x1a,
  0x21, 0x1f, 0x1a, 0x28, 0x1b, 0x28, 0x24, 0x25, 0x23, 0x23, 0x07, 0x0d,
  0x1a, 0x2b, 0x13, 0x34, 0x36, 0x36, 0x33, 0x32, 0x17, 0x15, 0x26, 0x23,
  0x22, 0x06, 0x07, 0x33, 0x36, 0x36, 0x33, 0x32, 0x16, 0x15, 0x14, 0x06,
  0x23, 0x22, 0x26, 0x26, 0x17, 0x32, 0x36, 0x35, 0x34, 0x26, 0x23, 0x22,
  0x06, 0x06, 0x15, 0x14, 0x1e, 0x02, 0x3e, 0x40, 0x8b, 0x6e, 0x36, 0x27,
  0x27, 0x35, 0x81, 0x7c, 0x05, 0x04, 0x15, 0x5d, 0x4b, 0x60, 0x70, 0x75,
  0x67, 0x4d, 0x6a, 0x36, 0xec, 0x4d, 0x57, 0x50, 0x50, 0x37, 0x51, 0x2c,
  0x12, 0x29, 0x44, 0x01, 0x30, 0x80, 0xbd, 0x68, 0x0b, 0x33, 0x0e, 0xae,
  0xa0, 0x26, 0x3e, 0x73, 0x64, 0x6c, 0x82, 0x51, 0x8d, 0xac, 0x60, 0x5c,
  0x4e, 0x5a, 0x2d, 0x42, 0x20, 0x20, 0x49, 0x42, 0x2a, 0x00, 0x00, 0x01,
  0x00, 0x33, 0x00, 0x00, 0x02, 0x05, 0x02, 0xca, 0x00, 0x06, 0x00, 0x25,
  0x40, 0x22, 0x05, 0x01, 0x00, 0x01, 0x01, 0x4c, 0x00, 0x00, 0x00, 0x01,
  0x5f, 0x00, 0x01, 0x01, 0x6a, 0x4d, 0x03, 0x01, 0x02, 0x02, 0x6b, 0x02,
  0x4e, 0x00, 0x00, 0x00, 0x06, 0x00, 0x06, 0x11, 0x11, 0x04, 0x0d, 0x18,
  0x2b, 0x33, 0x01, 0x21, 0x35, 0x21, 0x15, 0x01, 0xa0, 0x01, 0x27, 0xfe,
  0x6c, 0x01, 0xd2, 0xfe, 0xda, 0x02, 0x96, 0x34, 0x2a, 0xfd, 0x60, 0x00,
  0x00, 0x03, 0x00, 0x39, 0xff, 0xf6, 0x02, 0x01, 0x02, 0xd4, 0x00, 0x1a,
  0x00, 0x26, 0x00, 0x33, 0x00, 0x36, 0x40, 0x33, 0x31, 0x21, 0x13, 0x06,
  0x04, 0x03, 0x02, 0x01, 0x4c, 0x05, 0x01, 0x02, 0x02, 0x00, 0x61, 0x04,
  0x01, 0x00, 0x00, 0x70, 0x4d, 0x00, 0x03, 0x03, 0x01, 0x61, 0x00, 0x01,
  0x01, 0x71, 0x01, 0x4e, 0x1c, 0x1b, 0x01, 0x00, 0x2b, 0x29, 0x1b, 0x26,
  0x1c, 0x26, 0x0e, 0x0c, 0x00, 0x1a, 0x01, 0x1a, 0x06, 0x0d, 0x16, 0x2b,
  0x01, 0x32, 0x16, 0x15, 0x14, 0x06, 0x07, 0x16, 0x16, 0x15, 0x14, 0x06,
  0x06, 0x23, 0x22, 0x26, 0x35, 0x34, 0x36, 0x37, 0x2e, 0x02, 0x35, 0x34,
  0x36, 0x36, 0x17, 0x22, 0x06, 0x15, 0x14, 0x16, 0x17, 0x36, 0x36, 0x35,
  0x34, 0x26, 0x03, 0x14, 0x16, 0x33, 0x32, 0x36, 0x35, 0x34, 0x26, 0x27,
  0x27, 0x06, 0x06, 0x01, 0x1c, 0x5c, 0x71, 0x55, 0x41, 0x4d, 0x61, 0x3b,
  0x68, 0x42, 0x69, 0x7a, 0x5f, 0x48, 0x28, 0x42, 0x26, 0x34, 0x5d, 0x3b,
  0x41, 0x53, 0x55, 0x43, 0x43, 0x4d, 0x50, 0xef, 0x59, 0x51, 0x4f, 0x5e,
  0x53, 0x4b, 0x16, 0x49, 0x5a, 0x02, 0xd4, 0x57, 0x50, 0x41, 0x53, 0x1d,
  0x1f, 0x5b, 0x4b, 0x3d, 0x56, 0x2e, 0x66, 0x57, 0x4d, 0x5d, 0x1c, 0x13,
  0x2f, 0x43, 0x2f, 0x34, 0x4b, 0x28, 0x30, 0x3f, 0x3a, 0x3c, 0x43, 0x19,
  0x1c, 0x44, 0x39, 0x3b, 0x3d, 0xfe, 0x0e, 0x3f, 0x4d, 0x4c, 0x45, 0x3a,
  0x4c, 0x1c, 0x08, 0x1c, 0x4f, 0x00, 0x00, 0x02, 0x00, 0x35, 0xff, 0xf5,
  0x01, 0xfe, 0x02, 0xd4, 0x00, 0x1b, 0x00, 0x2a, 0x00, 0x3e, 0x40, 0x3b,
  0x0e, 0x01, 0x05, 0x04, 0x08, 0x01, 0x01, 0x02, 0x07, 0x01, 0x00, 0x01,
  0x03, 0x4c, 0x00, 0x05, 0x00, 0x02, 0x01, 0x05, 0x02, 0x69, 0x06, 0x01,
  0x04, 0x04, 0x03, 0x61, 0x00, 0x03, 0x03, 0x70, 0x4d, 0x00, 0x01, 0x01,
  0x00, 0x61, 0x00, 0x00, 0x00, 0x71, 0x00, 0x4e, 0x1d, 0x1c, 0x23, 0x21,
  0x1c, 0x2a, 0x1d, 0x2a, 0x24, 0x25, 0x25, 0x23, 0x07, 0x0d, 0x1a, 0x2b,
  0x01, 0x14, 0x06, 0x06, 0x23, 0x22, 0x26, 0x27, 0x35, 0x16, 0x16, 0x33,
  0x32, 0x36, 0x37, 0x23, 0x06, 0x06, 0x23, 0x22, 0x26, 0x35, 0x34, 0x36,
  0x33, 0x32, 0x16, 0x16, 0x27, 0x22, 0x06, 0x15, 0x14, 0x16, 0x33, 0x32,
  0x36, 0x36, 0x35, 0x34, 0x2e, 0x02, 0x01, 0xfe, 0x41, 0x8a, 0x6e, 0x19,
  0x38, 0x12, 0x12, 0x35, 0x1b, 0x80, 0x7d, 0x04, 0x04, 0x15, 0x5e, 0x4b,
  0x60, 0x6e, 0x76, 0x67, 0x4d, 0x69, 0x36, 0xec, 0x4d, 0x57, 0x4e, 0x51,
  0x38, 0x51, 0x2c, 0x13, 0x28, 0x44, 0x01, 0x9b, 0x80, 0xbd, 0x69, 0x06,
  0x06, 0x33, 0x06, 0x08, 0xae, 0xa0, 0x27, 0x3e, 0x73, 0x65, 0x6c, 0x81,
  0x50, 0x8d, 0xac, 0x61, 0x5a, 0x4f, 0x5b, 0x2d, 0x43, 0x21, 0x1e, 0x49,
  0x42, 0x2b, 0x00, 0x02, 0x00, 0x4f, 0xff, 0xf5, 0x00, 0xa7, 0x02, 0x1d,
  0x00, 0x07, 0x00, 0x0f, 0x00, 0x1f, 0x40, 0x1c, 0x00, 0x01, 0x01, 0x00,
  0x61, 0x00, 0x00, 0x00, 0x73, 0x4d, 0x00, 0x02, 0x02, 0x03, 0x61, 0x00,
  0x03, 0x03, 0x71, 0x03, 0x4e, 0x22, 0x22, 0x22, 0x21, 0x04, 0x0d, 0x1a,
  0x2b, 0x13, 0x34, 0x33, 0x32, 0x15, 0x14, 0x23, 0x22, 0x11, 0x34, 0x33,
  0x32, 0x15, 0x14, 0x23, 0x22, 0x4f, 0x2b, 0x2d, 0x2d, 0x2b, 0x2b, 0x2d,
  0x2d, 0x2b, 0x01, 0xec, 0x31, 0x31, 0x32, 0xfe, 0x6d, 0x31, 0x31, 0x32,
  0x00, 0x02, 0x00, 0x23, 0xff, 0x7f, 0x00, 0xa6, 0x02, 0x1d, 0x00, 0x07,
  0x00, 0x10, 0x00, 0x21, 0x40, 0x1e, 0x00, 0x03, 0x01, 0x02, 0x01, 0x03,
  0x02, 0x80, 0x00, 0x02, 0x02, 0x84, 0x00, 0x01, 0x01, 0x00, 0x61, 0x00,
  0x00, 0x00, 0x73, 0x01, 0x4e, 0x13, 0x14, 0x22, 0x21, 0x04, 0x0d, 0x1a,
  0x2b, 0x13, 0x34, 0x33, 0x32, 0x15, 0x14, 0x23, 0x22, 0x13, 0x06, 0x06,
  0x07, 0x23, 0x36, 0x36, 0x37, 0x33, 0x4e, 0x2b, 0x2d, 0x2d, 0x2b, 0x4c,
  0x0c, 0x29, 0x16, 0x2c, 0x12, 0x1b, 0x08, 0x3d, 0x01, 0xec, 0x31, 0x31,
  0x32, 0xfe, 0xaf, 0x36, 0x7f, 0x35, 0x41, 0x7d, 0x37, 0x00, 0x00, 0x01,
  0x00, 0x35, 0x00, 0x7f, 0x02, 0x06, 0x02, 0x55, 0x00, 0x06, 0x00, 0x06,
  0xb3, 0x03, 0x00, 0x01, 0x32, 0x2b, 0x25, 0x25, 0x35, 0x25, 0x15, 0x05,
  0x05, 0x02, 0x06, 0xfe, 0x2f, 0x01, 0xd1, 0xfe, 0x70, 0x01, 0x90, 0x7f,
  0xd3, 0x22, 0xe1, 0x34, 0xbc, 0xb2, 0x00, 0x02, 0x00, 0x38, 0x00, 0xe4,
  0x02, 0x03, 0x01, 0xdd, 0x00, 0x03, 0x00, 0x07, 0x00, 0x2f, 0x40, 0x2c,
  0x00, 0x00, 0x04, 0x01, 0x01, 0x02, 0x00, 0x01, 0x67, 0x00, 0x02, 0x03,
  0x03, 0x02, 0x57, 0x00, 0x02, 0x02, 0x03, 0x5f, 0x05, 0x01, 0x03, 0x02,
  0x03, 0x4f, 0x04, 0x04, 0x00, 0x00, 0x04, 0x07, 0x04, 0x07, 0x06, 0x05,
  0x00, 0x03, 0x00, 0x03, 0x11, 0x06, 0x0d, 0x17, 0x2b, 0x13, 0x35, 0x21,
  0x15, 0x05, 0x35, 0x21, 0x15, 0x38, 0x01, 0xcb, 0xfe, 0x35, 0x01, 0xcb,
  0x01, 0xae, 0x2f, 0x2f, 0xca, 0x30, 0x30, 0x00, 0x00, 0x01, 0x00, 0x35,
  0x00, 0x7f, 0x02, 0x06, 0x02, 0x55, 0x00, 0x06, 0x00, 0x06, 0xb3, 0x06,
  0x03, 0x01, 0x32, 0x2b, 0x37, 0x25, 0x25, 0x35, 0x05, 0x15, 0x05, 0x35,
  0x01, 0x90, 0xfe, 0x70, 0x01, 0xd1, 0xfe, 0x2f, 0xb3, 0xb2, 0xbc, 0x34,
  0xe1, 0x22, 0xd3, 0x00, 0x00, 0x02, 0x00, 0x19, 0xff, 0xf5, 0x01, 0x87,
  0x02, 0xd4, 0x00, 0x1f, 0x00, 0x27, 0x00, 0x32, 0x40, 0x2f, 0x0f, 0x01,
  0x00, 0x01, 0x0e, 0x01, 0x02, 0x00, 0x02, 0x4c, 0x00, 0x02, 0x00, 0x03,
  0x00, 0x02, 0x03, 0x80, 0x00, 0x00, 0x00, 0x01, 0x61, 0x00, 0x01, 0x01,
  0x70, 0x4d, 0x00, 0x03, 0x03, 0x04, 0x61, 0x00, 0x04, 0x04, 0x71, 0x04,
  0x4e, 0x22, 0x22, 0x1b, 0x25, 0x2a, 0x05, 0x0d, 0x1b, 0x2b, 0x37, 0x34,
  0x36, 0x36, 0x37, 0x3e, 0x02, 0x35, 0x34, 0x26, 0x23, 0x22, 0x06, 0x07,
  0x27, 0x36, 0x36, 0x33, 0x32, 0x16, 0x15, 0x14, 0x06, 0x06, 0x07, 0x0e,
  0x02, 0x15, 0x15, 0x23, 0x07, 0x34, 0x33, 0x32, 0x15, 0x14, 0x23, 0x22,
  0x8e, 0x0e, 0x25, 0x22, 0x25, 0x30, 0x18, 0x4c, 0x40, 0x2c, 0x47, 0x23,
  0x15, 0x2a, 0x51, 0x33, 0x59, 0x67, 0x1f, 0x38, 0x26, 0x1e, 0x21, 0x0d,
  0x30, 0x11, 0x2c, 0x2c, 0x2c, 0x2c, 0xcf, 0x2c, 0x3b, 0x31, 0x1a, 0x1d,
  0x2e, 0x35, 0x26, 0x3d, 0x3d, 0x15, 0x11, 0x30, 0x14, 0x15, 0x59, 0x53,
  0x30, 0x43, 0x36, 0x1d, 0x17, 0x2a, 0x32, 0x25, 0x0e, 0x95, 0x31, 0x31,
  0x32, 0x00, 0x00, 0x02, 0x00, 0x37, 0xff, 0xa2, 0x03, 0x42, 0x02, 0xc6,
  0x00, 0x3d, 0x00, 0x4a, 0x00, 0x7b, 0x40, 0x13, 0x15, 0x01, 0x09, 0x02,
  0x44, 0x07, 0x02, 0x03, 0x09, 0x2e, 0x01, 0x05, 0x00, 0x2f, 0x01, 0x06,
  0x05, 0x04, 0x4c, 0x4b, 0xb0, 0x1b, 0x50, 0x58, 0x40, 0x26, 0x08, 0x01,
  0x03, 0x01, 0x01, 0x00, 0x05, 0x03, 0x00, 0x69, 0x00, 0x05, 0x00, 0x06,
  0x05, 0x06, 0x65, 0x00, 0x04, 0x04, 0x07, 0x61, 0x00, 0x07, 0x07, 0x6a,
  0x4d, 0x00, 0x09, 0x09, 0x02, 0x61, 0x00, 0x02, 0x02, 0x6d, 0x09, 0x4e,
  0x1b, 0x40, 0x24, 0x00, 0x02, 0x00, 0x09, 0x03, 0x02, 0x09, 0x69, 0x08,
  0x01, 0x03, 0x01, 0x01, 0x00, 0x05, 0x03, 0x00, 0x69, 0x00, 0x05, 0x00,
  0x06, 0x05, 0x06, 0x65, 0x00, 0x04, 0x04, 0x07, 0x61, 0x00, 0x07, 0x07,
  0x6a, 0x04, 0x4e, 0x59, 0x40, 0x0e, 0x48, 0x46, 0x24, 0x26, 0x25, 0x25,
  0x26, 0x28, 0x25, 0x25, 0x23, 0x0a, 0x0d, 0x1f, 0x2b, 0x01, 0x14, 0x06,
  0x06, 0x23, 0x22, 0x26, 0x27, 0x23, 0x06, 0x06, 0x23, 0x22, 0x26, 0x35,
  0x34, 0x36, 0x36, 0x33, 0x32, 0x16, 0x17, 0x07, 0x06, 0x06, 0x15, 0x14,
  0x16, 0x33, 0x32, 0x36, 0x36, 0x35, 0x34, 0x26, 0x26, 0x23, 0x22, 0x06,
  0x06, 0x15, 0x14, 0x16, 0x33, 0x32, 0x36, 0x37, 0x15, 0x06, 0x06, 0x23,
  0x22, 0x26, 0x26, 0x35, 0x34, 0x36, 0x36, 0x33, 0x32, 0x16, 0x16, 0x05,
  0x14, 0x33, 0x32, 0x36, 0x37, 0x37, 0x26, 0x26, 0x23, 0x22, 0x06, 0x06,
  0x03, 0x42, 0x25, 0x48, 0x38, 0x2d, 0x38, 0x03, 0x03, 0x15, 0x4c, 0x33,
  0x4b, 0x51, 0x35, 0x5f, 0x40, 0x28, 0x4a, 0x1b, 0x09, 0x01, 0x01, 0x25,
  0x23, 0x26, 0x32, 0x19, 0x4c, 0x8b, 0x5f, 0x72, 0xa6, 0x5a, 0xa6, 0x99,
  0x37, 0x6c, 0x2d, 0x2b, 0x69, 0x3c, 0x73, 0xa6, 0x58, 0x68, 0xbc, 0x80,
  0x6b, 0xa2, 0x5a, 0xfd, 0xf5, 0x6e, 0x3e, 0x40, 0x05, 0x07, 0x12, 0x2d,
  0x19, 0x34, 0x48, 0x24, 0x01, 0x62, 0x41, 0x70, 0x45, 0x35, 0x2b, 0x2e,
  0x32, 0x60, 0x56, 0x40, 0x65, 0x3a, 0x0d, 0x09, 0xae, 0x12, 0x21, 0x0e,
  0x36, 0x2e, 0x35, 0x5c, 0x3a, 0x5f, 0x8b, 0x4c, 0x5e, 0xab, 0x74, 0x9e,
  0xaf, 0x18, 0x12, 0x30, 0x12, 0x15, 0x5a, 0xa9, 0x75, 0x82, 0xc1, 0x69,
  0x57, 0x9f, 0xaf, 0x89, 0x56, 0x51, 0x8a, 0x05, 0x07, 0x30, 0x52, 0x00,
  0x00, 0x02, 0x00, 0x00, 0x00, 0x00, 0x02, 0x60, 0x02, 0xcd, 0x00, 0x07,
  0x00, 0x10, 0x00, 0x2c, 0x40, 0x29, 0x0b, 0x01, 0x04, 0x02, 0x01, 0x4c,
  0x00, 0x04, 0x00, 0x00, 0x01, 0x04, 0x00, 0x68, 0x00, 0x02, 0x02, 0x6a,
  0x4d, 0x05, 0x03, 0x02, 0x01, 0x01, 0x6b, 0x01, 0x4e, 0x00, 0x00, 0x10,
  0x0f, 0x00, 0x07, 0x00, 0x07, 0x11, 0x11, 0x11, 0x06, 0x0d, 0x19, 0x2b,
  0x21, 0x27, 0x21, 0x07, 0x23, 0x01, 0x33, 0x01, 0x01, 0x26, 0x26, 0x27,
  0x06, 0x06, 0x07, 0x03, 0x21, 0x02, 0x23, 0x5f, 0xfe, 0xd8, 0x60, 0x3c,
  0x01, 0x19, 0x35, 0x01, 0x12, 0xfe, 0xf3, 0x06, 0x14, 0x07, 0x08, 0x12,
  0x06, 0x63, 0x01, 0x03, 0xf6, 0xf6, 0x02, 0xcd, 0xfd, 0x33, 0x02, 0x2c,
  0x0e, 0x3c, 0x17, 0x1b, 0x34, 0x13, 0xff, 0x00, 0x00, 0x03, 0x00, 0x64,
  0x00, 0x00, 0x02, 0x41, 0x02, 0xca, 0x00, 0x10, 0x00, 0x19, 0x00, 0x22,
  0x00, 0x44, 0x40, 0x41, 0x06, 0x01, 0x05, 0x02, 0x01, 0x4c, 0x07, 0x01,
  0x02, 0x08, 0x01, 0x05, 0x04, 0x02, 0x05, 0x67, 0x00, 0x03, 0x03, 0x00,
  0x5f, 0x06, 0x01, 0x00, 0x00, 0x6a, 0x4d, 0x00, 0x04, 0x04, 0x01, 0x5f,
  0x00, 0x01, 0x01, 0x6b, 0x01, 0x4e, 0x1a, 0x1a, 0x12, 0x11, 0x01, 0x00,
  0x1a, 0x22, 0x1a, 0x21, 0x1d, 0x1b, 0x18, 0x16, 0x11, 0x19, 0x12, 0x19,
  0x0f, 0x0d, 0x00, 0x10, 0x01, 0x10, 0x09, 0x0d, 0x16, 0x2b, 0x01, 0x32,
  0x16, 0x15, 0x14, 0x06, 0x07, 0x15, 0x16, 0x16, 0x15, 0x14, 0x06, 0x06,
  0x23, 0x23, 0x11, 0x13, 0x32, 0x36, 0x35, 0x34, 0x26, 0x23, 0x23, 0x11,
  0x15, 0x11, 0x33, 0x32, 0x36, 0x35, 0x34, 0x26, 0x23, 0x01, 0x2a, 0x84,
  0x7e, 0x47, 0x44, 0x4e, 0x52, 0x40, 0x71, 0x4a, 0xe2, 0xd3, 0x63, 0x56,
  0x5e, 0x68, 0x8c, 0xa3, 0x62, 0x60, 0x64, 0x67, 0x02, 0xca, 0x53, 0x5b,
  0x3e, 0x58, 0x0c, 0x03, 0x0d, 0x54, 0x4b, 0x45, 0x5a, 0x2c, 0x02, 0xca,
  0xfe, 0xc5, 0x44, 0x43, 0x45, 0x3c, 0xfe, 0xf8, 0x32, 0xfe, 0xd6, 0x4f,
  0x4c, 0x4a, 0x45, 0x00, 0x00, 0x01, 0x00, 0x3e, 0xff, 0xf6, 0x02, 0x50,
  0x02, 0xd4, 0x00, 0x1b, 0x00, 0x37, 0x40, 0x34, 0x19, 0x01, 0x00, 0x03,
  0x1a, 0x0b, 0x02, 0x01, 0x00, 0x0c, 0x01, 0x02, 0x01, 0x03, 0x4c, 0x04,
  0x01, 0x00, 0x00, 0x03, 0x61, 0x00, 0x03, 0x03, 0x70, 0x4d, 0x00, 0x01,
  0x01, 0x02, 0x61, 0x00, 0x02, 0x02, 0x71, 0x02, 0x4e, 0x01, 0x00, 0x18,
  0x16, 0x10, 0x0e, 0x09, 0x07, 0x00, 0x1b, 0x01, 0x1b, 0x05, 0x0d, 0x16,
  0x2b, 0x01, 0x22, 0x06, 0x06, 0x15, 0x14, 0x16, 0x16, 0x33, 0x32, 0x36,
  0x37, 0x15, 0x06, 0x06, 0x23, 0x22, 0x26, 0x26, 0x35, 0x34, 0x36, 0x36,
  0x33, 0x32, 0x17, 0x07, 0x26, 0x01, 0x94, 0x58, 0x7e, 0x43, 0x3c, 0x79,
  0x5a, 0x34, 0x57, 0x27, 0x25, 0x58, 0x3b, 0x6c, 0x91, 0x49, 0x51, 0x99,
  0x6d, 0x68, 0x53, 0x17, 0x4d, 0x02, 0xa0, 0x4f, 0x8d, 0x5d, 0x60, 0x8f,
  0x4e, 0x10, 0x0d, 0x33, 0x0e, 0x10, 0x5c, 0xa6, 0x6f, 0x6a, 0xa5, 0x5e,
  0x27, 0x33, 0x26, 0x00, 0x00, 0x02, 0x00, 0x64, 0x00, 0x00, 0x02, 0x89,
  0x02, 0xca, 0x00, 0x08, 0x00, 0x0f, 0x00, 0x1f, 0x40, 0x1c, 0x00, 0x02,
  0x02, 0x01, 0x5f, 0x00, 0x01, 0x01, 0x6a, 0x4d, 0x00, 0x03, 0x03, 0x00,
  0x5f, 0x00, 0x00, 0x00, 0x6b, 0x00, 0x4e, 0x21, 0x23, 0x21, 0x22, 0x04,
  0x0d, 0x1a, 0x2b, 0x01, 0x14, 0x06, 0x23, 0x23, 0x11, 0x33, 0x32, 0x16,
  0x07, 0x10, 0x21, 0x23, 0x11, 0x33, 0x20, 0x02, 0x89, 0xbf, 0xb5, 0xb1,
  0xc7, 0xa9, 0xb5, 0x3d, 0xfe, 0xd3, 0x81, 0x72, 0x01, 0x3c, 0x01, 0x6c,
  0xb4, 0xb8, 0x02, 0xca, 0xb3, 0xad, 0x01, 0x2d, 0xfd, 0x9c, 0x00, 0x01,
  0x00, 0x64, 0x00, 0x00, 0x01, 0xec, 0x02, 0xca, 0x00, 0x0b, 0x00, 0x29,
  0x40, 0x26, 0x00, 0x03, 0x00, 0x04, 0x05, 0x03, 0x04, 0x67, 0x00, 0x02,
  0x02, 0x01, 0x5f, 0x00, 0x01, 0x01, 0x6a, 0x4d, 0x00, 0x05, 0x05, 0x00,
  0x5f, 0x00, 0x00, 0x00, 0x6b, 0x00, 0x4e, 0x11, 0x11, 0x11, 0x11, 0x11,
  0x10, 0x06, 0x0d, 0x1c, 0x2b, 0x21, 0x21, 0x11, 0x21, 0x15, 0x21, 0x11,
  0x21, 0x15, 0x21, 0x11, 0x21, 0x01, 0xec, 0xfe, 0x78, 0x01, 0x88, 0xfe,
  0xb2, 0x01, 0x3b, 0xfe, 0xc5, 0x01, 0x4e, 0x02, 0xca, 0x34, 0xfe, 0xfb,
  0x34, 0xfe, 0xd7, 0x00, 0x00, 0x01, 0x00, 0x64, 0x00, 0x00, 0x01, 0xed,
  0x02, 0xca, 0x00, 0x09, 0x00, 0x23, 0x40, 0x20, 0x00, 0x03, 0x00, 0x04,
  0x00, 0x03, 0x04, 0x67, 0x00, 0x02, 0x02, 0x01, 0x5f, 0x00, 0x01, 0x01,
  0x6a, 0x4d, 0x00, 0x00, 0x00, 0x6b, 0x00, 0x4e, 0x11, 0x11, 0x11, 0x11,
  0x10, 0x05, 0x0d, 0x1b, 0x2b, 0x33, 0x23, 0x11, 0x21, 0x15, 0x21, 0x11,
  0x21, 0x15, 0x21, 0x9e, 0x3a, 0x01, 0x89, 0xfe, 0xb1, 0x01, 0x3c, 0xfe,
  0xc4, 0x02, 0xca, 0x34, 0xfe, 0xda, 0x34, 0x00, 0x00, 0x01, 0x00, 0x3e,
  0xff, 0xf6, 0x02, 0x87, 0x02, 0xd5, 0x00, 0x1d, 0x00, 0x3b, 0x40, 0x38,
  0x0d, 0x01, 0x03, 0x02, 0x0e, 0x01, 0x00, 0x03, 0x1b, 0x01, 0x04, 0x05,
  0x02, 0x01, 0x01, 0x04, 0x04, 0x4c, 0x00, 0x00, 0x00, 0x05, 0x04, 0x00,
  0x05, 0x67, 0x00, 0x03, 0x03, 0x02, 0x61, 0x00, 0x02, 0x02, 0x70, 0x4d,
  0x00, 0x04, 0x04, 0x01, 0x61, 0x00, 0x01, 0x01, 0x71, 0x01, 0x4e, 0x13,
  0x25, 0x24, 0x25, 0x22, 0x10, 0x06, 0x0d, 0x1c, 0x2b, 0x01, 0x21, 0x11,
  0x06, 0x23, 0x22, 0x26, 0x35, 0x34, 0x36, 0x36, 0x33, 0x32, 0x17, 0x07,
  0x26, 0x26, 0x23, 0x22, 0x06, 0x06, 0x15, 0x14, 0x16, 0x33, 0x32, 0x36,
  0x37, 0x35, 0x23, 0x01, 0x83, 0x01, 0x04, 0x69, 0x84, 0xaa, 0xb2, 0x57,
  0xa4, 0x73, 0x74, 0x5e, 0x17, 0x2d, 0x60, 0x31, 0x5f, 0x87, 0x48, 0x98,
  0x93, 0x34, 0x52, 0x21, 0xca, 0x01, 0x6c, 0xfe, 0xb4, 0x2a, 0xc2, 0xac,
  0x6d, 0xa6, 0x5e, 0x2b, 0x33, 0x14, 0x16, 0x50, 0x8e, 0x5e, 0x9b, 0xa0,
  0x0e, 0x0c, 0xf3, 0x00, 0x00, 0x01, 0x00, 0x64, 0x00, 0x00, 0x02, 0x6f,
  0x02, 0xca, 0x00, 0x0b, 0x00, 0x21, 0x40, 0x1e, 0x00, 0x04, 0x00, 0x01,
  0x00, 0x04, 0x01, 0x67, 0x05, 0x01, 0x03, 0x03, 0x6a, 0x4d, 0x02, 0x01,
  0x00, 0x00, 0x6b, 0x00, 0x4e, 0x11, 0x11, 0x11, 0x11, 0x11, 0x10, 0x06,
  0x0d, 0x1c, 0x2b, 0x21, 0x23, 0x11, 0x21, 0x11, 0x23, 0x11, 0x33, 0x11,
  0x21, 0x11, 0x33, 0x02, 0x6f, 0x3a, 0xfe, 0x69, 0x3a, 0x3a, 0x01, 0x97,
  0x3a, 0x01, 0x5c, 0xfe, 0xa4, 0x02, 0xca, 0xfe, 0xc6, 0x01, 0x3a, 0x00,
  0x00, 0x01, 0x00, 0x33, 0x00, 0x00, 0x01, 0x05, 0x02, 0xca, 0x00, 0x0b,
  0x00, 0x20, 0x40, 0x1d, 0x0b, 0x0a, 0x09, 0x08, 0x05, 0x04, 0x03, 0x02,
  0x08, 0x00, 0x01, 0x01, 0x4c, 0x00, 0x01, 0x01, 0x6a, 0x4d, 0x00, 0x00,
  0x00, 0x6b, 0x00, 0x4e, 0x15, 0x10, 0x02, 0x0d, 0x18, 0x2b, 0x21, 0x23,
  0x35, 0x37, 0x11, 0x27, 0x35, 0x33, 0x15, 0x07, 0x11, 0x17, 0x01, 0x05,
  0xd2, 0x4c, 0x4c, 0xd2, 0x4c, 0x4c, 0x24, 0x0b, 0x02, 0x6b, 0x0c, 0x24,
  0x24, 0x0c, 0xfd, 0x95, 0x0b, 0x00, 0x00, 0x01, 0xff, 0xa8, 0xff, 0x4a,
  0x00, 0x9d, 0x02, 0xca, 0x00, 0x0e, 0x00, 0x28, 0x40, 0x25, 0x04, 0x01,
  0x01, 0x02, 0x03, 0x01, 0x00, 0x01, 0x02, 0x4c, 0x00, 0x01, 0x03, 0x01,
  0x00, 0x01, 0x00, 0x65, 0x00, 0x02, 0x02, 0x6a, 0x02, 0x4e, 0x01, 0x00,
  0x0b, 0x0a, 0x08, 0x06, 0x00, 0x0e, 0x01, 0x0e, 0x04, 0x0d, 0x16, 0x2b,
  0x07, 0x22, 0x26, 0x27, 0x35, 0x16, 0x16, 0x33, 0x32, 0x35, 0x11, 0x33,
  0x11, 0x14, 0x06, 0x0b, 0x1a, 0x26, 0x0d, 0x0f, 0x27, 0x16, 0x6f, 0x3a,
  0x54, 0xb6, 0x07, 0x06, 0x34, 0x06, 0x06, 0x86, 0x02, 0xc5, 0xfd, 0x3d,
  0x59, 0x64, 0x00, 0x01, 0x00, 0x64, 0x00, 0x00, 0x02, 0x4d, 0x02, 0xca,
  0x00, 0x0e, 0x00, 0x20, 0x40, 0x1d, 0x0e, 0x08, 0x03, 0x02, 0x04, 0x00,
  0x02, 0x01, 0x4c, 0x03, 0x01, 0x02, 0x02, 0x6a, 0x4d, 0x01, 0x01, 0x00,
  0x00, 0x6b, 0x00, 0x4e, 0x15, 0x11, 0x13, 0x10, 0x04, 0x0d, 0x1a, 0x2b,
  0x21, 0x23, 0x01, 0x07, 0x11, 0x23, 0x11, 0x33, 0x11, 0x36, 0x36, 0x37,
  0x01, 0x33, 0x01, 0x02, 0x4d, 0x46, 0xfe, 0xf0, 0x59, 0x3a, 0x3a, 0x15,
  0x2b, 0x17, 0x01, 0x08, 0x47, 0xfe, 0xde, 0x01, 0x72, 0x55, 0xfe, 0xe3,
  0x02, 0xca, 0xfe, 0x8d, 0x17, 0x2f, 0x18, 0x01, 0x15, 0xfe, 0xd0, 0x00,
  0x00, 0x01, 0x00, 0x64, 0x00, 0x00, 0x01, 0xed, 0x02, 0xca, 0x00, 0x05,
  0x00, 0x1f, 0x40, 0x1c, 0x00, 0x00, 0x00, 0x6a, 0x4d, 0x00, 0x01, 0x01,
  0x02, 0x5f, 0x03, 0x01, 0x02, 0x02, 0x6b, 0x02, 0x4e, 0x00, 0x00, 0x00,
  0x05, 0x00, 0x05, 0x11, 0x11, 0x04, 0x0d, 0x18, 0x2b, 0x33, 0x11, 0x33,
  0x11, 0x21, 0x15, 0x64, 0x3a, 0x01, 0x4f, 0x02, 0xca, 0xfd, 0x6b, 0x35,
  0x00, 0x01, 0x00, 0x64, 0x00, 0x00, 0x03, 0x04, 0x02, 0xca, 0x00, 0x15,
  0x00, 0x27, 0x40, 0x24, 0x13, 0x0a, 0x01, 0x03, 0x00, 0x01, 0x01, 0x4c,
  0x02, 0x01, 0x01, 0x01, 0x6a, 0x4d, 0x05, 0x04, 0x03, 0x03, 0x00, 0x00,
  0x6b, 0x00, 0x4e, 0x00, 0x00, 0x00, 0x15, 0x00, 0x15, 0x11, 0x13, 0x11,
  0x16, 0x06, 0x0d, 0x1a, 0x2b, 0x21, 0x01, 0x23, 0x16, 0x16, 0x15, 0x11,
  0x23, 0x11, 0x33, 0x13, 0x33, 0x13, 0x33, 0x11, 0x23, 0x11, 0x34, 0x36,
  0x37, 0x23, 0x01, 0x01, 0x9a, 0xff, 0x00, 0x03, 0x01, 0x03, 0x37, 0x58,
  0xf6, 0x03, 0xf9, 0x56, 0x3a, 0x03, 0x01, 0x03, 0xfe, 0xfe, 0x02, 0x8d,
  0x1c, 0x47, 0x27, 0xfd, 0xfd, 0x02, 0xca, 0xfd, 0x8f, 0x02, 0x71, 0xfd,
  0x36, 0x02, 0x09, 0x21, 0x45, 0x1d, 0xfd, 0x74, 0x00, 0x01, 0x00, 0x64,
  0x00, 0x00, 0x02, 0x75, 0x02, 0xca, 0x00, 0x11, 0x00, 0x1e, 0x40, 0x1b,
  0x0b, 0x02, 0x02, 0x00, 0x02, 0x01, 0x4c, 0x03, 0x01, 0x02, 0x02, 0x6a,
  0x4d, 0x01, 0x01, 0x00, 0x00, 0x6b, 0x00, 0x4e, 0x16, 0x11, 0x16, 0x10,
  0x04, 0x0d, 0x1a, 0x2b, 0x21, 0x23, 0x01, 0x23, 0x16, 0x16, 0x15, 0x11,
  0x23, 0x11, 0x33, 0x01, 0x33, 0x26, 0x26, 0x35, 0x11, 0x33, 0x02, 0x75,
  0x3e, 0xfe, 0x62, 0x03, 0x02, 0x03, 0x37, 0x3e, 0x01, 0x9d, 0x03, 0x02,
  0x02, 0x37, 0x02, 0x70, 0x27, 0x57, 0x2f, 0xfe, 0x3d, 0x02, 0xca, 0xfd,
  0x92, 0x1f, 0x60, 0x2a, 0x01, 0xc5, 0x00, 0x02, 0x00, 0x3e, 0xff, 0xf6,
  0x02, 0xc1, 0x02, 0xd5, 0x00, 0x0f, 0x00, 0x1e, 0x00, 0x1f, 0x40, 0x1c,
  0x00, 0x03, 0x03, 0x01, 0x61, 0x00, 0x01, 0x01, 0x70, 0x4d, 0x00, 0x02,
  0x02, 0x00, 0x61, 0x00, 0x00, 0x00, 0x71, 0x00, 0x4e, 0x25, 0x26, 0x26,
  0x23, 0x04, 0x0d, 0x1a, 0x2b, 0x01, 0x14, 0x06, 0x06, 0x23, 0x22, 0x26,
  0x26, 0x35, 0x34, 0x36, 0x36, 0x33, 0x32, 0x16, 0x16, 0x05, 0x14, 0x16,
  0x16, 0x33, 0x32, 0x36, 0x36, 0x35, 0x34, 0x26, 0x23, 0x22, 0x06, 0x06,
  0x02, 0xc1, 0x48, 0x8f, 0x6a, 0x6c, 0x8f, 0x47, 0x49, 0x91, 0x6b, 0x67,
  0x8e, 0x49, 0xfd, 0xba, 0x38, 0x74, 0x59, 0x5a, 0x73, 0x37, 0x81, 0x80,
  0x59, 0x76, 0x39, 0x01, 0x66, 0x6d, 0xa6, 0x5d, 0x5d, 0xa7, 0x6d, 0x6d,
  0xa4, 0x5d, 0x59, 0xa4, 0x71, 0x5f, 0x8f, 0x4f, 0x4e, 0x8f, 0x5f, 0x95,
  0xa6, 0x4f, 0x8d, 0x00, 0x00, 0x02, 0x00, 0x64, 0x00, 0x00, 0x02, 0x17,
  0x02, 0xca, 0x00, 0x09, 0x00, 0x12, 0x00, 0x32, 0x40, 0x2f, 0x00, 0x04,
  0x00, 0x01, 0x02, 0x04, 0x01, 0x67, 0x06, 0x01, 0x03, 0x03, 0x00, 0x5f,
  0x05, 0x01, 0x00, 0x00, 0x6a, 0x4d, 0x00, 0x02, 0x02, 0x6b, 0x02, 0x4e,
  0x0b, 0x0a, 0x01, 0x00, 0x0e, 0x0c, 0x0a, 0x12, 0x0b, 0x12, 0x08, 0x07,
  0x06, 0x04, 0x00, 0x09, 0x01, 0x09, 0x07, 0x0d, 0x16, 0x2b, 0x01, 0x20,
  0x15, 0x14, 0x06, 0x23, 0x23, 0x11, 0x23, 0x11, 0x17, 0x23, 0x11, 0x33,
  0x32, 0x36, 0x35, 0x34, 0x26, 0x01, 0x16, 0x01, 0x01, 0x85, 0x8b, 0x69,
  0x3a, 0xac, 0x72, 0x63, 0x67, 0x73, 0x63, 0x02, 0xca, 0xca, 0x67, 0x75,
  0xfe, 0xdc, 0x02, 0xca, 0x33, 0xfe, 0xc0, 0x48, 0x5e, 0x50, 0x4a, 0x00,
  0x00, 0x02, 0x00, 0x3e, 0xff, 0x56, 0x02, 0xc1, 0x02, 0xd5, 0x00, 0x15,
  0x00, 0x24, 0x00, 0x2b, 0x40, 0x28, 0x04, 0x01, 0x01, 0x03, 0x01, 0x4c,
  0x00, 0x00, 0x01, 0x00, 0x86, 0x00, 0x04, 0x04, 0x02, 0x61, 0x00, 0x02,
  0x02, 0x70, 0x4d, 0x00, 0x03, 0x03, 0x01, 0x61, 0x00, 0x01, 0x01, 0x71,
  0x01, 0x4e, 0x25, 0x26, 0x26, 0x32, 0x15, 0x05, 0x0d, 0x1b, 0x2b, 0x01,
  0x14, 0x06, 0x06, 0x07, 0x17, 0x23, 0x27, 0x06, 0x06, 0x23, 0x22, 0x26,
  0x26, 0x35, 0x34, 0x36, 0x36, 0x33, 0x32, 0x16, 0x16, 0x05, 0x14, 0x16,
  0x16, 0x33, 0x32, 0x36, 0x36, 0x35, 0x34, 0x26, 0x23, 0x22, 0x06, 0x06,
  0x02, 0xc1, 0x33, 0x65, 0x4b, 0x9c, 0x52, 0x89, 0x08, 0x10, 0x07, 0x6c,
  0x8f, 0x47, 0x49, 0x91, 0x6b, 0x67, 0x8e, 0x49, 0xfd, 0xba, 0x38, 0x74,
  0x59, 0x5a, 0x73, 0x37, 0x81, 0x80, 0x59, 0x76, 0x39, 0x01, 0x66, 0x5b,
  0x94, 0x63, 0x12, 0xac, 0xa2, 0x01, 0x01, 0x5d, 0xa7, 0x6d, 0x6d, 0xa4,
  0x5d, 0x59, 0xa4, 0x71, 0x5f, 0x8f, 0x4f, 0x4e, 0x8f, 0x5f, 0x95, 0xa6,
  0x4f, 0x8d, 0x00, 0x02, 0x00, 0x64, 0x00, 0x00, 0x02, 0x43, 0x02, 0xca,
  0x00, 0x0d, 0x00, 0x16, 0x00, 0x3b, 0x40, 0x38, 0x06, 0x01, 0x02, 0x05,
  0x01, 0x4c, 0x00, 0x05, 0x00, 0x02, 0x01, 0x05, 0x02, 0x67, 0x07, 0x01,
  0x04, 0x04, 0x00, 0x5f, 0x06, 0x01, 0x00, 0x00, 0x6a, 0x4d, 0x03, 0x01,
  0x01, 0x01, 0x6b, 0x01, 0x4e, 0x0f, 0x0e, 0x01, 0x00, 0x12, 0x10, 0x0e,
  0x16, 0x0f, 0x16, 0x0c, 0x0b, 0x0a, 0x09, 0x08, 0x07, 0x00, 0x0d, 0x01,
  0x0d, 0x08, 0x0d, 0x16, 0x2b, 0x01, 0x32, 0x16, 0x15, 0x14, 0x06, 0x07,
  0x13, 0x23, 0x03, 0x23, 0x11, 0x23, 0x11, 0x17, 0x23, 0x11, 0x33, 0x32,
  0x36, 0x35, 0x34, 0x26, 0x01, 0x16, 0x80, 0x81, 0x57, 0x41, 0xc4, 0x45,
  0xb6, 0xaa, 0x3a, 0xad, 0x73, 0x87, 0x57, 0x5f, 0x64, 0x02, 0xca, 0x59,
  0x6b, 0x52, 0x5d, 0x13, 0xfe, 0xbc, 0x01, 0x34, 0xfe, 0xcc, 0x02, 0xca,
  0x33, 0xfe, 0xcf, 0x51, 0x4d, 0x52, 0x41, 0x00, 0x00, 0x01, 0x00, 0x36,
  0xff, 0xf6, 0x01, 0xf0, 0x02, 0xd4, 0x00, 0x2a, 0x00, 0x2e, 0x40, 0x2b,
  0x1d, 0x01, 0x03, 0x02, 0x1e, 0x08, 0x02, 0x01, 0x03, 0x07, 0x01, 0x00,
  0x01, 0x03, 0x4c, 0x00, 0x03, 0x03, 0x02, 0x61, 0x00, 0x02, 0x02, 0x70,
  0x4d, 0x00, 0x01, 0x01, 0x00, 0x61, 0x00, 0x00, 0x00, 0x71, 0x00, 0x4e,
  0x24, 0x2d, 0x25, 0x23, 0x04, 0x0d, 0x1a, 0x2b, 0x25, 0x14, 0x06, 0x06,
  0x23, 0x22, 0x26, 0x27, 0x35, 0x16, 0x16, 0x33, 0x32, 0x36, 0x35, 0x34,
  0x26, 0x26, 0x27, 0x2e, 0x02, 0x35, 0x34, 0x36, 0x36, 0x33, 0x32, 0x16,
  0x17, 0x07, 0x26, 0x23, 0x22, 0x06, 0x15, 0x14, 0x16, 0x16, 0x17, 0x1e,
  0x02, 0x01, 0xf0, 0x40, 0x70, 0x47, 0x41, 0x60, 0x22, 0x25, 0x66, 0x3b,
  0x52, 0x67, 0x27, 0x51, 0x3f, 0x3c, 0x56, 0x2e, 0x3b, 0x67, 0x42, 0x34,
  0x5e, 0x2a, 0x13, 0x56, 0x55, 0x4a, 0x5d, 0x28, 0x4c, 0x37, 0x3f, 0x5b,
  0x32, 0xba, 0x40, 0x58, 0x2c, 0x12, 0x0e, 0x39, 0x0f, 0x16, 0x46, 0x46,
  0x2a, 0x37, 0x29, 0x15, 0x14, 0x32, 0x4b, 0x39, 0x3a, 0x51, 0x2a, 0x14,
  0x12, 0x32, 0x24, 0x41, 0x3f, 0x2e, 0x37, 0x26, 0x13, 0x16, 0x30, 0x49,
  0x00, 0x01, 0x00, 0x06, 0x00, 0x00, 0x02, 0x0c, 0x02, 0xca, 0x00, 0x07,
  0x00, 0x1b, 0x40, 0x18, 0x03, 0x01, 0x01, 0x01, 0x02, 0x5f, 0x00, 0x02,
  0x02, 0x6a, 0x4d, 0x00, 0x00, 0x00, 0x6b, 0x00, 0x4e, 0x11, 0x11, 0x11,
  0x10, 0x04, 0x0d, 0x1a, 0x2b, 0x21, 0x23, 0x11, 0x23, 0x35, 0x21, 0x15,
  0x23, 0x01, 0x26, 0x3a, 0xe6, 0x02, 0x06, 0xe6, 0x02, 0x96, 0x34, 0x34,
  0x00, 0x01, 0x00, 0x5d, 0xff, 0xf6, 0x02, 0x75, 0x02, 0xca, 0x00, 0x11,
  0x00, 0x1b, 0x40, 0x18, 0x03, 0x01, 0x01, 0x01, 0x6a, 0x4d, 0x00, 0x02,
  0x02, 0x00, 0x61, 0x00, 0x00, 0x00, 0x71, 0x00, 0x4e, 0x13, 0x23, 0x13,
  0x22, 0x04, 0x0d, 0x1a, 0x2b, 0x25, 0x14, 0x06, 0x23, 0x22, 0x26, 0x35,
  0x11, 0x33, 0x11, 0x14, 0x16, 0x33, 0x32, 0x36, 0x35, 0x11, 0x33, 0x02,
  0x75, 0x8d, 0x81, 0x81, 0x89, 0x3a, 0x6c, 0x67, 0x65, 0x6d, 0x39, 0xfc,
  0x7a, 0x8c, 0x8c, 0x7c, 0x01, 0xcc, 0xfe, 0x34, 0x68, 0x6c, 0x6d, 0x61,
  0x01, 0xd2, 0x00, 0x01, 0x00, 0x00, 0x00, 0x00, 0x02, 0x46, 0x02, 0xca,
  0x00, 0x0a, 0x00, 0x21, 0x40, 0x1e, 0x07, 0x01, 0x00, 0x01, 0x01, 0x4c,
  0x03, 0x02, 0x02, 0x01, 0x01, 0x6a, 0x4d, 0x00, 0x00, 0x00, 0x6b, 0x00,
  0x4e, 0x00, 0x00, 0x00, 0x0a, 0x00, 0x0a, 0x11, 0x11, 0x04, 0x0d, 0x18,
  0x2b, 0x01, 0x01, 0x23, 0x01, 0x33, 0x13, 0x16, 0x17, 0x36, 0x37, 0x13,
  0x02, 0x46, 0xfe, 0xfa, 0x3a, 0xfe, 0xfa, 0x3d, 0xbd, 0x1a, 0x0f, 0x0d,
  0x1d, 0xbb, 0x02, 0xca, 0xfd, 0x36, 0x02, 0xca, 0xfd, 0xfe, 0x4a, 0x39,
  0x36, 0x4e, 0x02, 0x01, 0x00, 0x01, 0x00, 0x17, 0x00, 0x00, 0x03, 0x6e,
  0x02, 0xca, 0x00, 0x1e, 0x00, 0x27, 0x40, 0x24, 0x1a, 0x11, 0x06, 0x03,
  0x00, 0x02, 0x01, 0x4c, 0x05, 0x04, 0x03, 0x03, 0x02, 0x02, 0x6a, 0x4d,
  0x01, 0x01, 0x00, 0x00, 0x6b, 0x00, 0x4e, 0x00, 0x00, 0x00, 0x1e, 0x00,
  0x1e, 0x18, 0x11, 0x18, 0x11, 0x06, 0x0d, 0x1a, 0x2b, 0x01, 0x03, 0x23,
  0x03, 0x26, 0x26, 0x27, 0x06, 0x06, 0x07, 0x03, 0x23, 0x03, 0x33, 0x13,
  0x16, 0x16, 0x17, 0x36, 0x36, 0x37, 0x13, 0x33, 0x13, 0x16, 0x16, 0x17,
  0x36, 0x36, 0x37, 0x13, 0x03, 0x6e, 0xc2, 0x39, 0x96, 0x0b, 0x10, 0x04,
  0x03, 0x0d, 0x09, 0x95, 0x39, 0xc0, 0x3c, 0x82, 0x0a, 0x11, 0x06, 0x06,
  0x10, 0x0c, 0x8a, 0x3b, 0x8e, 0x0c, 0x11, 0x06, 0x05, 0x0f, 0x0c, 0x84,
  0x02, 0xca, 0xfd, 0x36, 0x02, 0x0d, 0x24, 0x3d, 0x14, 0x13, 0x39, 0x1f,
  0xfd, 0xe9, 0x02, 0xca, 0xfe, 0x16, 0x2a, 0x45, 0x21, 0x22, 0x48, 0x29,
  0x01, 0xe7, 0xfe, 0x16, 0x2b, 0x47, 0x20, 0x21, 0x45, 0x2c, 0x01, 0xea,
  0x00, 0x01, 0x00, 0x01, 0x00, 0x00, 0x02, 0x23, 0x02, 0xca, 0x00, 0x0b,
  0x00, 0x20, 0x40, 0x1d, 0x0b, 0x08, 0x05, 0x02, 0x04, 0x00, 0x02, 0x01,
  0x4c, 0x03, 0x01, 0x02, 0x02, 0x6a, 0x4d, 0x01, 0x01, 0x00, 0x00, 0x6b,
  0x00, 0x4e, 0x12, 0x12, 0x12, 0x10, 0x04, 0x0d, 0x1a, 0x2b, 0x21, 0x23,
  0x03, 0x03, 0x23, 0x13, 0x03, 0x33, 0x13, 0x13, 0x33, 0x03, 0x02, 0x23,
  0x42, 0xcf, 0xd2, 0x3f, 0xef, 0xdb, 0x41, 0xbe, 0xbf, 0x3f, 0xdd, 0x01,
  0x4a, 0xfe, 0xb6, 0x01, 0x73, 0x01, 0x57, 0xfe, 0xd2, 0x01, 0x2e, 0xfe,
  0xaa, 0x00, 0x00, 0x01, 0x00, 0x00, 0x00, 0x00, 0x02, 0x18, 0x02, 0xca,
  0x00, 0x08, 0x00, 0x1c, 0x40, 0x19, 0x06, 0x03, 0x02, 0x01, 0x00, 0x01,
  0x4c, 0x02, 0x01, 0x00, 0x00, 0x6a, 0x4d, 0x00, 0x01, 0x01, 0x6b, 0x01,
  0x4e, 0x12, 0x12, 0x11, 0x03, 0x0d, 0x19, 0x2b, 0x01, 0x13, 0x33, 0x03,
  0x11, 0x23, 0x11, 0x03, 0x33, 0x01, 0x0c, 0xcc, 0x40, 0xee, 0x3a, 0xf0,
  0x40, 0x01, 0x4c, 0x01, 0x7e, 0xfe, 0x4a, 0xfe, 0xec, 0x01, 0x10, 0x01,
  0xba, 0x00, 0x00, 0x01, 0x00, 0x25, 0x00, 0x00, 0x02, 0x18, 0x02, 0xca,
  0x00, 0x09, 0x00, 0x29, 0x40, 0x26, 0x07, 0x01, 0x01, 0x02, 0x02, 0x01,
  0x00, 0x03, 0x02, 0x4c, 0x00, 0x01, 0x01, 0x02, 0x5f, 0x00, 0x02, 0x02,
  0x6a, 0x4d, 0x00, 0x03, 0x03, 0x00, 0x5f, 0x00, 0x00, 0x00, 0x6b, 0x00,
  0x4e, 0x12, 0x11, 0x12, 0x10, 0x04, 0x0d, 0x1a, 0x2b, 0x21, 0x21, 0x35,
  0x01, 0x21, 0x35, 0x21, 0x15, 0x01, 0x21, 0x02, 0x18, 0xfe, 0x0d, 0x01,
  0x9f, 0xfe, 0x75, 0x01, 0xd4, 0xfe, 0x61, 0x01, 0xaa, 0x2b, 0x02, 0x6b,
  0x34, 0x2b, 0xfd, 0x96, 0x00, 0x01, 0x00, 0x54, 0xff, 0x62, 0x01, 0x28,
  0x02, 0xca, 0x00, 0x07, 0x00, 0x1c, 0x40, 0x19, 0x00, 0x03, 0x00, 0x00,
  0x03, 0x00, 0x63, 0x00, 0x02, 0x02, 0x01, 0x5f, 0x00, 0x01, 0x01, 0x6a,
  0x02, 0x4e, 0x11, 0x11, 0x11, 0x10, 0x04, 0x0d, 0x1a, 0x2b, 0x05, 0x23,
  0x11, 0x33, 0x15, 0x23, 0x11, 0x33, 0x01, 0x28, 0xd4, 0xd4, 0x9c, 0x9c,
  0x9e, 0x03, 0x68, 0x30, 0xfc, 0xf9, 0x00, 0x01, 0x00, 0x0c, 0x00, 0x00,
  0x01, 0x50, 0x02, 0xca, 0x00, 0x03, 0x00, 0x19, 0x40, 0x16, 0x02, 0x01,
  0x01, 0x01, 0x6a, 0x4d, 0x00, 0x00, 0x00, 0x6b, 0x00, 0x4e, 0x00, 0x00,
  0x00, 0x03, 0x00, 0x03, 0x11, 0x03, 0x0d, 0x17, 0x2b, 0x13, 0x01, 0x23,
  0x01, 0x45, 0x01, 0x0b, 0x39, 0xfe, 0xf5, 0x02, 0xca, 0xfd, 0x36, 0x02,
  0xca, 0x00, 0x00, 0x01, 0x00, 0x19, 0xff, 0x62, 0x00, 0xed, 0x02, 0xca,
  0x00, 0x07, 0x00, 0x1c, 0x40, 0x19, 0x00, 0x00, 0x00, 0x03, 0x00, 0x03,
  0x63, 0x00, 0x01, 0x01, 0x02, 0x5f, 0x00, 0x02, 0x02, 0x6a, 0x01, 0x4e,
  0x11, 0x11, 0x11, 0x10, 0x04, 0x0d, 0x1a, 0x2b, 0x17, 0x33, 0x11, 0x23,
  0x35, 0x33, 0x11, 0x23, 0x19, 0x9d, 0x9d, 0xd4, 0xd4, 0x6d, 0x03, 0x07,
  0x30, 0xfc, 0x98, 0x00, 0x00, 0x01, 0x00, 0x2a, 0x01, 0x11, 0x02, 0x11,
  0x02, 0xcf, 0x00, 0x06, 0x00, 0x27, 0xb1, 0x06, 0x64, 0x44, 0x40, 0x1c,
  0x05, 0x01, 0x01, 0x00, 0x01, 0x4c, 0x00, 0x00, 0x01, 0x00, 0x85, 0x03,
  0x02, 0x02, 0x01, 0x01, 0x76, 0x00, 0x00, 0x00, 0x06, 0x00, 0x06, 0x11,
  0x11, 0x04, 0x0d, 0x18, 0x2b, 0xb1, 0x06, 0x00, 0x44, 0x13, 0x13, 0x33,
  0x13, 0x23, 0x03, 0x03, 0x2a, 0xe0, 0x25, 0xe2, 0x35, 0xc0, 0xbc, 0x01,
  0x11, 0x01, 0xbe, 0xfe, 0x42, 0x01, 0x7f, 0xfe, 0x81, 0x00, 0x00, 0x01,
  0xff, 0xfe, 0xff, 0x79, 0x01, 0xa4, 0xff, 0xa6, 0x00, 0x03, 0x00, 0x20,
  0xb1, 0x06, 0x64, 0x44, 0x40, 0x15, 0x00, 0x01, 0x00, 0x00, 0x01, 0x57,
  0x00, 0x01, 0x01, 0x00, 0x5f, 0x00, 0x00, 0x01, 0x00, 0x4f, 0x11, 0x10,
  0x02, 0x0d, 0x18, 0x2b, 0xb1, 0x06, 0x00, 0x44, 0x05, 0x21, 0x35, 0x21,
  0x01, 0xa4, 0xfe, 0x5a, 0x01, 0xa6, 0x87, 0x2d, 0x00, 0x01, 0x00, 0x28,
  0x02, 0x5e, 0x00, 0xe1, 0x02, 0xfe, 0x00, 0x0b, 0x00, 0x18, 0xb1, 0x06,
  0x64, 0x44, 0x40, 0x0d, 0x0a, 0x04, 0x02, 0x00, 0x4a, 0x00, 0x00, 0x00,
  0x76, 0x15, 0x01, 0x0d, 0x17, 0x2b, 0xb1, 0x06, 0x00, 0x44, 0x13, 0x1e,
  0x02, 0x17, 0x15, 0x23, 0x2e, 0x02, 0x27, 0x35, 0x6c, 0x0c, 0x29, 0x2d,
  0x13, 0x28, 0x19, 0x38, 0x31, 0x0f, 0x02, 0xfe, 0x16, 0x38, 0x36, 0x13,
  0x09, 0x14, 0x37, 0x38, 0x15, 0x08, 0x00, 0x02, 0x00, 0x2f, 0xff, 0xf6,
  0x01, 0xc6, 0x02, 0x1d, 0x00, 0x1b, 0x00, 0x26, 0x00, 0x4e, 0x40, 0x4b,
  0x19, 0x01, 0x04, 0x00, 0x18, 0x01, 0x03, 0x04, 0x06, 0x01, 0x06, 0x05,
  0x03, 0x4c, 0x00, 0x03, 0x08, 0x01, 0x05, 0x06, 0x03, 0x05, 0x67, 0x00,
  0x04, 0x04, 0x00, 0x61, 0x07, 0x01, 0x00, 0x00, 0x73, 0x4d, 0x00, 0x01,
  0x01, 0x6b, 0x4d, 0x00, 0x06, 0x06, 0x02, 0x61, 0x00, 0x02, 0x02, 0x71,
  0x02, 0x4e, 0x1d, 0x1c, 0x01, 0x00, 0x23, 0x21, 0x1c, 0x26, 0x1d, 0x26,
  0x16, 0x14, 0x11, 0x0f, 0x0b, 0x09, 0x05, 0x04, 0x00, 0x1b, 0x01, 0x1b,
  0x09, 0x0d, 0x16, 0x2b, 0x01, 0x32, 0x16, 0x15, 0x11, 0x23, 0x27, 0x23,
  0x06, 0x06, 0x23, 0x22, 0x26, 0x35, 0x34, 0x36, 0x37, 0x37, 0x35, 0x34,
  0x26, 0x23, 0x22, 0x06, 0x07, 0x27, 0x36, 0x36, 0x13, 0x06, 0x06, 0x15,
  0x14, 0x16, 0x33, 0x32, 0x36, 0x37, 0x35, 0x01, 0x14, 0x5a, 0x58, 0x2b,
  0x0a, 0x03, 0x1d, 0x53, 0x4a, 0x4d, 0x58, 0x82, 0x7c, 0x61, 0x3f, 0x3d,
  0x29, 0x4c, 0x26, 0x12, 0x26, 0x59, 0x50, 0x66, 0x63, 0x3d, 0x36, 0x53,
  0x5c, 0x01, 0x02, 0x1d, 0x58, 0x5f, 0xfe, 0x9a, 0x5a, 0x2d, 0x37, 0x4d,
  0x48, 0x50, 0x53, 0x05, 0x05, 0x25, 0x4e, 0x42, 0x16, 0x12, 0x2e, 0x12,
  0x18, 0xfe, 0xec, 0x05, 0x3d, 0x3c, 0x32, 0x33, 0x5f, 0x54, 0x34, 0x00,
  0x00, 0x02, 0x00, 0x57, 0xff, 0xf6, 0x02, 0x1e, 0x02, 0xf8, 0x00, 0x15,
  0x00, 0x21, 0x00, 0x65, 0xb6, 0x10, 0x03, 0x02, 0x05, 0x04, 0x01, 0x4c,
  0x4b, 0xb0, 0x1f, 0x50, 0x58, 0x40, 0x20, 0x00, 0x03, 0x03, 0x6c, 0x4d,
  0x06, 0x01, 0x04, 0x04, 0x00, 0x61, 0x00, 0x00, 0x00, 0x73, 0x4d, 0x00,
  0x02, 0x02, 0x6b, 0x4d, 0x00, 0x05, 0x05, 0x01, 0x61, 0x00, 0x01, 0x01,
  0x71, 0x01, 0x4e, 0x1b, 0x40, 0x20, 0x00, 0x03, 0x00, 0x03, 0x85, 0x06,
  0x01, 0x04, 0x04, 0x00, 0x61, 0x00, 0x00, 0x00, 0x73, 0x4d, 0x00, 0x02,
  0x02, 0x6b, 0x4d, 0x00, 0x05, 0x05, 0x01, 0x61, 0x00, 0x01, 0x01, 0x71,
  0x01, 0x4e, 0x59, 0x40, 0x0f, 0x17, 0x16, 0x1e, 0x1c, 0x16, 0x21, 0x17,
  0x21, 0x11, 0x14, 0x24, 0x26, 0x07, 0x0d, 0x1a, 0x2b, 0x13, 0x14, 0x06,
  0x07, 0x33, 0x36, 0x36, 0x33, 0x32, 0x16, 0x15, 0x14, 0x06, 0x23, 0x22,
  0x26, 0x27, 0x23, 0x07, 0x23, 0x11, 0x33, 0x13, 0x22, 0x06, 0x15, 0x15,
  0x14, 0x16, 0x33, 0x32, 0x36, 0x35, 0x34, 0x90, 0x02, 0x01, 0x03, 0x14,
  0x5c, 0x45, 0x66, 0x73, 0x73, 0x6e, 0x43, 0x55, 0x14, 0x04, 0x0b, 0x2b,
  0x39, 0xae, 0x5d, 0x51, 0x4d, 0x5a, 0x55, 0x57, 0x02, 0x26, 0x1d, 0x41,
  0x14, 0x2d, 0x3d, 0x8b, 0x88, 0x7e, 0x97, 0x37, 0x29, 0x56, 0x02, 0xf8,
  0xfe, 0xf5, 0x74, 0x6e, 0x07, 0x6c, 0x71, 0x77, 0x6e, 0xe1, 0x00, 0x01,
  0x00, 0x39, 0xff, 0xf6, 0x01, 0xbd, 0x02, 0x1e, 0x00, 0x1a, 0x00, 0x37,
  0x40, 0x34, 0x0a, 0x01, 0x02, 0x01, 0x17, 0x0b, 0x02, 0x03, 0x02, 0x18,
  0x01, 0x00, 0x03, 0x03, 0x4c, 0x00, 0x02, 0x02, 0x01, 0x61, 0x00, 0x01,
  0x01, 0x73, 0x4d, 0x00, 0x03, 0x03, 0x00, 0x61, 0x04, 0x01, 0x00, 0x00,
  0x71, 0x00, 0x4e, 0x01, 0x00, 0x15, 0x13, 0x0f, 0x0d, 0x08, 0x06, 0x00,
  0x1a, 0x01, 0x1a, 0x05, 0x0d, 0x16, 0x2b, 0x05, 0x22, 0x26, 0x35, 0x34,
  0x36, 0x36, 0x33, 0x32, 0x16, 0x17, 0x07, 0x26, 0x26, 0x23, 0x22, 0x06,
  0x15, 0x14, 0x16, 0x33, 0x32, 0x36, 0x37, 0x15, 0x06, 0x06, 0x01, 0x2d,
  0x75, 0x7f, 0x40, 0x73, 0x4d, 0x26, 0x44, 0x1a, 0x10, 0x1b, 0x3e, 0x1c,
  0x5f, 0x65, 0x5a, 0x5f, 0x27, 0x46, 0x1c, 0x1a, 0x43, 0x0a, 0x90, 0x81,
  0x5a, 0x7c, 0x41, 0x0e, 0x0c, 0x31, 0x0b, 0x0d, 0x7a, 0x69, 0x64, 0x7b,
  0x10, 0x0c, 0x33, 0x0d, 0x0f, 0x00, 0x00, 0x02, 0x00, 0x39, 0xff, 0xf6,
  0x02, 0x00, 0x02, 0xf8, 0x00, 0x15, 0x00, 0x22, 0x00, 0x6f, 0xb6, 0x12,
  0x09, 0x02, 0x04, 0x05, 0x01, 0x4c, 0x4b, 0xb0, 0x1f, 0x50, 0x58, 0x40,
  0x21, 0x00, 0x02, 0x02, 0x6c, 0x4d, 0x00, 0x05, 0x05, 0x01, 0x61, 0x00,
  0x01, 0x01, 0x73, 0x4d, 0x00, 0x03, 0x03, 0x6b, 0x4d, 0x07, 0x01, 0x04,
  0x04, 0x00, 0x61, 0x06, 0x01, 0x00, 0x00, 0x71, 0x00, 0x4e, 0x1b, 0x40,
  0x21, 0x00, 0x02, 0x01, 0x02, 0x85, 0x00, 0x05, 0x05, 0x01, 0x61, 0x00,
  0x01, 0x01, 0x73, 0x4d, 0x00, 0x03, 0x03, 0x6b, 0x4d, 0x07, 0x01, 0x04,
  0x04, 0x00, 0x61, 0x06, 0x01, 0x00, 0x00, 0x71, 0x00, 0x4e, 0x59, 0x40,
  0x17, 0x17, 0x16, 0x01, 0x00, 0x1e, 0x1c, 0x16, 0x22, 0x17, 0x22, 0x11,
  0x10, 0x0f, 0x0e, 0x07, 0x05, 0x00, 0x15, 0x01, 0x15, 0x08, 0x0d, 0x16,
  0x2b, 0x05, 0x22, 0x26, 0x35, 0x34, 0x36, 0x33, 0x32, 0x16, 0x17, 0x33,
  0x26, 0x26, 0x35, 0x35, 0x33, 0x11, 0x23, 0x27, 0x23, 0x06, 0x06, 0x27,
  0x32, 0x36, 0x35, 0x35, 0x34, 0x26, 0x23, 0x22, 0x06, 0x15, 0x14, 0x16,
  0x01, 0x17, 0x6b, 0x73, 0x78, 0x6b, 0x43, 0x53, 0x15, 0x04, 0x01, 0x03,
  0x39, 0x2e, 0x08, 0x03, 0x15, 0x54, 0x40, 0x5c, 0x4e, 0x4d, 0x59, 0x56,
  0x58, 0x54, 0x0a, 0x89, 0x86, 0x89, 0x90, 0x3b, 0x2a, 0x17, 0x39, 0x18,
  0xd7, 0xfd, 0x08, 0x5d, 0x2b, 0x3c, 0x31, 0x70, 0x6a, 0x09, 0x6e, 0x75,
  0x79, 0x70, 0x6c, 0x71, 0x00, 0x02, 0x00, 0x39, 0xff, 0xf6, 0x01, 0xf0,
  0x02, 0x1e, 0x00, 0x16, 0x00, 0x1d, 0x00, 0x43, 0x40, 0x40, 0x0c, 0x01,
  0x02, 0x01, 0x0d, 0x01, 0x03, 0x02, 0x02, 0x4c, 0x00, 0x05, 0x00, 0x01,
  0x02, 0x05, 0x01, 0x67, 0x07, 0x01, 0x04, 0x04, 0x00, 0x61, 0x06, 0x01,
  0x00, 0x00, 0x73, 0x4d, 0x00, 0x02, 0x02, 0x03, 0x61, 0x00, 0x03, 0x03,
  0x71, 0x03, 0x4e, 0x18, 0x17, 0x01, 0x00, 0x1b, 0x1a, 0x17, 0x1d, 0x18,
  0x1d, 0x11, 0x0f, 0x0a, 0x08, 0x06, 0x05, 0x00, 0x16, 0x01, 0x16, 0x08,
  0x0d, 0x16, 0x2b, 0x01, 0x32, 0x16, 0x16, 0x15, 0x15, 0x21, 0x14, 0x16,
  0x33, 0x32, 0x36, 0x37, 0x15, 0x06, 0x06, 0x23, 0x22, 0x26, 0x35, 0x34,
  0x36, 0x36, 0x17, 0x22, 0x06, 0x07, 0x21, 0x34, 0x26, 0x01, 0x22, 0x44,
  0x5b, 0x2f, 0xfe, 0x84, 0x63, 0x5c, 0x31, 0x4a, 0x2c, 0x28, 0x4e, 0x33,
  0x78, 0x80, 0x37, 0x68, 0x49, 0x49, 0x5b, 0x07, 0x01, 0x3f, 0x49, 0x02,
  0x1e, 0x3f, 0x6e, 0x47, 0x27, 0x6a, 0x71, 0x11, 0x13, 0x34, 0x12, 0x10,
  0x92, 0x7e, 0x51, 0x7e, 0x49, 0x30, 0x62, 0x5a, 0x54, 0x68, 0x00, 0x01,
  0x00, 0x0d, 0x00, 0x00, 0x01, 0x6b, 0x02, 0xfd, 0x00, 0x16, 0x00, 0x5c,
  0x40, 0x0f, 0x0d, 0x01, 0x04, 0x03, 0x0e, 0x07, 0x02, 0x05, 0x04, 0x06,
  0x01, 0x00, 0x05, 0x03, 0x4c, 0x4b, 0xb0, 0x17, 0x50, 0x58, 0x40, 0x1b,
  0x00, 0x04, 0x04, 0x03, 0x61, 0x00, 0x03, 0x03, 0x6c, 0x4d, 0x02, 0x01,
  0x00, 0x00, 0x05, 0x5f, 0x00, 0x05, 0x05, 0x6d, 0x4d, 0x00, 0x01, 0x01,
  0x6b, 0x01, 0x4e, 0x1b, 0x40, 0x19, 0x00, 0x03, 0x00, 0x04, 0x05, 0x03,
  0x04, 0x69, 0x02, 0x01, 0x00, 0x00, 0x05, 0x5f, 0x00, 0x05, 0x05, 0x6d,
  0x4d, 0x00, 0x01, 0x01, 0x6b, 0x01, 0x4e, 0x59, 0x40, 0x09, 0x13, 0x25,
  0x24, 0x11, 0x11, 0x10, 0x06, 0x0d, 0x1c, 0x2b, 0x01, 0x23, 0x11, 0x23,
  0x11, 0x23, 0x35, 0x37, 0x35, 0x34, 0x33, 0x32, 0x16, 0x17, 0x07, 0x26,
  0x26, 0x23, 0x22, 0x06, 0x15, 0x15, 0x33, 0x01, 0x27, 0x7f, 0x39, 0x62,
  0x62, 0x9f, 0x1c, 0x2e, 0x13, 0x0d, 0x12, 0x29, 0x14, 0x36, 0x31, 0x7f,
  0x01, 0xe6, 0xfe, 0x1a, 0x01, 0xe6, 0x1f, 0x11, 0x35, 0xb2, 0x09, 0x06,
  0x2f, 0x06, 0x08, 0x3e, 0x44, 0x37, 0x00, 0x02, 0x00, 0x39, 0xff, 0x10,
  0x01, 0xff, 0x02, 0x1e, 0x00, 0x20, 0x00, 0x2e, 0x00, 0x51, 0x40, 0x4e,
  0x18, 0x03, 0x02, 0x06, 0x05, 0x0e, 0x01, 0x03, 0x04, 0x0d, 0x01, 0x02,
  0x03, 0x03, 0x4c, 0x00, 0x01, 0x01, 0x6d, 0x4d, 0x08, 0x01, 0x05, 0x05,
  0x00, 0x61, 0x07, 0x01, 0x00, 0x00, 0x73, 0x4d, 0x00, 0x06, 0x06, 0x04,
  0x61, 0x00, 0x04, 0x04, 0x71, 0x4d, 0x00, 0x03, 0x03, 0x02, 0x61, 0x00,
  0x02, 0x02, 0x75, 0x02, 0x4e, 0x22, 0x21, 0x01, 0x00, 0x28, 0x26, 0x21,
  0x2e, 0x22, 0x2e, 0x1c, 0x1a, 0x12, 0x10, 0x0b, 0x09, 0x06, 0x05, 0x00,
  0x20, 0x01, 0x20, 0x09, 0x0d, 0x16, 0x2b, 0x01, 0x32, 0x16, 0x17, 0x33,
  0x37, 0x33, 0x11, 0x14, 0x06, 0x23, 0x22, 0x26, 0x27, 0x35, 0x16, 0x16,
  0x33, 0x32, 0x36, 0x35, 0x35, 0x34, 0x36, 0x37, 0x23, 0x06, 0x23, 0x22,
  0x26, 0x35, 0x34, 0x36, 0x17, 0x22, 0x06, 0x15, 0x14, 0x16, 0x33, 0x32,
  0x36, 0x36, 0x35, 0x35, 0x34, 0x26, 0x01, 0x1b, 0x3e, 0x53, 0x19, 0x04,
  0x08, 0x2e, 0x6c, 0x79, 0x3c, 0x5d, 0x25, 0x25, 0x62, 0x39, 0x57, 0x54,
  0x01, 0x01, 0x03, 0x2e, 0x84, 0x67, 0x74, 0x74, 0x74, 0x57, 0x56, 0x56,
  0x51, 0x42, 0x4b, 0x1f, 0x4b, 0x02, 0x1e, 0x31, 0x2a, 0x51, 0xfd, 0xdb,
  0x69, 0x76, 0x13, 0x11, 0x37, 0x13, 0x17, 0x5c, 0x4f, 0x1f, 0x15, 0x2b,
  0x13, 0x68, 0x8c, 0x84, 0x81, 0x97, 0x31, 0x7a, 0x6e, 0x6c, 0x72, 0x35,
  0x5e, 0x3c, 0x23, 0x65, 0x6f, 0x00, 0x00, 0x01, 0x00, 0x58, 0x00, 0x00,
  0x02, 0x01, 0x02, 0xf8, 0x00, 0x16, 0x00, 0x48, 0xb5, 0x03, 0x01, 0x01,
  0x02, 0x01, 0x4c, 0x4b, 0xb0, 0x1f, 0x50, 0x58, 0x40, 0x16, 0x00, 0x04,
  0x04, 0x6c, 0x4d, 0x00, 0x02, 0x02, 0x00, 0x61, 0x00, 0x00, 0x00, 0x73,
  0x4d, 0x03, 0x01, 0x01, 0x01, 0x6b, 0x01, 0x4e, 0x1b, 0x40, 0x16, 0x00,
  0x04, 0x00, 0x04, 0x85, 0x00, 0x02, 0x02, 0x00, 0x61, 0x00, 0x00, 0x00,
  0x73, 0x4d, 0x03, 0x01, 0x01, 0x01, 0x6b, 0x01, 0x4e, 0x59, 0xb7, 0x11,
  0x12, 0x23, 0x13, 0x26, 0x05, 0x0d, 0x1b, 0x2b, 0x13, 0x14, 0x06, 0x07,
  0x33, 0x36, 0x36, 0x33, 0x32, 0x16, 0x15, 0x11, 0x23, 0x11, 0x34, 0x26,
  0x23, 0x22, 0x15, 0x11, 0x23, 0x11, 0x33, 0x91, 0x02, 0x02, 0x04, 0x15,
  0x5b, 0x44, 0x5c, 0x60, 0x38, 0x46, 0x43, 0xaf, 0x39, 0x39, 0x02, 0x05,
  0x15, 0x26, 0x12, 0x2c, 0x3a, 0x5e, 0x64, 0xfe, 0xa4, 0x01, 0x58, 0x4c,
  0x49, 0xcb, 0xfe, 0xde, 0x02, 0xf8, 0x00, 0x02, 0x00, 0x4e, 0x00, 0x00,
  0x00, 0x9c, 0x02, 0xd9, 0x00, 0x07, 0x00, 0x0b, 0x00, 0x2d, 0x40, 0x2a,
  0x00, 0x01, 0x01, 0x00, 0x61, 0x04, 0x01, 0x00, 0x00, 0x70, 0x4d, 0x05,
  0x01, 0x03, 0x03, 0x6d, 0x4d, 0x00, 0x02, 0x02, 0x6b, 0x02, 0x4e, 0x08,
  0x08, 0x01, 0x00, 0x08, 0x0b, 0x08, 0x0b, 0x0a, 0x09, 0x05, 0x03, 0x00,
  0x07, 0x01, 0x07, 0x06, 0x0d, 0x16, 0x2b, 0x13, 0x32, 0x15, 0x14, 0x23,
  0x22, 0x35, 0x34, 0x17, 0x11, 0x23, 0x11, 0x75, 0x27, 0x27, 0x27, 0x43,
  0x39, 0x02, 0xd9, 0x2b, 0x2c, 0x2c, 0x2b, 0xc5, 0xfd, 0xec, 0x02, 0x14,
  0x00, 0x02, 0xff, 0xcc, 0xff, 0x10, 0x00, 0x9c, 0x02, 0xd9, 0x00, 0x07,
  0x00, 0x16, 0x00, 0x37, 0x40, 0x34, 0x0c, 0x01, 0x03, 0x04, 0x0b, 0x01,
  0x02, 0x03, 0x02, 0x4c, 0x00, 0x01, 0x01, 0x00, 0x61, 0x00, 0x00, 0x00,
  0x70, 0x4d, 0x00, 0x04, 0x04, 0x6d, 0x4d, 0x00, 0x03, 0x03, 0x02, 0x61,
  0x05, 0x01, 0x02, 0x02, 0x75, 0x02, 0x4e, 0x09, 0x08, 0x13, 0x12, 0x0f,
  0x0d, 0x08, 0x16, 0x09, 0x16, 0x22, 0x21, 0x06, 0x0d, 0x18, 0x2b, 0x13,
  0x34, 0x33, 0x32, 0x15, 0x14, 0x23, 0x22, 0x03, 0x22, 0x26, 0x27, 0x35,
  0x16, 0x33, 0x32, 0x36, 0x35, 0x11, 0x33, 0x11, 0x14, 0x06, 0x4e, 0x27,
  0x27, 0x27, 0x27, 0x3d, 0x17, 0x22, 0x0c, 0x1c, 0x23, 0x24, 0x29, 0x39,
  0x44, 0x02, 0xae, 0x2b, 0x2b, 0x2c, 0xfc, 0x8e, 0x06, 0x05, 0x31, 0x0b,
  0x2c, 0x30, 0x02, 0x77, 0xfd, 0x88, 0x44, 0x48, 0x00, 0x01, 0x00, 0x58,
  0x00, 0x00, 0x01, 0xec, 0x02, 0xf8, 0x00, 0x12, 0x00, 0x41, 0x40, 0x09,
  0x0e, 0x0d, 0x0a, 0x03, 0x04, 0x01, 0x00, 0x01, 0x4c, 0x4b, 0xb0, 0x1f,
  0x50, 0x58, 0x40, 0x11, 0x00, 0x03, 0x03, 0x6c, 0x4d, 0x00, 0x00, 0x00,
  0x6d, 0x4d, 0x02, 0x01, 0x01, 0x01, 0x6b, 0x01, 0x4e, 0x1b, 0x40, 0x11,
  0x00, 0x03, 0x00, 0x03, 0x85, 0x00, 0x00, 0x00, 0x6d, 0x4d, 0x02, 0x01,
  0x01, 0x01, 0x6b, 0x01, 0x4e, 0x59, 0xb6, 0x11, 0x13, 0x12, 0x18, 0x04,
  0x0d, 0x1a, 0x2b, 0x13, 0x14, 0x06, 0x15, 0x33, 0x36, 0x36, 0x37, 0x37,
  0x33, 0x07, 0x13, 0x23, 0x03, 0x07, 0x15, 0x23, 0x11, 0x33, 0x90, 0x02,
  0x01, 0x0d, 0x21, 0x0f, 0xca, 0x45, 0xd3, 0xe4, 0x44, 0xc7, 0x51, 0x38,
  0x38, 0x01, 0x76, 0x20, 0x45, 0x21, 0x0f, 0x28, 0x11, 0xdc, 0xe4, 0xfe,
  0xd0, 0x01, 0x0b, 0x52, 0xb9, 0x02, 0xf8, 0x00, 0x00, 0x01, 0x00, 0x58,
  0x00, 0x00, 0x00, 0x91, 0x02, 0xf8, 0x00, 0x03, 0x00, 0x28, 0x4b, 0xb0,
  0x1f, 0x50, 0x58, 0x40, 0x0b, 0x00, 0x01, 0x01, 0x6c, 0x4d, 0x00, 0x00,
  0x00, 0x6b, 0x00, 0x4e, 0x1b, 0x40, 0x0b, 0x00, 0x01, 0x00, 0x01, 0x85,
  0x00, 0x00, 0x00, 0x6b, 0x00, 0x4e, 0x59, 0xb4, 0x11, 0x10, 0x02, 0x0d,
  0x18, 0x2b, 0x33, 0x23, 0x11, 0x33, 0x91, 0x39, 0x39, 0x02, 0xf8, 0x00,
  0x00, 0x01, 0x00, 0x58, 0x00, 0x00, 0x03, 0x2c, 0x02, 0x1e, 0x00, 0x24,
  0x00, 0x3b, 0x40, 0x38, 0x21, 0x1a, 0x02, 0x01, 0x02, 0x01, 0x4c, 0x00,
  0x06, 0x06, 0x6d, 0x4d, 0x04, 0x01, 0x02, 0x02, 0x00, 0x61, 0x07, 0x08,
  0x02, 0x00, 0x00, 0x73, 0x4d, 0x05, 0x03, 0x02, 0x01, 0x01, 0x6b, 0x01,
  0x4e, 0x01, 0x00, 0x1f, 0x1d, 0x19, 0x18, 0x17, 0x16, 0x13, 0x11, 0x0e,
  0x0d, 0x0a, 0x08, 0x05, 0x04, 0x00, 0x24, 0x01, 0x24, 0x09, 0x0d, 0x16,
  0x2b, 0x01, 0x32, 0x16, 0x15, 0x11, 0x23, 0x11, 0x34, 0x26, 0x23, 0x22,
  0x06, 0x15, 0x11, 0x23, 0x11, 0x34, 0x26, 0x23, 0x22, 0x06, 0x15, 0x11,
  0x23, 0x11, 0x33, 0x17, 0x33, 0x36, 0x36, 0x33, 0x32, 0x16, 0x17, 0x33,
  0x36, 0x36, 0x02, 0x84, 0x4f, 0x59, 0x38, 0x41, 0x37, 0x4c, 0x52, 0x38,
  0x41, 0x37, 0x4c, 0x51, 0x39, 0x2e, 0x08, 0x04, 0x14, 0x51, 0x3f, 0x3a,
  0x50, 0x11, 0x03, 0x17, 0x5b, 0x02, 0x1e, 0x5a, 0x61, 0xfe, 0x9d, 0x01,
  0x61, 0x47, 0x45, 0x59, 0x5d, 0xfe, 0xc9, 0x01, 0x61, 0x47, 0x45, 0x5e,
  0x61, 0xfe, 0xd2, 0x02, 0x14, 0x54, 0x27, 0x37, 0x32, 0x31, 0x2f, 0x34,
  0x00, 0x01, 0x00, 0x58, 0x00, 0x00, 0x02, 0x01, 0x02, 0x1e, 0x00, 0x13,
  0x00, 0x31, 0x40, 0x2e, 0x10, 0x01, 0x01, 0x02, 0x01, 0x4c, 0x00, 0x04,
  0x04, 0x6d, 0x4d, 0x00, 0x02, 0x02, 0x00, 0x61, 0x05, 0x01, 0x00, 0x00,
  0x73, 0x4d, 0x03, 0x01, 0x01, 0x01, 0x6b, 0x01, 0x4e, 0x01, 0x00, 0x0f,
  0x0e, 0x0d, 0x0c, 0x0a, 0x08, 0x05, 0x04, 0x00, 0x13, 0x01, 0x13, 0x06,
  0x0d, 0x16, 0x2b, 0x01, 0x32, 0x16, 0x15, 0x11, 0x23, 0x11, 0x34, 0x26,
  0x23, 0x22, 0x15, 0x11, 0x23, 0x11, 0x33, 0x17, 0x33, 0x36, 0x36, 0x01,
  0x46, 0x5b, 0x60, 0x38, 0x46, 0x43, 0xaf, 0x39, 0x2e, 0x08, 0x04, 0x15,
  0x5c, 0x02, 0x1e, 0x5e, 0x64, 0xfe, 0xa4, 0x01, 0x58, 0x4c, 0x49, 0xcb,
  0xfe, 0xde, 0x02, 0x14, 0x5c, 0x2c, 0x3a, 0x00, 0x00, 0x02, 0x00, 0x39,
  0xff, 0xf6, 0x02, 0x15, 0x02, 0x1e, 0x00, 0x0e, 0x00, 0x1b, 0x00, 0x1f,
  0x40, 0x1c, 0x00, 0x03, 0x03, 0x01, 0x61, 0x00, 0x01, 0x01, 0x73, 0x4d,
  0x00, 0x02, 0x02, 0x00, 0x61, 0x00, 0x00, 0x00, 0x71, 0x00, 0x4e, 0x25,
  0x25, 0x25, 0x23, 0x04, 0x0d, 0x1a, 0x2b, 0x01, 0x14, 0x06, 0x06, 0x23,
  0x22, 0x26, 0x26, 0x35, 0x34, 0x36, 0x33, 0x32, 0x16, 0x16, 0x05, 0x14,
  0x16, 0x33, 0x32, 0x36, 0x35, 0x34, 0x26, 0x26, 0x23, 0x22, 0x06, 0x02,
  0x15, 0x37, 0x6b, 0x4d, 0x4a, 0x6a, 0x39, 0x80, 0x71, 0x4c, 0x69, 0x36,
  0xfe, 0x5f, 0x57, 0x5c, 0x5d, 0x56, 0x24, 0x4e, 0x3f, 0x5a, 0x5b, 0x01,
  0x0b, 0x54, 0x7c, 0x45, 0x44, 0x7d, 0x54, 0x81, 0x92, 0x45, 0x7c, 0x52,
  0x67, 0x7d, 0x7e, 0x66, 0x42, 0x66, 0x3a, 0x78, 0x00, 0x02, 0x00, 0x58,
  0xff, 0x14, 0x02, 0x1f, 0x02, 0x1e, 0x00, 0x15, 0x00, 0x22, 0x00, 0x42,
  0x40, 0x3f, 0x12, 0x09, 0x02, 0x05, 0x04, 0x01, 0x4c, 0x00, 0x03, 0x03,
  0x6d, 0x4d, 0x07, 0x01, 0x04, 0x04, 0x00, 0x61, 0x06, 0x01, 0x00, 0x00,
  0x73, 0x4d, 0x00, 0x05, 0x05, 0x01, 0x61, 0x00, 0x01, 0x01, 0x71, 0x4d,
  0x00, 0x02, 0x02, 0x6f, 0x02, 0x4e, 0x17, 0x16, 0x01, 0x00, 0x1e, 0x1c,
  0x16, 0x22, 0x17, 0x22, 0x11, 0x10, 0x0f, 0x0e, 0x07, 0x05, 0x00, 0x15,
  0x01, 0x15, 0x08, 0x0d, 0x16, 0x2b, 0x01, 0x32, 0x16, 0x15, 0x14, 0x06,
  0x23, 0x22, 0x26, 0x27, 0x23, 0x16, 0x16, 0x15, 0x15, 0x23, 0x11, 0x33,
  0x17, 0x33, 0x36, 0x36, 0x17, 0x22, 0x06, 0x07, 0x15, 0x14, 0x16, 0x33,
  0x32, 0x36, 0x35, 0x34, 0x26, 0x01, 0x47, 0x66, 0x72, 0x77, 0x67, 0x46,
  0x56, 0x14, 0x04, 0x02, 0x02, 0x39, 0x2f, 0x07, 0x03, 0x14, 0x58, 0x42,
  0x59, 0x54, 0x01, 0x53, 0x57, 0x52, 0x57, 0x53, 0x02, 0x1e, 0x8a, 0x87,
  0x87, 0x90, 0x3c, 0x2a, 0x19, 0x3b, 0x19, 0xdb, 0x03, 0x00, 0x63, 0x2b,
  0x42, 0x31, 0x70, 0x69, 0x0a, 0x72, 0x71, 0x7b, 0x6c, 0x6b, 0x74, 0x00,
  0x00, 0x02, 0x00, 0x38, 0xff, 0x14, 0x01, 0xff, 0x02, 0x1e, 0x00, 0x15,
  0x00, 0x22, 0x00, 0x39, 0x40, 0x36, 0x10, 0x03, 0x02, 0x04, 0x05, 0x01,
  0x4c, 0x00, 0x02, 0x02, 0x6d, 0x4d, 0x00, 0x05, 0x05, 0x01, 0x61, 0x00,
  0x01, 0x01, 0x73, 0x4d, 0x06, 0x01, 0x04, 0x04, 0x00, 0x61, 0x00, 0x00,
  0x00, 0x71, 0x4d, 0x00, 0x03, 0x03, 0x6f, 0x03, 0x4e, 0x17, 0x16, 0x1e,
  0x1c, 0x16, 0x22, 0x17, 0x22, 0x11, 0x14, 0x24, 0x26, 0x07, 0x0d, 0x1a,
  0x2b, 0x05, 0x34, 0x36, 0x37, 0x23, 0x06, 0x06, 0x23, 0x22, 0x26, 0x35,
  0x34, 0x36, 0x33, 0x32, 0x16, 0x17, 0x33, 0x37, 0x33, 0x11, 0x23, 0x03,
  0x32, 0x36, 0x37, 0x35, 0x34, 0x26, 0x23, 0x22, 0x06, 0x15, 0x14, 0x16,
  0x01, 0xc6, 0x01, 0x02, 0x04, 0x14, 0x5c, 0x46, 0x65, 0x72, 0x73, 0x6e,
  0x43, 0x54, 0x15, 0x03, 0x09, 0x2e, 0x39, 0xae, 0x5b, 0x52, 0x01, 0x4f,
  0x58, 0x56, 0x56, 0x51, 0x04, 0x15, 0x3b, 0x15, 0x2e, 0x3d, 0x8b, 0x88,
  0x7e, 0x97, 0x3a, 0x28, 0x58, 0xfd, 0x00, 0x01, 0x13, 0x70, 0x6a, 0x0e,
  0x6d, 0x71, 0x7a, 0x6b, 0x6e, 0x73, 0x00, 0x01, 0x00, 0x58, 0x00, 0x00,
  0x01, 0x7b, 0x02, 0x1d, 0x00, 0x10, 0x00, 0x99, 0x4b, 0xb0, 0x0f, 0x50,
  0x58, 0x40, 0x0b, 0x02, 0x01, 0x03, 0x00, 0x0d, 0x03, 0x02, 0x02, 0x01,
  0x02, 0x4c, 0x1b, 0x4b, 0xb0, 0x10, 0x50, 0x58, 0x40, 0x0b, 0x02, 0x01,
  0x01, 0x00, 0x0d, 0x03, 0x02, 0x02, 0x01, 0x02, 0x4c, 0x1b, 0x40, 0x0b,
  0x02, 0x01, 0x03, 0x00, 0x0d, 0x03, 0x02, 0x02, 0x01, 0x02, 0x4c, 0x59,
  0x59, 0x4b, 0xb0, 0x0f, 0x50, 0x58, 0x40, 0x16, 0x00, 0x03, 0x03, 0x6d,
  0x4d, 0x00, 0x01, 0x01, 0x00, 0x61, 0x04, 0x01, 0x00, 0x00, 0x73, 0x4d,
  0x00, 0x02, 0x02, 0x6b, 0x02, 0x4e, 0x1b, 0x4b, 0xb0, 0x10, 0x50, 0x58,
  0x40, 0x12, 0x00, 0x01, 0x01, 0x00, 0x61, 0x03, 0x04, 0x02, 0x00, 0x00,
  0x73, 0x4d, 0x00, 0x02, 0x02, 0x6b, 0x02, 0x4e, 0x1b, 0x40, 0x16, 0x00,
  0x03, 0x03, 0x6d, 0x4d, 0x00, 0x01, 0x01, 0x00, 0x61, 0x04, 0x01, 0x00,
  0x00, 0x73, 0x4d, 0x00, 0x02, 0x02, 0x6b, 0x02, 0x4e, 0x59, 0x59, 0x40,
  0x0f, 0x01, 0x00, 0x0c, 0x0b, 0x0a, 0x09, 0x06, 0x04, 0x00, 0x10, 0x01,
  0x10, 0x05, 0x0d, 0x16, 0x2b, 0x01, 0x32, 0x17, 0x07, 0x26, 0x23, 0x22,
  0x06, 0x15, 0x11, 0x23, 0x11, 0x33, 0x17, 0x33, 0x36, 0x36, 0x01, 0x33,
  0x27, 0x21, 0x09, 0x20, 0x22, 0x49, 0x56, 0x39, 0x30, 0x06, 0x03, 0x14,
  0x52, 0x02, 0x1d, 0x08, 0x35, 0x09, 0x6c, 0x59, 0xfe, 0xdc, 0x02, 0x14,
  0x63, 0x2d, 0x3f, 0x00, 0x00, 0x01, 0x00, 0x2e, 0xff, 0xf6, 0x01, 0xa7,
  0x02, 0x1e, 0x00, 0x28, 0x00, 0x2e, 0x40, 0x2b, 0x1a, 0x01, 0x03, 0x02,
  0x1b, 0x07, 0x02, 0x01, 0x03, 0x06, 0x01, 0x00, 0x01, 0x03, 0x4c, 0x00,
  0x03, 0x03, 0x02, 0x61, 0x00, 0x02, 0x02, 0x73, 0x4d, 0x00, 0x01, 0x01,
  0x00, 0x61, 0x00, 0x00, 0x00, 0x71, 0x00, 0x4e, 0x25, 0x2b, 0x25, 0x22,
  0x04, 0x0d, 0x1a, 0x2b, 0x25, 0x14, 0x06, 0x23, 0x22, 0x26, 0x27, 0x35,
  0x16, 0x16, 0x33, 0x32, 0x36, 0x35, 0x34, 0x26, 0x27, 0x2e, 0x02, 0x35,
  0x34, 0x36, 0x33, 0x32, 0x16, 0x17, 0x07, 0x26, 0x26, 0x23, 0x22, 0x06,
  0x15, 0x14, 0x16, 0x16, 0x17, 0x1e, 0x02, 0x01, 0xa7, 0x6c, 0x62, 0x38,
  0x56, 0x1d, 0x23, 0x5a, 0x2f, 0x4e, 0x47, 0x4a, 0x48, 0x32, 0x4b, 0x2a,
  0x68, 0x57, 0x30, 0x53, 0x23, 0x15, 0x1f, 0x4e, 0x27, 0x3f, 0x46, 0x22,
  0x40, 0x2e, 0x30, 0x4c, 0x2e, 0x8d, 0x48, 0x4f, 0x13, 0x0f, 0x37, 0x12,
  0x17, 0x35, 0x2e, 0x2c, 0x2f, 0x19, 0x11, 0x23, 0x36, 0x2f, 0x40, 0x48,
  0x12, 0x0f, 0x2f, 0x0d, 0x13, 0x2c, 0x2a, 0x20, 0x25, 0x1a, 0x10, 0x11,
  0x24, 0x38, 0x00, 0x01, 0x00, 0x0d, 0xff, 0xf6, 0x01, 0x3b, 0x02, 0x93,
  0x00, 0x16, 0x00, 0x40, 0x40, 0x3d, 0x0d, 0x01, 0x02, 0x04, 0x03, 0x01,
  0x00, 0x02, 0x04, 0x01, 0x01, 0x00, 0x03, 0x4c, 0x00, 0x03, 0x04, 0x03,
  0x85, 0x05, 0x01, 0x02, 0x02, 0x04, 0x5f, 0x00, 0x04, 0x04, 0x6d, 0x4d,
  0x06, 0x01, 0x00, 0x00, 0x01, 0x61, 0x00, 0x01, 0x01, 0x71, 0x01, 0x4e,
  0x01, 0x00, 0x14, 0x13, 0x12, 0x11, 0x10, 0x0f, 0x0c, 0x0b, 0x08, 0x06,
  0x00, 0x16, 0x01, 0x16, 0x07, 0x0d, 0x16, 0x2b, 0x37, 0x32, 0x36, 0x37,
  0x15, 0x06, 0x06, 0x23, 0x22, 0x26, 0x35, 0x11, 0x23, 0x35, 0x37, 0x37,
  0x33, 0x15, 0x33, 0x15, 0x23, 0x11, 0x14, 0xee, 0x16, 0x28, 0x0f, 0x0f,
  0x2c, 0x19, 0x43, 0x48, 0x4f, 0x4f, 0x14, 0x25, 0xa3, 0xa3, 0x27, 0x06,
  0x06, 0x2e, 0x06, 0x09, 0x4a, 0x54, 0x01, 0x52, 0x20, 0x13, 0x7a, 0x7f,
  0x2e, 0xfe, 0xb1, 0x70, 0x00, 0x01, 0x00, 0x51, 0xff, 0xf6, 0x01, 0xfb,
  0x02, 0x14, 0x00, 0x12, 0x00, 0x2d, 0x40, 0x2a, 0x03, 0x01, 0x03, 0x02,
  0x01, 0x4c, 0x05, 0x04, 0x02, 0x02, 0x02, 0x6d, 0x4d, 0x00, 0x00, 0x00,
  0x6b, 0x4d, 0x00, 0x03, 0x03, 0x01, 0x61, 0x00, 0x01, 0x01, 0x71, 0x01,
  0x4e, 0x00, 0x00, 0x00, 0x12, 0x00, 0x12, 0x23, 0x12, 0x24, 0x11, 0x06,
  0x0d, 0x1a, 0x2b, 0x01, 0x11, 0x23, 0x27, 0x23, 0x06, 0x06, 0x23, 0x22,
  0x35, 0x11, 0x33, 0x11, 0x14, 0x16, 0x33, 0x32, 0x35, 0x11, 0x01, 0xfb,
  0x2e, 0x09, 0x03, 0x16, 0x5b, 0x44, 0xbb, 0x39, 0x45, 0x44, 0xaf, 0x02,
  0x14, 0xfd, 0xec, 0x5b, 0x2c, 0x39, 0xc2, 0x01, 0x5c, 0xfe, 0xa9, 0x4d,
  0x49, 0xcb, 0x01, 0x22, 0x00, 0x01, 0x00, 0x00, 0x00, 0x00, 0x01, 0xd5,
  0x02, 0x14, 0x00, 0x0d, 0x00, 0x21, 0x40, 0x1e, 0x06, 0x01, 0x02, 0x00,
  0x01, 0x4c, 0x01, 0x01, 0x00, 0x00, 0x6d, 0x4d, 0x03, 0x01, 0x02, 0x02,
  0x6b, 0x02, 0x4e, 0x00, 0x00, 0x00, 0x0d, 0x00, 0x0d, 0x19, 0x11, 0x04,
  0x0d, 0x18, 0x2b, 0x33, 0x03, 0x33, 0x13, 0x16, 0x16, 0x17, 0x33, 0x36,
  0x36, 0x37, 0x13, 0x33, 0x03, 0xcc, 0xcc, 0x3d, 0x84, 0x0c, 0x15, 0x07,
  0x03, 0x07, 0x16, 0x0c, 0x84, 0x3c, 0xcc, 0x02, 0x14, 0xfe, 0x9f, 0x21,
  0x40, 0x19, 0x19, 0x41, 0x20, 0x01, 0x61, 0xfd, 0xec, 0x00, 0x00, 0x01,
  0x00, 0x0e, 0x00, 0x00, 0x02, 0xd2, 0x02, 0x14, 0x00, 0x21, 0x00, 0x21,
  0x40, 0x1e, 0x19, 0x0f, 0x03, 0x03, 0x00, 0x01, 0x01, 0x4c, 0x03, 0x02,
  0x02, 0x01, 0x01, 0x6d, 0x4d, 0x04, 0x01, 0x00, 0x00, 0x6b, 0x00, 0x4e,
  0x11, 0x19, 0x19, 0x11, 0x18, 0x05, 0x0d, 0x1b, 0x2b, 0x01, 0x26, 0x26,
  0x27, 0x23, 0x06, 0x06, 0x07, 0x03, 0x23, 0x03, 0x33, 0x13, 0x16, 0x16,
  0x17, 0x33, 0x36, 0x36, 0x37, 0x13, 0x33, 0x13, 0x16, 0x16, 0x17, 0x33,
  0x36, 0x36, 0x37, 0x13, 0x33, 0x03, 0x23, 0x01, 0x96, 0x0b, 0x10, 0x06,
  0x03, 0x06, 0x10, 0x0b, 0x70, 0x3d, 0x96, 0x3c, 0x59, 0x0c, 0x10, 0x05,
  0x03, 0x05, 0x11, 0x0d, 0x6e, 0x3a, 0x6a, 0x0b, 0x13, 0x05, 0x03, 0x03,
  0x10, 0x0c, 0x57, 0x3a, 0x91, 0x3e, 0x01, 0x5a, 0x21, 0x3c, 0x19, 0x19,
  0x3d, 0x21, 0xfe, 0xa7, 0x02, 0x14, 0xfe, 0xb8, 0x2d, 0x43, 0x1a, 0x18,
  0x42, 0x28, 0x01, 0x50, 0xfe, 0xb0, 0x24, 0x44, 0x19, 0x18, 0x44, 0x2d,
  0x01, 0x48, 0xfd, 0xec, 0x00, 0x01, 0x00, 0x16, 0x00, 0x00, 0x01, 0xe0,
  0x02, 0x14, 0x00, 0x0b, 0x00, 0x1f, 0x40, 0x1c, 0x09, 0x06, 0x03, 0x03,
  0x02, 0x00, 0x01, 0x4c, 0x01, 0x01, 0x00, 0x00, 0x6d, 0x4d, 0x03, 0x01,
  0x02, 0x02, 0x6b, 0x02, 0x4e, 0x12, 0x12, 0x12, 0x11, 0x04, 0x0d, 0x1a,
  0x2b, 0x13, 0x03, 0x33, 0x17, 0x37, 0x33, 0x03, 0x13, 0x23, 0x27, 0x07,
  0x23, 0xd8, 0xb9, 0x42, 0x9a, 0x99, 0x41, 0xb8, 0xc3, 0x42, 0xa3, 0xa4,
  0x41, 0x01, 0x11, 0x01, 0x03, 0xdc, 0xdc, 0xfe, 0xfd, 0xfe, 0xef, 0xea,
  0xea, 0x00, 0x00, 0x01, 0x00, 0x01, 0xff, 0x0f, 0x01, 0xd6, 0x02, 0x14,
  0x00, 0x19, 0x00, 0x27, 0x40, 0x24, 0x19, 0x12, 0x05, 0x03, 0x03, 0x00,
  0x11, 0x01, 0x02, 0x03, 0x02, 0x4c, 0x01, 0x01, 0x00, 0x00, 0x6d, 0x4d,
  0x00, 0x03, 0x03, 0x02, 0x61, 0x00, 0x02, 0x02, 0x75, 0x02, 0x4e, 0x25,
  0x23, 0x18, 0x10, 0x04, 0x0d, 0x1a, 0x2b, 0x13, 0x33, 0x13, 0x16, 0x16,
  0x17, 0x33, 0x36, 0x37, 0x13, 0x33, 0x03, 0x06, 0x06, 0x23, 0x22, 0x26,
  0x27, 0x35, 0x16, 0x16, 0x33, 0x32, 0x36, 0x37, 0x37, 0x01, 0x3c, 0x7f,
  0x10, 0x18, 0x07, 0x03, 0x0f, 0x20, 0x7c, 0x3d, 0xf0, 0x1b, 0x4a, 0x3f,
  0x13, 0x1f, 0x0d, 0x0c, 0x1c, 0x10, 0x2a, 0x35, 0x15, 0x22, 0x02, 0x14,
  0xfe, 0xb6, 0x2d, 0x45, 0x1b, 0x32, 0x59, 0x01, 0x4c, 0xfd, 0x8e, 0x47,
  0x4c, 0x04, 0x05, 0x30, 0x04, 0x05, 0x34, 0x36, 0x59, 0x00, 0x00, 0x01,
  0x00, 0x28, 0x00, 0x00, 0x01, 0xa6, 0x02, 0x14, 0x00, 0x09, 0x00, 0x29,
  0x40, 0x26, 0x07, 0x01, 0x01, 0x02, 0x02, 0x01, 0x00, 0x03, 0x02, 0x4c,
  0x00, 0x01, 0x01, 0x02, 0x5f, 0x00, 0x02, 0x02, 0x6d, 0x4d, 0x00, 0x03,
  0x03, 0x00, 0x5f, 0x00, 0x00, 0x00, 0x6b, 0x00, 0x4e, 0x12, 0x11, 0x12,
  0x10, 0x04, 0x0d, 0x1a, 0x2b, 0x21, 0x21, 0x35, 0x01, 0x21, 0x35, 0x21,
  0x15, 0x01, 0x21, 0x01, 0xa6, 0xfe, 0x82, 0x01, 0x38, 0xfe, 0xde, 0x01,
  0x66, 0xfe, 0xc9, 0x01, 0x39, 0x26, 0x01, 0xc0, 0x2e, 0x28, 0xfe, 0x43,
  0x00, 0x01, 0x00, 0x1b, 0xff, 0x62, 0x01, 0x44, 0x02, 0xca, 0x00, 0x1f,
  0x00, 0x2c, 0x40, 0x29, 0x17, 0x01, 0x01, 0x02, 0x01, 0x4c, 0x00, 0x02,
  0x00, 0x01, 0x05, 0x02, 0x01, 0x69, 0x00, 0x05, 0x00, 0x00, 0x05, 0x00,
  0x65, 0x00, 0x04, 0x04, 0x03, 0x61, 0x00, 0x03, 0x03, 0x6a, 0x04, 0x4e,
  0x1d, 0x11, 0x15, 0x11, 0x15, 0x10, 0x06, 0x0d, 0x1c, 0x2b, 0x05, 0x22,
  0x26, 0x35, 0x35, 0x34, 0x26, 0x23, 0x35, 0x32, 0x36, 0x35, 0x35, 0x34,
  0x36, 0x33, 0x15, 0x06, 0x06, 0x15, 0x15, 0x14, 0x06, 0x07, 0x15, 0x16,
  0x16, 0x15, 0x15, 0x14, 0x16, 0x33, 0x01, 0x44, 0x57, 0x5e, 0x38, 0x3c,
  0x3c, 0x38, 0x60, 0x55, 0x3d, 0x3f, 0x2c, 0x32, 0x32, 0x2c, 0x3e, 0x3e,
  0x9e, 0x4a, 0x49, 0x9f, 0x39, 0x31, 0x31, 0x30, 0x39, 0xa0, 0x48, 0x4a,
  0x30, 0x01, 0x32, 0x36, 0x9d, 0x33, 0x3f, 0x09, 0x04, 0x09, 0x40, 0x33,
  0x9f, 0x36, 0x31, 0x00, 0x00, 0x01, 0x00, 0xf6, 0xff, 0x0a, 0x01, 0x27,
  0x02, 0xfa, 0x00, 0x03, 0x00, 0x3a, 0x4b, 0xb0, 0x1b, 0x50, 0x58, 0x40,
  0x0b, 0x00, 0x00, 0x00, 0x6c, 0x4d, 0x00, 0x01, 0x01, 0x6f, 0x01, 0x4e,
  0x1b, 0x4b, 0xb0, 0x31, 0x50, 0x58, 0x40, 0x0b, 0x00, 0x00, 0x01, 0x00,
  0x85, 0x00, 0x01, 0x01, 0x6f, 0x01, 0x4e, 0x1b, 0x40, 0x09, 0x00, 0x00,
  0x01, 0x00, 0x85, 0x00, 0x01, 0x01, 0x76, 0x59, 0x59, 0xb4, 0x11, 0x10,
  0x02, 0x0d, 0x18, 0x2b, 0x13, 0x33, 0x11, 0x23, 0xf6, 0x31, 0x31, 0x02,
  0xfa, 0xfc, 0x10, 0x00, 0x00, 0x01, 0x00, 0x22, 0xff, 0x62, 0x01, 0x4b,
  0x02, 0xca, 0x00, 0x1f, 0x00, 0x2c, 0x40, 0x29, 0x07, 0x01, 0x04, 0x03,
  0x01, 0x4c, 0x00, 0x03, 0x00, 0x04, 0x00, 0x03, 0x04, 0x69, 0x00, 0x00,
  0x00, 0x05, 0x00, 0x05, 0x65, 0x00, 0x01, 0x01, 0x02, 0x61, 0x00, 0x02,
  0x02, 0x6a, 0x01, 0x4e, 0x15, 0x11, 0x15, 0x11, 0x1d, 0x10, 0x06, 0x0d,
  0x1c, 0x2b, 0x17, 0x32, 0x36, 0x35, 0x35, 0x34, 0x36, 0x37, 0x35, 0x26,
  0x26, 0x35, 0x35, 0x34, 0x26, 0x27, 0x35, 0x32, 0x16, 0x15, 0x15, 0x14,
  0x16, 0x33, 0x15, 0x22, 0x06, 0x15, 0x15, 0x14, 0x06, 0x23, 0x22, 0x3e,
  0x3e, 0x2d, 0x31, 0x32, 0x2c, 0x3e, 0x3e, 0x57, 0x5e, 0x38, 0x3c, 0x3c,
  0x38, 0x60, 0x55, 0x6d, 0x31, 0x36, 0x9f, 0x33, 0x3f, 0x09, 0x04, 0x09,
  0x40, 0x33, 0x9d, 0x37, 0x31, 0x01, 0x30, 0x4a, 0x49, 0x9e, 0x3a, 0x30,
  0x31, 0x31, 0x38, 0xa0, 0x49, 0x4a, 0x00, 0x01, 0x00, 0x35, 0x01, 0x2a,
  0x02, 0x06, 0x01, 0x98, 0x00, 0x17, 0x00, 0x39, 0xb1, 0x06, 0x64, 0x44,
  0x40, 0x2e, 0x11, 0x01, 0x00, 0x01, 0x12, 0x06, 0x02, 0x02, 0x00, 0x05,
  0x01, 0x03, 0x02, 0x03, 0x4c, 0x00, 0x01, 0x00, 0x00, 0x02, 0x01, 0x00,
  0x69, 0x00, 0x02, 0x03, 0x03, 0x02, 0x59, 0x00, 0x02, 0x02, 0x03, 0x61,
  0x00, 0x03, 0x02, 0x03, 0x51, 0x25, 0x24, 0x23, 0x22, 0x04, 0x0d, 0x1a,
  0x2b, 0xb1, 0x06, 0x00, 0x44, 0x01, 0x26, 0x26, 0x23, 0x22, 0x07, 0x35,
  0x36, 0x33, 0x32, 0x16, 0x17, 0x16, 0x16, 0x33, 0x32, 0x36, 0x37, 0x15,
  0x06, 0x06, 0x23, 0x22, 0x26, 0x01, 0x14, 0x20, 0x2f, 0x1c, 0x3d, 0x37,
  0x31, 0x46, 0x23, 0x36, 0x26, 0x1f, 0x2f, 0x1a, 0x1c, 0x3c, 0x1b, 0x16,
  0x3b, 0x24, 0x21, 0x37, 0x01, 0x4b, 0x0e, 0x0f, 0x39, 0x36, 0x33, 0x10,
  0x11, 0x0f, 0x0e, 0x1c, 0x1d, 0x35, 0x18, 0x1c, 0x0f, 0x00, 0x00, 0x02,
  0x00, 0x3f, 0x01, 0xad, 0x01, 0x6d, 0x02, 0xd4, 0x00, 0x0b, 0x00, 0x17,
  0x00, 0x39, 0xb1, 0x06, 0x64, 0x44, 0x40, 0x2e, 0x00, 0x01, 0x00, 0x03,
  0x02, 0x01, 0x03, 0x69, 0x05, 0x01, 0x02, 0x00, 0x00, 0x02, 0x59, 0x05,
  0x01, 0x02, 0x02, 0x00, 0x61, 0x04, 0x01, 0x00, 0x02, 0x00, 0x51, 0x0d,
  0x0c, 0x01, 0x00, 0x13, 0x11, 0x0c, 0x17, 0x0d, 0x17, 0x07, 0x05, 0x00,
  0x0b, 0x01, 0x0b, 0x06, 0x0d, 0x16, 0x2b, 0xb1, 0x06, 0x00, 0x44, 0x13,
  0x22, 0x26, 0x35, 0x34, 0x36, 0x33, 0x32, 0x16, 0x15, 0x14, 0x06, 0x27,
  0x32, 0x36, 0x35, 0x34, 0x26, 0x23, 0x22, 0x06, 0x15, 0x14, 0x16, 0xd6,
  0x42, 0x55, 0x54, 0x43, 0x42, 0x55, 0x55, 0x42, 0x32, 0x37, 0x39, 0x30,
  0x33, 0x36, 0x36, 0x01, 0xad, 0x51, 0x43, 0x42, 0x51, 0x52, 0x41, 0x43,
  0x51, 0x2a, 0x3b, 0x2f, 0x30, 0x3a, 0x3a, 0x30, 0x2f, 0x3b, 0xff, 0xff,
  0x00, 0x4f, 0x01, 0x1c, 0x00, 0xa7, 0x01, 0x7f, 0x03, 0x07, 0x00, 0x0f,
  0x00, 0x00, 0x01, 0x27, 0x00, 0x09, 0xb1, 0x00, 0x01, 0xb8, 0x01, 0x27,
  0xb0, 0x35, 0x2b, 0x00, 0x00, 0x01, 0x00, 0x6a, 0x01, 0x0e, 0x01, 0x0f,
  0x01, 0xcc, 0x00, 0x0b, 0x00, 0x18, 0x40, 0x15, 0x00, 0x00, 0x01, 0x01,
  0x00, 0x59, 0x00, 0x00, 0x00, 0x01, 0x61, 0x00, 0x01, 0x00, 0x01, 0x51,
  0x24, 0x22, 0x02, 0x0d, 0x18, 0x2b, 0x13, 0x34, 0x36, 0x33, 0x32, 0x16,
  0x15, 0x14, 0x06, 0x23, 0x22, 0x26, 0x6a, 0x2d, 0x25, 0x26, 0x2d, 0x2d,
  0x26, 0x25, 0x2d, 0x01, 0x6d, 0x30, 0x2f, 0x30, 0x2f, 0x2e, 0x31, 0x30,
  0x00, 0x01, 0x00, 0x00, 0x00, 0x63, 0x01, 0x38, 0x00, 0x18, 0x00, 0x65,
  0x00, 0x06, 0x00, 0x02, 0x00, 0x98, 0x00, 0xfc, 0x00, 0x8d, 0x00, 0x00,
  0x01, 0x89, 0x0e, 0x0c, 0x00, 0x04, 0x00, 0x01, 0x00, 0x00, 0x00, 0x00,
  0x00, 0x00, 0x00, 0x28, 0x00, 0x4f, 0x00, 0xa3, 0x01, 0x27, 0x01, 0x9e,
  0x02, 0x16, 0x02, 0x31, 0x02, 0x55, 0x02, 0x79, 0x02, 0xb1, 0x02, 0xd9,
  0x02, 0xf4, 0x03, 0x0f, 0x03, 0x28, 0x03, 0x44, 0x03, 0x80, 0x03, 0xa7,
  0x03, 0xe8, 0x04, 0x3f, 0x04, 0x7b, 0x04, 0xce, 0x05, 0x29, 0x05, 0x4e,
  0x05, 0xb7, 0x06, 0x15, 0x06, 0x3e, 0x06, 0x6d, 0x06, 0x83, 0x06, 0xae,
  0x06, 0xc4, 0x07, 0x17, 0x07, 0xbe, 0x07, 0xf8, 0x08, 0x50, 0x08, 0x98,
  0x08, 0xc5, 0x08, 0xf2, 0x09, 0x18, 0x09, 0x64, 0x09, 0x8c, 0x09, 0xb3,
  0x09, 0xe1, 0x0a, 0x10, 0x0a, 0x2e, 0x0a, 0x68, 0x0a, 0x97, 0x0a, 0xd8,
  0x0b, 0x12, 0x0b, 0x61, 0x0b, 0xa6, 0x0b, 0xfc, 0x0c, 0x1a, 0x0c, 0x45,
  0x0c, 0x70, 0x0c, 0xbc, 0x0c, 0xe7, 0x0d, 0x0b, 0x0d, 0x36, 0x0d, 0x55,
  0x0d, 0x71, 0x0d, 0x90, 0x0d, 0xb7, 0x0d, 0xd4, 0x0d, 0xf7, 0x0e, 0x5a,
  0x0e, 0xbf, 0x0f, 0x05, 0x0f, 0x70, 0x0f, 0xc1, 0x10, 0x13, 0x10, 0x7f,
  0x10, 0xc7, 0x10, 0xf4, 0x11, 0x34, 0x11, 0x76, 0x11, 0x96, 0x11, 0xea,
  0x12, 0x24, 0x12, 0x60, 0x12, 0xb6, 0x13, 0x07, 0x13, 0x72, 0x13, 0xc5,
  0x14, 0x08, 0x14, 0x3e, 0x14, 0x6b, 0x14, 0xb6, 0x14, 0xdf, 0x15, 0x1f,
  0x15, 0x4a, 0x15, 0x8e, 0x15, 0xb8, 0x15, 0xfb, 0x16, 0x3f, 0x16, 0x81,
  0x16, 0x90, 0x16, 0xb2, 0x00, 0x01, 0x00, 0x00, 0x00, 0x02, 0x03, 0xd7,
  0x52, 0xcb, 0xb8, 0x34, 0x5f, 0x0f, 0x3c, 0xf5, 0x00, 0x07, 0x03, 0xe8,
  0x00, 0x00, 0x00, 0x00, 0xdd, 0x80, 0xd3, 0xe7, 0x00, 0x00, 0x00, 0x00,
  0xe3, 0x63, 0xc0, 0x9e, 0xfd, 0x95, 0xfe, 0x7b, 0x0a, 0xf0, 0x04, 0x29,
  0x00, 0x00, 0x00, 0x06, 0x00, 0x02, 0x00, 0x00, 0x00, 0x00, 0x00, 0x00,
  0x02, 0x58, 0x00, 0x5e, 0x01, 0x04, 0x00, 0x00, 0x00, 0xf6, 0x00, 0x4f,
  0x01, 0x6c, 0x00, 0x45, 0x02, 0x86, 0x00, 0x1b, 0x02, 0x3b, 0x00, 0x3f,
  0x03, 0x2c, 0x00, 0x36, 0x02, 0xcd, 0x00, 0x3a, 0x00, 0xc7, 0x00, 0x45,
  0x01, 0x16, 0x00, 0x29, 0x01, 0x16, 0x00, 0x21, 0x02, 0x27, 0x00, 0x34,
  0x02, 0x3b, 0x00, 0x35, 0x00, 0xe2, 0x00, 0x28, 0x01, 0x42, 0x00, 0x28,
  0x00, 0xf4, 0x00, 0x4f, 0x01, 0x5b, 0x00, 0x0c, 0x02, 0x3b, 0x00, 0x38,
  0x02, 0x3b, 0x00, 0x60, 0x02, 0x3b, 0x00, 0x36, 0x02, 0x3b, 0x00, 0x2e,
  0x02, 0x3b, 0x00, 0x17, 0x02, 0x3b, 0x00, 0x45, 0x02, 0x3b, 0x00, 0x3e,
  0x02, 0x3b, 0x00, 0x33, 0x02, 0x3b, 0x00, 0x39, 0x02, 0x3b, 0x00, 0x35,
  0x00, 0xf4, 0x00, 0x4f, 0x00, 0xf4, 0x00, 0x23, 0x02, 0x3b, 0x00, 0x35,
  0x02, 0x3b, 0x00, 0x38, 0x02, 0x3b, 0x00, 0x35, 0x01, 0xa8, 0x00, 0x19,
  0x03, 0x79, 0x00, 0x37, 0x02, 0x60, 0x00, 0x00, 0x02, 0x78, 0x00, 0x64,
  0x02, 0x6f, 0x00, 0x3e, 0x02, 0xc7, 0x00, 0x64, 0x02, 0x29, 0x00, 0x64,
  0x01, 0xfa, 0x00, 0x64, 0x02, 0xd4, 0x00, 0x3e, 0x02, 0xd4, 0x00, 0x64,
  0x01, 0x37, 0x00, 0x33, 0x00, 0xfc, 0xff, 0xa8, 0x02, 0x4d, 0x00, 0x64,
  0x02, 0x03, 0x00, 0x64, 0x03, 0x68, 0x00, 0x64, 0x02, 0xd9, 0x00, 0x64,
  0x03, 0x00, 0x00, 0x3e, 0x02, 0x4d, 0x00, 0x64, 0x03, 0x00, 0x00, 0x3e,
  0x02, 0x58, 0x00, 0x64, 0x02, 0x22, 0x00, 0x36, 0x02, 0x13, 0x00, 0x06,
  0x02, 0xd2, 0x00, 0x5d, 0x02, 0x46, 0x00, 0x00, 0x03, 0x84, 0x00, 0x17,
  0x02, 0x24, 0x00, 0x01, 0x02, 0x18, 0x00, 0x00, 0x02, 0x3f, 0x00, 0x25,
  0x01, 0x41, 0x00, 0x54, 0x01, 0x5b, 0x00, 0x0c, 0x01, 0x41, 0x00, 0x19,
  0x02, 0x3b, 0x00, 0x2a, 0x01, 0xa2, 0xff, 0xfe, 0x01, 0x09, 0x00, 0x28,
  0x02, 0x18, 0x00, 0x2f, 0x02, 0x57, 0x00, 0x57, 0x01, 0xdc, 0x00, 0x39,
  0x02, 0x57, 0x00, 0x39, 0x02, 0x28, 0x00, 0x39, 0x01, 0x35, 0x00, 0x0d,
  0x02, 0x57, 0x00, 0x39, 0x02, 0x54, 0x00, 0x58, 0x00, 0xe9, 0x00, 0x4e,
  0x00, 0xe9, 0xff, 0xcc, 0x01, 0xee, 0x00, 0x58, 0x00, 0xe9, 0x00, 0x58,
  0x03, 0x7e, 0x00, 0x58, 0x02, 0x54, 0x00, 0x58, 0x02, 0x4e, 0x00, 0x39,
  0x02, 0x57, 0x00, 0x58, 0x02, 0x57, 0x00, 0x38, 0x01, 0x8a, 0x00, 0x58,
  0x01, 0xd5, 0x00, 0x2e, 0x01, 0x54, 0x00, 0x0d, 0x02, 0x54, 0x00, 0x51,
  0x01, 0xd5, 0x00, 0x00, 0x02, 0xe0, 0x00, 0x0e, 0x01, 0xf8, 0x00, 0x16,
  0x01, 0xd5, 0x00, 0x01, 0x01, 0xcf, 0x00, 0x28, 0x01, 0x67, 0x00, 0x1b,
  0x02, 0x1f, 0x00, 0xf6, 0x01, 0x67, 0x00, 0x22, 0x02, 0x3b, 0x00, 0x35,
  0x01, 0xac, 0x00, 0x3f, 0x00, 0xf4, 0x00, 0x4f, 0x01, 0x78, 0x00, 0x6a,
  0x00, 0x01, 0x00, 0x00, 0x04, 0x2d, 0xfe, 0xdb, 0x00, 0x00, 0x0b, 0x18,
  0xfd, 0x95, 0xfd, 0x96, 0x0a, 0xf0, 0x03, 0xe8, 0x00, 0x00, 0x00, 0x00,
  0x00, 0x00, 0x00, 0x00, 0x00, 0x00, 0x00, 0x00, 0x00, 0x00, 0x00, 0x63,
  0x00, 0x04, 0x02, 0x2c, 0x01, 0x2c, 0x00, 0x05, 0x00, 0x00, 0x02, 0x8a,
  0x02, 0x58, 0x00, 0x00, 0x00, 0x4b, 0x02, 0x8a, 0x02, 0x58, 0x00, 0x00,
  0x01, 0x5e, 0x00, 0x32, 0x01, 0x3f, 0x00, 0x00, 0x02, 0x0b, 0x04, 0x02,
  0x04, 0x05, 0x04, 0x02, 0x02, 0x04, 0x80, 0x00, 0x00, 0x03, 0x00, 0x00,
  0x00, 0x00, 0x00, 0x00, 0x00, 0x00, 0x00, 0x00, 0x00, 0x00, 0x47, 0x4f,
  0x4f, 0x47, 0x00, 0xc0, 0x00, 0x20, 0x20, 0x22, 0x04, 0x2d, 0xfe, 0xdb,
  0x00, 0x00, 0x04, 0x64, 0x01, 0x8b, 0x00, 0x00, 0x00, 0x01, 0x00, 0x00,
  0x00, 0x00, 0x02, 0x14, 0x02, 0xca, 0x00, 0x00, 0x00, 0x20, 0x00, 0x04,
  0x00, 0x00, 0x00, 0x02, 0x00, 0x00, 0x00, 0x03, 0x00, 0x00, 0x00, 0x14,
  0x00, 0x03, 0x00, 0x01, 0x00, 0x00, 0x00, 0x14, 0x00, 0x04, 0x00, 0x38,
  0x00, 0x00, 0x00, 0x0a, 0x00, 0x08, 0x00, 0x02, 0x00, 0x02, 0x00, 0x7e,
  0x00, 0xb0, 0x00, 0xb7, 0x20, 0x22, 0xff, 0xff, 0x00, 0x00, 0x00, 0x20,
  0x00, 0xb0, 0x00, 0xb7, 0x20, 0x22, 0xff, 0xff, 0xff, 0xe1, 0xff, 0xb0,
  0xff, 0xaa, 0xe0, 0x40, 0x00, 0x01, 0x00, 0x00, 0x00, 0x00, 0x00, 0x00,
  0x00, 0x00, 0x00, 0x00, 0xb0, 0x00, 0x2c, 0x20, 0xb0, 0x00, 0x55, 0x58,
  0x45, 0x59, 0x20, 0x20, 0x4b, 0xb8, 0x00, 0x0e, 0x51, 0x4b, 0xb0, 0x06,
  0x53, 0x5a, 0x58, 0xb0, 0x34, 0x1b, 0xb0, 0x28, 0x59, 0x60, 0x66, 0x20,
  0x8a, 0x55, 0x58, 0xb0, 0x02, 0x25, 0x61, 0xb9, 0x08, 0x00, 0x08, 0x00,
  0x63, 0x63, 0x23, 0x62, 0x1b, 0x21, 0x21, 0xb0, 0x00, 0x59, 0xb0, 0x00,
  0x43, 0x23, 0x44, 0xb2, 0x00, 0x01, 0x00, 0x43, 0x60, 0x42, 0x2d, 0xb0,
  0x01, 0x2c, 0xb0, 0x20, 0x60, 0x66, 0x2d, 0xb0, 0x02, 0x2c, 0x23, 0x21,
  0x23, 0x21, 0x2d, 0xb0, 0x03, 0x2c, 0x20, 0x64, 0xb3, 0x03, 0x14, 0x15,
  0x00, 0x42, 0x43, 0xb0, 0x13, 0x43, 0x20, 0x60, 0x60, 0x42, 0xb1, 0x02,
  0x14, 0x43, 0x42, 0xb1, 0x25, 0x03, 0x43, 0xb0, 0x02, 0x43, 0x54, 0x78,
  0x20, 0xb0, 0x0c, 0x23, 0xb0, 0x02, 0x43, 0x43, 0x61, 0x64, 0xb0, 0x04,
  0x50, 0x78, 0xb2, 0x02, 0x02, 0x02, 0x43, 0x60, 0x42, 0xb0, 0x21, 0x65,
  0x1c, 0x21, 0xb0, 0x02, 0x43, 0x43, 0xb2, 0x0e, 0x15, 0x01, 0x42, 0x1c,
  0x20, 0xb0, 0x02, 0x43, 0x23, 0x42, 0xb2, 0x13, 0x01, 0x13, 0x43, 0x60,
  0x42, 0x23, 0xb0, 0x00, 0x50, 0x58, 0x65, 0x59, 0xb2, 0x16, 0x01, 0x02,
  0x43, 0x60, 0x42, 0x2d, 0xb0, 0x04, 0x2c, 0xb0, 0x03, 0x2b, 0xb0, 0x15,
  0x43, 0x58, 0x23, 0x21, 0x23, 0x21, 0xb0, 0x16, 0x43, 0x43, 0x23, 0xb0,
  0x00, 0x50, 0x58, 0x65, 0x59, 0x1b, 0x20, 0x64, 0x20, 0xb0, 0xc0, 0x50,
  0xb0, 0x04, 0x26, 0x5a, 0xb2, 0x28, 0x01, 0x0d, 0x43, 0x45, 0x63, 0x45,
  0xb0, 0x06, 0x45, 0x58, 0x21, 0xb0, 0x03, 0x25, 0x59, 0x52, 0x5b, 0x58,
  0x21, 0x23, 0x21, 0x1b, 0x8a, 0x58, 0x20, 0xb0, 0x50, 0x50, 0x58, 0x21,
  0xb0, 0x40, 0x59, 0x1b, 0x20, 0xb0, 0x38, 0x50, 0x58, 0x21, 0xb0, 0x38,
  0x59, 0x59, 0x20, 0xb1, 0x01, 0x0d, 0x43, 0x45, 0x63, 0x45, 0x61, 0x64,
  0xb0, 0x28, 0x50, 0x58, 0x21, 0xb1, 0x01, 0x0d, 0x43, 0x45, 0x63, 0x45,
  0x20, 0xb0, 0x30, 0x50, 0x58, 0x21, 0xb0, 0x30, 0x59, 0x1b, 0x20, 0xb0,
  0xc0, 0x50, 0x58, 0x20, 0x66, 0x20, 0x8a, 0x8a, 0x61, 0x20, 0xb0, 0x0a,
  0x50, 0x58, 0x60, 0x1b, 0x20, 0xb0, 0x20, 0x50, 0x58, 0x21, 0xb0, 0x0a,
  0x60, 0x1b, 0x20, 0xb0, 0x36, 0x50, 0x58, 0x21, 0xb0, 0x36, 0x60, 0x1b,
  0x60, 0x59, 0x59, 0x59, 0x1b, 0xb0, 0x02, 0x25, 0xb0, 0x0c, 0x43, 0x63,
  0xb0, 0x00, 0x52, 0x58, 0xb0, 0x00, 0x4b, 0xb0, 0x0a, 0x50, 0x58, 0x21,
  0xb0, 0x0c, 0x43, 0x1b, 0x4b, 0xb0, 0x1e, 0x50, 0x58, 0x21, 0xb0, 0x1e,
  0x4b, 0x61, 0xb8, 0x10, 0x00, 0x63, 0xb0, 0x0c, 0x43, 0x63, 0xb8, 0x05,
  0x00, 0x62, 0x59, 0x59, 0x64, 0x61, 0x59, 0xb0, 0x01, 0x2b, 0x59, 0x59,
  0x23, 0xb0, 0x00, 0x50, 0x58, 0x65, 0x59, 0x59, 0x20, 0x64, 0xb0, 0x16,
  0x43, 0x23, 0x42, 0x59, 0x2d, 0xb0, 0x05, 0x2c, 0x20, 0x45, 0x20, 0xb0,
  0x04, 0x25, 0x61, 0x64, 0x20, 0xb0, 0x07, 0x43, 0x50, 0x58, 0xb0, 0x07,
  0x23, 0x42, 0xb0, 0x08, 0x23, 0x42, 0x1b, 0x21, 0x21, 0x59, 0xb0, 0x01,
  0x60, 0x2d, 0xb0, 0x06, 0x2c, 0x23, 0x21, 0x23, 0x21, 0xb0, 0x03, 0x2b,
  0x20, 0x64, 0xb1, 0x07, 0x62, 0x42, 0x20, 0xb0, 0x08, 0x23, 0x42, 0xb0,
  0x06, 0x45, 0x58, 0x1b, 0xb1, 0x01, 0x0d, 0x43, 0x45, 0x63, 0xb1, 0x01,
  0x0d, 0x43, 0xb0, 0x09, 0x60, 0x45, 0x63, 0xb0, 0x05, 0x2a, 0x21, 0x20,
  0xb0, 0x08, 0x43, 0x20, 0x8a, 0x20, 0x8a, 0xb0, 0x01, 0x2b, 0xb1, 0x30,
  0x05, 0x25, 0xb0, 0x04, 0x26, 0x51, 0x58, 0x60, 0x50, 0x1b, 0x61, 0x52,
  0x59, 0x58, 0x23, 0x59, 0x21, 0x59, 0x20, 0xb0, 0x40, 0x53, 0x58, 0xb0,
  0x01, 0x2b, 0x1b, 0x21, 0xb0, 0x40, 0x59, 0x23, 0xb0, 0x00, 0x50, 0x58,
  0x65, 0x59, 0x2d, 0xb0, 0x07, 0x2c, 0xb0, 0x09, 0x43, 0x2b, 0xb2, 0x00,
  0x02, 0x00, 0x43, 0x60, 0x42, 0x2d, 0xb0, 0x08, 0x2c, 0xb0, 0x09, 0x23,
  0x42, 0x23, 0x20, 0xb0, 0x00, 0x23, 0x42, 0x61, 0xb0, 0x02, 0x62, 0x66,
  0xb0, 0x01, 0x63, 0xb0, 0x01, 0x60, 0xb0, 0x07, 0x2a, 0x2d, 0xb0, 0x09,
  0x2c, 0x20, 0x20, 0x45, 0x20, 0xb0, 0x0e, 0x43, 0x63, 0xb8, 0x04, 0x00,
  0x62, 0x20, 0xb0, 0x00, 0x50, 0x58, 0xb0, 0x40, 0x60, 0x59, 0x66, 0xb0,
  0x01, 0x63, 0x60, 0x44, 0xb0, 0x01, 0x60, 0x2d, 0xb0, 0x0a, 0x2c, 0xb2,
  0x09, 0x0e, 0x00, 0x43, 0x45, 0x42, 0x2a, 0x21, 0xb2, 0x00, 0x01, 0x00,
  0x43, 0x60, 0x42, 0x2d, 0xb0, 0x0b, 0x2c, 0xb0, 0x00, 0x43, 0x23, 0x44,
  0xb2, 0x00, 0x01, 0x00, 0x43, 0x60, 0x42, 0x2d, 0xb0, 0x0c, 0x2c, 0x20,
  0x20, 0x45, 0x20, 0xb0, 0x01, 0x2b, 0x23, 0xb0, 0x00, 0x43, 0xb0, 0x04,
  0x25, 0x60, 0x20, 0x45, 0x8a, 0x23, 0x61, 0x20, 0x64, 0x20, 0xb0, 0x20,
  0x50, 0x58, 0x21, 0xb0, 0x00, 0x1b, 0xb0, 0x30, 0x50, 0x58, 0xb0, 0x20,
  0x1b, 0xb0, 0x40, 0x59, 0x59, 0x23, 0xb0, 0x00, 0x50, 0x58, 0x65, 0x59,
  0xb0, 0x03, 0x25, 0x23, 0x61, 0x44, 0x44, 0xb0, 0x01, 0x60, 0x2d, 0xb0,
  0x0d, 0x2c, 0x20, 0x20, 0x45, 0x20, 0xb0, 0x01, 0x2b, 0x23, 0xb0, 0x00,
  0x43, 0xb0, 0x04, 0x25, 0x60, 0x20, 0x45, 0x8a, 0x23, 0x61, 0x20, 0x64,
  0xb0, 0x24, 0x50, 0x58, 0xb0, 0x00, 0x1b, 0xb0, 0x40, 0x59, 0x23, 0xb0,
  0x00, 0x50, 0x58, 0x65, 0x59, 0xb0, 0x03, 0x25, 0x23, 0x61, 0x44, 0x44,
  0xb0, 0x01, 0x60, 0x2d, 0xb0, 0x0e, 0x2c, 0x20, 0xb0, 0x00, 0x23, 0x42,
  0xb3, 0x0d, 0x0c, 0x00, 0x03, 0x45, 0x50, 0x58, 0x21, 0x1b, 0x23, 0x21,
  0x59, 0x2a, 0x21, 0x2d, 0xb0, 0x0f, 0x2c, 0xb1, 0x02, 0x02, 0x45, 0xb0,
  0x64, 0x61, 0x44, 0x2d, 0xb0, 0x10, 0x2c, 0xb0, 0x01, 0x60, 0x20, 0x20,
  0xb0, 0x0f, 0x43, 0x4a, 0xb0, 0x00, 0x50, 0x58, 0x20, 0xb0, 0x0f, 0x23,
  0x42, 0x59, 0xb0, 0x10, 0x43, 0x4a, 0xb0, 0x00, 0x52, 0x58, 0x20, 0xb0,
  0x10, 0x23, 0x42, 0x59, 0x2d, 0xb0, 0x11, 0x2c, 0x20, 0xb0, 0x10, 0x62,
  0x66, 0xb0, 0x01, 0x63, 0x20, 0xb8, 0x04, 0x00, 0x63, 0x8a, 0x23, 0x61,
  0xb0, 0x11, 0x43, 0x60, 0x20, 0x8a, 0x60, 0x20, 0xb0, 0x11, 0x23, 0x42,
  0x23, 0x2d, 0xb0, 0x12, 0x2c, 0x4b, 0x54, 0x58, 0xb1, 0x04, 0x64, 0x44,
  0x59, 0x24, 0xb0, 0x0d, 0x65, 0x23, 0x78, 0x2d, 0xb0, 0x13, 0x2c, 0x4b,
  0x51, 0x58, 0x4b, 0x53, 0x58, 0xb1, 0x04, 0x64, 0x44, 0x59, 0x1b, 0x21,
  0x59, 0x24, 0xb0, 0x13, 0x65, 0x23, 0x78, 0x2d, 0xb0, 0x14, 0x2c, 0xb1,
  0x00, 0x12, 0x43, 0x55, 0x58, 0xb1, 0x12, 0x12, 0x43, 0xb0, 0x01, 0x61,
  0x42, 0xb0, 0x11, 0x2b, 0x59, 0xb0, 0x00, 0x43, 0xb0, 0x02, 0x25, 0x42,
  0xb1, 0x0f, 0x02, 0x25, 0x42, 0xb1, 0x10, 0x02, 0x25, 0x42, 0xb0, 0x01,
  0x16, 0x23, 0x20, 0xb0, 0x03, 0x25, 0x50, 0x58, 0xb1, 0x01, 0x00, 0x43,
  0x60, 0xb0, 0x04, 0x25, 0x42, 0x8a, 0x8a, 0x20, 0x8a, 0x23, 0x61, 0xb0,
  0x10, 0x2a, 0x21, 0x23, 0xb0, 0x01, 0x61, 0x20, 0x8a, 0x23, 0x61, 0xb0,
  0x10, 0x2a, 0x21, 0x1b, 0xb1, 0x01, 0x00, 0x43, 0x60, 0xb0, 0x02, 0x25,
  0x42, 0xb0, 0x02, 0x25, 0x61, 0xb0, 0x10, 0x2a, 0x21, 0x59, 0xb0, 0x0f,
  0x43, 0x47, 0xb0, 0x10, 0x43, 0x47, 0x60, 0xb0, 0x02, 0x62, 0x20, 0xb0,
  0x00, 0x50, 0x58, 0xb0, 0x40, 0x60, 0x59, 0x66, 0xb0, 0x01, 0x63, 0x20,
  0xb0, 0x0e, 0x43, 0x63, 0xb8, 0x04, 0x00, 0x62, 0x20, 0xb0, 0x00, 0x50,
  0x58, 0xb0, 0x40, 0x60, 0x59, 0x66, 0xb0, 0x01, 0x63, 0x60, 0xb1, 0x00,
  0x00, 0x13, 0x23, 0x44, 0xb0, 0x01, 0x43, 0xb0, 0x00, 0x3e, 0xb2, 0x01,
  0x01, 0x01, 0x43, 0x60, 0x42, 0x2d, 0xb0, 0x15, 0x2c, 0x00, 0xb1, 0x00,
  0x02, 0x45, 0x54, 0x58, 0xb0, 0x12, 0x23, 0x42, 0x20, 0x45, 0xb0, 0x0e,
  0x23, 0x42, 0xb0, 0x0d, 0x23, 0xb0, 0x09, 0x60, 0x42, 0x20, 0x60, 0xb7,
  0x18, 0x18, 0x01, 0x00, 0x11, 0x00, 0x13, 0x00, 0x42, 0x42, 0x42, 0x8a,
  0x60, 0x20, 0xb0, 0x14, 0x23, 0x42, 0xb0, 0x01, 0x61, 0xb1, 0x14, 0x08,
  0x2b, 0xb0, 0x8b, 0x2b, 0x1b, 0x22, 0x59, 0x2d, 0xb0, 0x16, 0x2c, 0xb1,
  0x00, 0x15, 0x2b, 0x2d, 0xb0, 0x17, 0x2c, 0xb1, 0x01, 0x15, 0x2b, 0x2d,
  0xb0, 0x18, 0x2c, 0xb1, 0x02, 0x15, 0x2b, 0x2d, 0xb0, 0x19, 0x2c, 0xb1,
  0x03, 0x15, 0x2b, 0x2d, 0xb0, 0x1a, 0x2c, 0xb1, 0x04, 0x15, 0x2b, 0x2d,
  0xb0, 0x1b, 0x2c, 0xb1, 0x05, 0x15, 0x2b, 0x2d, 0xb0, 0x1c, 0x2c, 0xb1,
  0x06, 0x15, 0x2b, 0x2d, 0xb0, 0x1d, 0x2c, 0xb1, 0x07, 0x15, 0x2b, 0x2d,
  0xb0, 0x1e, 0x2c, 0xb1, 0x08, 0x15, 0x2b, 0x2d, 0xb0, 0x1f, 0x2c, 0xb1,
  0x09, 0x15, 0x2b, 0x2d, 0xb0, 0x2b, 0x2c, 0x23, 0x20, 0xb0, 0x10, 0x62,
  0x66, 0xb0, 0x01, 0x63, 0xb0, 0x06, 0x60, 0x4b, 0x54, 0x58, 0x23, 0x20,
  0x2e, 0xb0, 0x01, 0x5d, 0x1b, 0x21, 0x21, 0x59, 0x2d, 0xb0, 0x2c, 0x2c,
  0x23, 0x20, 0xb0, 0x10, 0x62, 0x66, 0xb0, 0x01, 0x63, 0xb0, 0x16, 0x60,
  0x4b, 0x54, 0x58, 0x23, 0x20, 0x2e, 0xb0, 0x01, 0x71, 0x1b, 0x21, 0x21,
  0x59, 0x2d, 0xb0, 0x2d, 0x2c, 0x23, 0x20, 0xb0, 0x10, 0x62, 0x66, 0xb0,
  0x01, 0x63, 0xb0, 0x26, 0x60, 0x4b, 0x54, 0x58, 0x23, 0x20, 0x2e, 0xb0,
  0x01, 0x72, 0x1b, 0x21, 0x21, 0x59, 0x2d, 0xb0, 0x20, 0x2c, 0x00, 0xb0,
  0x0f, 0x2b, 0xb1, 0x00, 0x02, 0x45, 0x54, 0x58, 0xb0, 0x12, 0x23, 0x42,
  0x20, 0x45, 0xb0, 0x0e, 0x23, 0x42, 0xb0, 0x0d, 0x23, 0xb0, 0x09, 0x60,
  0x42, 0x20, 0x60, 0xb0, 0x01, 0x61, 0xb5, 0x18, 0x18, 0x01, 0x00, 0x11,
  0x00, 0x42, 0x42, 0x8a, 0x60, 0xb1, 0x14, 0x08, 0x2b, 0xb0, 0x8b, 0x2b,
  0x1b, 0x22, 0x59, 0x2d, 0xb0, 0x21, 0x2c, 0xb1, 0x00, 0x20, 0x2b, 0x2d,
  0xb0, 0x22, 0x2c, 0xb1, 0x01, 0x20, 0x2b, 0x2d, 0xb0, 0x23, 0x2c, 0xb1,
  0x02, 0x20, 0x2b, 0x2d, 0xb0, 0x24, 0x2c, 0xb1, 0x03, 0x20, 0x2b, 0x2d,
  0xb0, 0x25, 0x2c, 0xb1, 0x04, 0x20, 0x2b, 0x2d, 0xb0, 0x26, 0x2c, 0xb1,
  0x05, 0x20, 0x2b, 0x2d, 0xb0, 0x27, 0x2c, 0xb1, 0x06, 0x20, 0x2b, 0x2d,
  0xb0, 0x28, 0x2c, 0xb1, 0x07, 0x20, 0x2b, 0x2d, 0xb0, 0x29, 0x2c, 0xb1,
  0x08, 0x20, 0x2b, 0x2d, 0xb0, 0x2a, 0x2c, 0xb1, 0x09, 0x20, 0x2b, 0x2d,
  0xb0, 0x2e, 0x2c, 0x20, 0x3c, 0xb0, 0x01, 0x60, 0x2d, 0xb0, 0x2f, 0x2c,
  0x20, 0x60, 0xb0, 0x18, 0x60, 0x20, 0x43, 0x23, 0xb0, 0x01, 0x60, 0x43,
  0xb0, 0x02, 0x25, 0x61, 0xb0, 0x01, 0x60, 0xb0, 0x2e, 0x2a, 0x21, 0x2d,
  0xb0, 0x30, 0x2c, 0xb0, 0x2f, 0x2b, 0xb0, 0x2f, 0x2a, 0x2d, 0xb0, 0x31,
  0x2c, 0x20, 0x20, 0x47, 0x20, 0x20, 0xb0, 0x0e, 0x43, 0x63, 0xb8, 0x04,
  0x00, 0x62, 0x20, 0xb0, 0x00, 0x50, 0x58, 0xb0, 0x40, 0x60, 0x59, 0x66,
  0xb0, 0x01, 0x63, 0x60, 0x23, 0x61, 0x38, 0x23, 0x20, 0x8a, 0x55, 0x58,
  0x20, 0x47, 0x20, 0x20, 0xb0, 0x0e, 0x43, 0x63, 0xb8, 0x04, 0x00, 0x62,
  0x20, 0xb0, 0x00, 0x50, 0x58, 0xb0, 0x40, 0x60, 0x59, 0x66, 0xb0, 0x01,
  0x63, 0x60, 0x23, 0x61, 0x38, 0x1b, 0x21, 0x59, 0x2d, 0xb0, 0x32, 0x2c,
  0x00, 0xb1, 0x00, 0x02, 0x45, 0x54, 0x58, 0xb1, 0x0e, 0x06, 0x45, 0x42,
  0xb0, 0x01, 0x16, 0xb0, 0x31, 0x2a, 0xb1, 0x05, 0x01, 0x15, 0x45, 0x58,
  0x30, 0x59, 0x1b, 0x22, 0x59, 0x2d, 0xb0, 0x33, 0x2c, 0x00, 0xb0, 0x0f,
  0x2b, 0xb1, 0x00, 0x02, 0x45, 0x54, 0x58, 0xb1, 0x0e, 0x06, 0x45, 0x42,
  0xb0, 0x01, 0x16, 0xb0, 0x31, 0x2a, 0xb1, 0x05, 0x01, 0x15, 0x45, 0x58,
  0x30, 0x59, 0x1b, 0x22, 0x59, 0x2d, 0xb0, 0x34, 0x2c, 0x20, 0x35, 0xb0,
  0x01, 0x60, 0x2d, 0xb0, 0x35, 0x2c, 0x00, 0xb1, 0x0e, 0x06, 0x45, 0x42,
  0xb0, 0x01, 0x45, 0x63, 0xb8, 0x04, 0x00, 0x62, 0x20, 0xb0, 0x00, 0x50,
  0x58, 0xb0, 0x40, 0x60, 0x59, 0x66, 0xb0, 0x01, 0x63, 0xb0, 0x01, 0x2b,
  0xb0, 0x0e, 0x43, 0x63, 0xb8, 0x04, 0x00, 0x62, 0x20, 0xb0, 0x00, 0x50,
  0x58, 0xb0, 0x40, 0x60, 0x59, 0x66, 0xb0, 0x01, 0x63, 0xb0, 0x01, 0x2b,
  0xb0, 0x00, 0x16, 0xb4, 0x00, 0x00, 0x00, 0x00, 0x00, 0x44, 0x3e, 0x23,
  0x38, 0xb1, 0x34, 0x01, 0x15, 0x2a, 0x21, 0x2d, 0xb0, 0x36, 0x2c, 0x20,
  0x3c, 0x20, 0x47, 0x20, 0xb0, 0x0e, 0x43, 0x63, 0xb8, 0x04, 0x00, 0x62,
  0x20, 0xb0, 0x00, 0x50, 0x58, 0xb0, 0x40, 0x60, 0x59, 0x66, 0xb0, 0x01,
  0x63, 0x60, 0xb0, 0x00, 0x43, 0x61, 0x38, 0x2d, 0xb0, 0x37, 0x2c, 0x2e,
  0x17, 0x3c, 0x2d, 0xb0, 0x38, 0x2c, 0x20, 0x3c, 0x20, 0x47, 0x20, 0xb0,
  0x0e, 0x43, 0x63, 0xb8, 0x04, 0x00, 0x62, 0x20, 0xb0, 0x00, 0x50, 0x58,
  0xb0, 0x40, 0x60, 0x59, 0x66, 0xb0, 0x01, 0x63, 0x60, 0xb0, 0x00, 0x43,
  0x61, 0xb0, 0x01, 0x43, 0x63, 0x38, 0x2d, 0xb0, 0x39, 0x2c, 0xb1, 0x02,
  0x00, 0x16, 0x25, 0x20, 0x2e, 0x20, 0x47, 0xb0, 0x00, 0x23, 0x42, 0xb0,
  0x02, 0x25, 0x49, 0x8a, 0x8a, 0x47, 0x23, 0x47, 0x23, 0x61, 0x20, 0x58,
  0x62, 0x1b, 0x21, 0x59, 0xb0, 0x01, 0x23, 0x42, 0xb2, 0x38, 0x01, 0x01,
  0x15, 0x14, 0x2a, 0x2d, 0xb0, 0x3a, 0x2c, 0xb0, 0x00, 0x16, 0xb0, 0x17,
  0x23, 0x42, 0xb0, 0x04, 0x25, 0xb0, 0x04, 0x25, 0x47, 0x23, 0x47, 0x23,
  0x61, 0xb1, 0x0c, 0x00, 0x42, 0xb0, 0x0b, 0x43, 0x2b, 0x65, 0x8a, 0x2e,
  0x23, 0x20, 0x20, 0x3c, 0x8a, 0x38, 0x2d, 0xb0, 0x3b, 0x2c, 0xb0, 0x00,
  0x16, 0xb0, 0x17, 0x23, 0x42, 0xb0, 0x04, 0x25, 0xb0, 0x04, 0x25, 0x20,
  0x2e, 0x47, 0x23, 0x47, 0x23, 0x61, 0x20, 0xb0, 0x06, 0x23, 0x42, 0xb1,
  0x0c, 0x00, 0x42, 0xb0, 0x0b, 0x43, 0x2b, 0x20, 0xb0, 0x60, 0x50, 0x58,
  0x20, 0xb0, 0x40, 0x51, 0x58, 0xb3, 0x04, 0x20, 0x05, 0x20, 0x1b, 0xb3,
  0x04, 0x26, 0x05, 0x1a, 0x59, 0x42, 0x42, 0x23, 0x20, 0xb0, 0x0a, 0x43,
  0x20, 0x8a, 0x23, 0x47, 0x23, 0x47, 0x23, 0x61, 0x23, 0x46, 0x60, 0xb0,
  0x06, 0x43, 0xb0, 0x02, 0x62, 0x20, 0xb0, 0x00, 0x50, 0x58, 0xb0, 0x40,
  0x60, 0x59, 0x66, 0xb0, 0x01, 0x63, 0x60, 0x20, 0xb0, 0x01, 0x2b, 0x20,
  0x8a, 0x8a, 0x61, 0x20, 0xb0, 0x04, 0x43, 0x60, 0x64, 0x23, 0xb0, 0x05,
  0x43, 0x61, 0x64, 0x50, 0x58, 0xb0, 0x04, 0x43, 0x61, 0x1b, 0xb0, 0x05,
  0x43, 0x60, 0x59, 0xb0, 0x03, 0x25, 0xb0, 0x02, 0x62, 0x20, 0xb0, 0x00,
  0x50, 0x58, 0xb0, 0x40, 0x60, 0x59, 0x66, 0xb0, 0x01, 0x63, 0x61, 0x23,
  0x20, 0x20, 0xb0, 0x04, 0x26, 0x23, 0x46, 0x61, 0x38, 0x1b, 0x23, 0xb0,
  0x0a, 0x43, 0x46, 0xb0, 0x02, 0x25, 0xb0, 0x0a, 0x43, 0x47, 0x23, 0x47,
  0x23, 0x61, 0x60, 0x20, 0xb0, 0x06, 0x43, 0xb0, 0x02, 0x62, 0x20, 0xb0,
  0x00, 0x50, 0x58, 0xb0, 0x40, 0x60, 0x59, 0x66, 0xb0, 0x01, 0x63, 0x60,
  0x23, 0x20, 0xb0, 0x01, 0x2b, 0x23, 0xb0, 0x06, 0x43, 0x60, 0xb0, 0x01,
  0x2b, 0xb0, 0x05, 0x25, 0x61, 0xb0, 0x05, 0x25, 0xb0, 0x02, 0x62, 0x20,
  0xb0, 0x00, 0x50, 0x58, 0xb0, 0x40, 0x60, 0x59, 0x66, 0xb0, 0x01, 0x63,
  0xb0, 0x04, 0x26, 0x61, 0x20, 0xb0, 0x04, 0x25, 0x60, 0x64, 0x23, 0xb0,
  0x03, 0x25, 0x60, 0x64, 0x50, 0x58, 0x21, 0x1b, 0x23, 0x21, 0x59, 0x23,
  0x20, 0x20, 0xb0, 0x04, 0x26, 0x23, 0x46, 0x61, 0x38, 0x59, 0x2d, 0xb0,
  0x3c, 0x2c, 0xb0, 0x00, 0x16, 0xb0, 0x17, 0x23, 0x42, 0x20, 0x20, 0x20,
  0xb0, 0x05, 0x26, 0x20, 0x2e, 0x47, 0x23, 0x47, 0x23, 0x61, 0x23, 0x3c,
  0x38, 0x2d, 0xb0, 0x3d, 0x2c, 0xb0, 0x00, 0x16, 0xb0, 0x17, 0x23, 0x42,
  0x20, 0xb0, 0x0a, 0x23, 0x42, 0x20, 0x20, 0x20, 0x46, 0x23, 0x47, 0xb0,
  0x01, 0x2b, 0x23, 0x61, 0x38, 0x2d, 0xb0, 0x3e, 0x2c, 0xb0, 0x00, 0x16,
  0xb0, 0x17, 0x23, 0x42, 0xb0, 0x03, 0x25, 0xb0, 0x02, 0x25, 0x47, 0x23,
  0x47, 0x23, 0x61, 0xb0, 0x00, 0x54, 0x58, 0x2e, 0x20, 0x3c, 0x23, 0x21,
  0x1b, 0xb0, 0x02, 0x25, 0xb0, 0x02, 0x25, 0x47, 0x23, 0x47, 0x23, 0x61,
  0x20, 0xb0, 0x05, 0x25, 0xb0, 0x04, 0x25, 0x47, 0x23, 0x47, 0x23, 0x61,
  0xb0, 0x06, 0x25, 0xb0, 0x05, 0x25, 0x49, 0xb0, 0x02, 0x25, 0x61, 0xb9,
  0x08, 0x00, 0x08, 0x00, 0x63, 0x63, 0x23, 0x20, 0x58, 0x62, 0x1b, 0x21,
  0x59, 0x63, 0xb8, 0x04, 0x00, 0x62, 0x20, 0xb0, 0x00, 0x50, 0x58, 0xb0,
  0x40, 0x60, 0x59, 0x66, 0xb0, 0x01, 0x63, 0x60, 0x23, 0x2e, 0x23, 0x20,
  0x20, 0x3c, 0x8a, 0x38, 0x23, 0x21, 0x59, 0x2d, 0xb0, 0x3f, 0x2c, 0xb0,
  0x00, 0x16, 0xb0, 0x17, 0x23, 0x42, 0x20, 0xb0, 0x0a, 0x43, 0x20, 0x2e,
  0x47, 0x23, 0x47, 0x23, 0x61, 0x20, 0x60, 0xb0, 0x20, 0x60, 0x66, 0xb0,
  0x02, 0x62, 0x20, 0xb0, 0x00, 0x50, 0x58, 0xb0, 0x40, 0x60, 0x59, 0x66,
  0xb0, 0x01, 0x63, 0x23, 0x20, 0x20, 0x3c, 0x8a, 0x38, 0x2d, 0xb0, 0x40,
  0x2c, 0x23, 0x20, 0x2e, 0x46, 0xb0, 0x02, 0x25, 0x46, 0xb0, 0x17, 0x43,
  0x58, 0x50, 0x1b, 0x52, 0x59, 0x58, 0x20, 0x3c, 0x59, 0x2e, 0xb1, 0x30,
  0x01, 0x14, 0x2b, 0x2d, 0xb0, 0x41, 0x2c, 0x23, 0x20, 0x2e, 0x46, 0xb0,
  0x02, 0x25, 0x46, 0xb0, 0x17, 0x43, 0x58, 0x52, 0x1b, 0x50, 0x59, 0x58,
  0x20, 0x3c, 0x59, 0x2e, 0xb1, 0x30, 0x01, 0x14, 0x2b, 0x2d, 0xb0, 0x42,
  0x2c, 0x23, 0x20, 0x2e, 0x46, 0xb0, 0x02, 0x25, 0x46, 0xb0, 0x17, 0x43,
  0x58, 0x50, 0x1b, 0x52, 0x59, 0x58, 0x20, 0x3c, 0x59, 0x23, 0x20, 0x2e,
  0x46, 0xb0, 0x02, 0x25, 0x46, 0xb0, 0x17, 0x43, 0x58, 0x52, 0x1b, 0x50,
  0x59, 0x58, 0x20, 0x3c, 0x59, 0x2e, 0xb1, 0x30, 0x01, 0x14, 0x2b, 0x2d,
  0xb0, 0x43, 0x2c, 0xb0, 0x3a, 0x2b, 0x23, 0x20, 0x2e, 0x46, 0xb0, 0x02,
  0x25, 0x46, 0xb0, 0x17, 0x43, 0x58, 0x50, 0x1b, 0x52, 0x59, 0x58, 0x20,
  0x3c, 0x59, 0x2e, 0xb1, 0x30, 0x01, 0x14, 0x2b, 0x2d, 0xb0, 0x44, 0x2c,
  0xb0, 0x3b, 0x2b, 0x8a, 0x20, 0x20, 0x3c, 0xb0, 0x06, 0x23, 0x42, 0x8a,
  0x38, 0x23, 0x20, 0x2e, 0x46, 0xb0, 0x02, 0x25, 0x46, 0xb0, 0x17, 0x43,
  0x58, 0x50, 0x1b, 0x52, 0x59, 0x58, 0x20, 0x3c, 0x59, 0x2e, 0xb1, 0x30,
  0x01, 0x14, 0x2b, 0xb0, 0x06, 0x43, 0x2e, 0xb0, 0x30, 0x2b, 0x2d, 0xb0,
  0x45, 0x2c, 0xb0, 0x00, 0x16, 0xb0, 0x04, 0x25, 0xb0, 0x04, 0x26, 0x20,
  0x20, 0x20, 0x46, 0x23, 0x47, 0x61, 0xb0, 0x0c, 0x23, 0x42, 0x2e, 0x47,
  0x23, 0x47, 0x23, 0x61, 0xb0, 0x0b, 0x43, 0x2b, 0x23, 0x20, 0x3c, 0x20,
  0x2e, 0x23, 0x38, 0xb1, 0x30, 0x01, 0x14, 0x2b, 0x2d, 0xb0, 0x46, 0x2c,
  0xb1, 0x0a, 0x04, 0x25, 0x42, 0xb0, 0x00, 0x16, 0xb0, 0x04, 0x25, 0xb0,
  0x04, 0x25, 0x20, 0x2e, 0x47, 0x23, 0x47, 0x23, 0x61, 0x20, 0xb0, 0x06,
  0x23, 0x42, 0xb1, 0x0c, 0x00, 0x42, 0xb0, 0x0b, 0x43, 0x2b, 0x20, 0xb0,
  0x60, 0x50, 0x58, 0x20, 0xb0, 0x40, 0x51, 0x58, 0xb3, 0x04, 0x20, 0x05,
  0x20, 0x1b, 0xb3, 0x04, 0x26, 0x05, 0x1a, 0x59, 0x42, 0x42, 0x23, 0x20,
  0x47, 0xb0, 0x06, 0x43, 0xb0, 0x02, 0x62, 0x20, 0xb0, 0x00, 0x50, 0x58,
  0xb0, 0x40, 0x60, 0x59, 0x66, 0xb0, 0x01, 0x63, 0x60, 0x20, 0xb0, 0x01,
  0x2b, 0x20, 0x8a, 0x8a, 0x61, 0x20, 0xb0, 0x04, 0x43, 0x60, 0x64, 0x23,
  0xb0, 0x05, 0x43, 0x61, 0x64, 0x50, 0x58, 0xb0, 0x04, 0x43, 0x61, 0x1b,
  0xb0, 0x05, 0x43, 0x60, 0x59, 0xb0, 0x03, 0x25, 0xb0, 0x02, 0x62, 0x20,
  0xb0, 0x00, 0x50, 0x58, 0xb0, 0x40, 0x60, 0x59, 0x66, 0xb0, 0x01, 0x63,
  0x61, 0xb0, 0x02, 0x25, 0x46, 0x61, 0x38, 0x23, 0x20, 0x3c, 0x23, 0x38,
  0x1b, 0x21, 0x20, 0x20, 0x46, 0x23, 0x47, 0xb0, 0x01, 0x2b, 0x23, 0x61,
  0x38, 0x21, 0x59, 0xb1, 0x30, 0x01, 0x14, 0x2b, 0x2d, 0xb0, 0x47, 0x2c,
  0xb1, 0x00, 0x3a, 0x2b, 0x2e, 0xb1, 0x30, 0x01, 0x14, 0x2b, 0x2d, 0xb0,
  0x48, 0x2c, 0xb1, 0x00, 0x3b, 0x2b, 0x21, 0x23, 0x20, 0x20, 0x3c, 0xb0,
  0x06, 0x23, 0x42, 0x23, 0x38, 0xb1, 0x30, 0x01, 0x14, 0x2b, 0xb0, 0x06,
  0x43, 0x2e, 0xb0, 0x30, 0x2b, 0x2d, 0xb0, 0x49, 0x2c, 0xb0, 0x00, 0x15,
  0x20, 0x47, 0xb0, 0x00, 0x23, 0x42, 0xb2, 0x00, 0x01, 0x01, 0x15, 0x14,
  0x13, 0x2e, 0xb0, 0x36, 0x2a, 0x2d, 0xb0, 0x4a, 0x2c, 0xb0, 0x00, 0x15,
  0x20, 0x47, 0xb0, 0x00, 0x23, 0x42, 0xb2, 0x00, 0x01, 0x01, 0x15, 0x14,
  0x13, 0x2e, 0xb0, 0x36, 0x2a, 0x2d, 0xb0, 0x4b, 0x2c, 0xb1, 0x00, 0x01,
  0x14, 0x13, 0xb0, 0x37, 0x2a, 0x2d, 0xb0, 0x4c, 0x2c, 0xb0, 0x39, 0x2a,
  0x2d, 0xb0, 0x4d, 0x2c, 0xb0, 0x00, 0x16, 0x45, 0x23, 0x20, 0x2e, 0x20,
  0x46, 0x8a, 0x23, 0x61, 0x38, 0xb1, 0x30, 0x01, 0x14, 0x2b, 0x2d, 0xb0,
  0x4e, 0x2c, 0xb0, 0x0a, 0x23, 0x42, 0xb0, 0x4d, 0x2b, 0x2d, 0xb0, 0x4f,
  0x2c, 0xb2, 0x00, 0x00, 0x46, 0x2b, 0x2d, 0xb0, 0x50, 0x2c, 0xb2, 0x00,
  0x01, 0x46, 0x2b, 0x2d, 0xb0, 0x51, 0x2c, 0xb2, 0x01, 0x00, 0x46, 0x2b,
  0x2d, 0xb0, 0x52, 0x2c, 0xb2, 0x01, 0x01, 0x46, 0x2b, 0x2d, 0xb0, 0x53,
  0x2c, 0xb2, 0x00, 0x00, 0x47, 0x2b, 0x2d, 0xb0, 0x54, 0x2c, 0xb2, 0x00,
  0x01, 0x47, 0x2b, 0x2d, 0xb0, 0x55, 0x2c, 0xb2, 0x01, 0x00, 0x47, 0x2b,
  0x2d, 0xb0, 0x56, 0x2c, 0xb2, 0x01, 0x01, 0x47, 0x2b, 0x2d, 0xb0, 0x57,
  0x2c, 0xb3, 0x00, 0x00, 0x00, 0x43, 0x2b, 0x2d, 0xb0, 0x58, 0x2c, 0xb3,
  0x00, 0x01, 0x00, 0x43, 0x2b, 0x2d, 0xb0, 0x59, 0x2c, 0xb3, 0x01, 0x00,
  0x00, 0x43, 0x2b, 0x2d, 0xb0, 0x5a, 0x2c, 0xb3, 0x01, 0x01, 0x00, 0x43,
  0x2b, 0x2d, 0xb0, 0x5b, 0x2c, 0xb3, 0x00, 0x00, 0x01, 0x43, 0x2b, 0x2d,
  0xb0, 0x5c, 0x2c, 0xb3, 0x00, 0x01, 0x01, 0x43, 0x2b, 0x2d, 0xb0, 0x5d,
  0x2c, 0xb3, 0x01, 0x00, 0x01, 0x43, 0x2b, 0x2d, 0xb0, 0x5e, 0x2c, 0xb3,
  0x01, 0x01, 0x01, 0x43, 0x2b, 0x2d, 0xb0, 0x5f, 0x2c, 0xb2, 0x00, 0x00,
  0x45, 0x2b, 0x2d, 0xb0, 0x60, 0x2c, 0xb2, 0x00, 0x01, 0x45, 0x2b, 0x2d,
  0xb0, 0x61, 0x2c, 0xb2, 0x01, 0x00, 0x45, 0x2b, 0x2d, 0xb0, 0x62, 0x2c,
  0xb2, 0x01, 0x01, 0x45, 0x2b, 0x2d, 0xb0, 0x63, 0x2c, 0xb2, 0x00, 0x00,
  0x48, 0x2b, 0x2d, 0xb0, 0x64, 0x2c, 0xb2, 0x00, 0x01, 0x48, 0x2b, 0x2d,
  0xb0, 0x65, 0x2c, 0xb2, 0x01, 0x00, 0x48, 0x2b, 0x2d, 0xb0, 0x66, 0x2c,
  0xb2, 0x01, 0x01, 0x48, 0x2b, 0x2d, 0xb0, 0x67, 0x2c, 0xb3, 0x00, 0x00,
  0x00, 0x44, 0x2b, 0x2d, 0xb0, 0x68, 0x2c, 0xb3, 0x00, 0x01, 0x00, 0x44,
  0x2b, 0x2d, 0xb0, 0x69, 0x2c, 0xb3, 0x01, 0x00, 0x00, 0x44, 0x2b, 0x2d,
  0xb0, 0x6a, 0x2c, 0xb3, 0x01, 0x01, 0x00, 0x44, 0x2b, 0x2d, 0xb0, 0x6b,
  0x2c, 0xb3, 0x00, 0x00, 0x01, 0x44, 0x2b, 0x2d, 0xb0, 0x6c, 0x2c, 0xb3,
  0x00, 0x01, 0x01, 0x44, 0x2b, 0x2d, 0xb0, 0x6d, 0x2c, 0xb3, 0x01, 0x00,
  0x01, 0x44, 0x2b, 0x2d, 0xb0, 0x6e, 0x2c, 0xb3, 0x01, 0x01, 0x01, 0x44,
  0x2b, 0x2d, 0xb0, 0x6f, 0x2c, 0xb1, 0x00, 0x3c, 0x2b, 0x2e, 0xb1, 0x30,
  0x01, 0x14, 0x2b, 0x2d, 0xb0, 0x70, 0x2c, 0xb1, 0x00, 0x3c, 0x2b, 0xb0,
  0x40, 0x2b, 0x2d, 0xb0, 0x71, 0x2c, 0xb1, 0x00, 0x3c, 0x2b, 0xb0, 0x41,
  0x2b, 0x2d, 0xb0, 0x72, 0x2c, 0xb0, 0x00, 0x16, 0xb1, 0x00, 0x3c, 0x2b,
  0xb0, 0x42, 0x2b, 0x2d, 0xb0, 0x73, 0x2c, 0xb1, 0x01, 0x3c, 0x2b, 0xb0,
  0x40, 0x2b, 0x2d, 0xb0, 0x74, 0x2c, 0xb1, 0x01, 0x3c, 0x2b, 0xb0, 0x41,
  0x2b, 0x2d, 0xb0, 0x75, 0x2c, 0xb0, 0x00, 0x16, 0xb1, 0x01, 0x3c, 0x2b,
  0xb0, 0x42, 0x2b, 0x2d, 0xb0, 0x76, 0x2c, 0xb1, 0x00, 0x3d, 0x2b, 0x2e,
  0xb1, 0x30, 0x01, 0x14, 0x2b, 0x2d, 0xb0, 0x77, 0x2c, 0xb1, 0x00, 0x3d,
  0x2b, 0xb0, 0x40, 0x2b, 0x2d, 0xb0, 0x78, 0x2c, 0xb1, 0x00, 0x3d, 0x2b,
  0xb0, 0x41, 0x2b, 0x2d, 0xb0, 0x79, 0x2c, 0xb1, 0x00, 0x3d, 0x2b, 0xb0,
  0x42, 0x2b, 0x2d, 0xb0, 0x7a, 0x2c, 0xb1, 0x01, 0x3d, 0x2b, 0xb0, 0x40,
  0x2b, 0x2d, 0xb0, 0x7b, 0x2c, 0xb1, 0x01, 0x3d, 0x2b, 0xb0, 0x41, 0x2b,
  0x2d, 0xb0, 0x7c, 0x2c, 0xb1, 0x01, 0x3d, 0x2b, 0xb0, 0x42, 0x2b, 0x2d,
  0xb0, 0x7d, 0x2c, 0xb1, 0x00, 0x3e, 0x2b, 0x2e, 0xb1, 0x30, 0x01, 0x14,
  0x2b, 0x2d, 0xb0, 0x7e, 0x2c, 0xb1, 0x00, 0x3e, 0x2b, 0xb0, 0x40, 0x2b,
  0x2d, 0xb0, 0x7f, 0x2c, 0xb1, 0x00, 0x3e, 0x2b, 0xb0, 0x41, 0x2b, 0x2d,
  0xb0, 0x80, 0x2c, 0xb1, 0x00, 0x3e, 0x2b, 0xb0, 0x42, 0x2b, 0x2d, 0xb0,
  0x81, 0x2c, 0xb1, 0x01, 0x3e, 0x2b, 0xb0, 0x40, 0x2b, 0x2d, 0xb0, 0x82,
  0x2c, 0xb1, 0x01, 0x3e, 0x2b, 0xb0, 0x41, 0x2b, 0x2d, 0xb0, 0x83, 0x2c,
  0xb1, 0x01, 0x3e, 0x2b, 0xb0, 0x42, 0x2b, 0x2d, 0xb0, 0x84, 0x2c, 0xb1,
  0x00, 0x3f, 0x2b, 0x2e, 0xb1, 0x30, 0x01, 0x14, 0x2b, 0x2d, 0xb0, 0x85,
  0x2c, 0xb1, 0x00, 0x3f, 0x2b, 0xb0, 0x40, 0x2b, 0x2d, 0xb0, 0x86, 0x2c,
  0xb1, 0x00, 0x3f, 0x2b, 0xb0, 0x41, 0x2b, 0x2d, 0xb0, 0x87, 0x2c, 0xb1,
  0x00, 0x3f, 0x2b, 0xb0, 0x42, 0x2b, 0x2d, 0xb0, 0x88, 0x2c, 0xb1, 0x01,
  0x3f, 0x2b, 0xb0, 0x40, 0x2b, 0x2d, 0xb0, 0x89, 0x2c, 0xb1, 0x01, 0x3f,
  0x2b, 0xb0, 0x41, 0x2b, 0x2d, 0xb0, 0x8a, 0x2c, 0xb1, 0x01, 0x3f, 0x2b,
  0xb0, 0x42, 0x2b, 0x2d, 0xb0, 0x8b, 0x2c, 0xb2, 0x0b, 0x00, 0x03, 0x45,
  0x50, 0x58, 0xb0, 0x06, 0x1b, 0xb2, 0x04, 0x02, 0x03, 0x45, 0x58, 0x23,
  0x21, 0x1b, 0x21, 0x59, 0x59, 0x42, 0x2b, 0xb0, 0x08, 0x65, 0xb0, 0x03,
  0x24, 0x50, 0x78, 0xb1, 0x05, 0x01, 0x15, 0x45, 0x58, 0x30, 0x59, 0x2d,
  0x00, 0x4b, 0xb8, 0x00, 0xc8, 0x52, 0x58, 0xb1, 0x01, 0x01, 0x8e, 0x59,
  0xb0, 0x01, 0xb9, 0x08, 0x00, 0x08, 0x00, 0x63, 0x70, 0xb1, 0x00, 0x07,
  0x42, 0x40, 0x0b, 0x93, 0x83, 0x73, 0x00, 0x5d, 0x51, 0x41, 0x00, 0x2d,
  0x09, 0x00, 0x2a, 0xb1, 0x00, 0x07, 0x42, 0x40, 0x14, 0x88, 0x08, 0x78,
  0x08, 0x68, 0x08, 0x62, 0x02, 0x56, 0x06, 0x46, 0x08, 0x3a, 0x06, 0x32,
  0x04, 0x24, 0x07, 0x09, 0x0a, 0x2a, 0xb1, 0x00, 0x07, 0x42, 0x40, 0x14,
  0x90, 0x06, 0x80, 0x06, 0x70, 0x06, 0x65, 0x00, 0x5c, 0x04, 0x4e, 0x06,
  0x40, 0x04, 0x36, 0x02, 0x2b, 0x05, 0x09, 0x0a, 0x2a, 0xb1, 0x00, 0x10,
  0x42, 0x41, 0x0b, 0x22, 0x40, 0x1e, 0x40, 0x1a, 0x40, 0x18, 0xc0, 0x15,
  0xc0, 0x11, 0xc0, 0x0e, 0xc0, 0x0c, 0xc0, 0x09, 0x40, 0x00, 0x09, 0x00,
  0x0b, 0x2a, 0xb1, 0x00, 0x19, 0x42, 0x41, 0x0b, 0x00, 0x40, 0x00, 0x40,
  0x00, 0x40, 0x00, 0x40, 0x00, 0x40, 0x00, 0x40, 0x00, 0x40, 0x00, 0x40,
  0x00, 0x40, 0x00, 0x09, 0x00, 0x0b, 0x2a, 0xb9, 0x00, 0x03, 0x00, 0x00,
  0x44, 0xb1, 0x24, 0x01, 0x88, 0x51, 0x58, 0xb0, 0x40, 0x88, 0x58, 0xb9,
  0x00, 0x03, 0x00, 0x64, 0x44, 0xb1, 0x28, 0x01, 0x88, 0x51, 0x58, 0xb8,
  0x08, 0x00, 0x88, 0x58, 0xb9, 0x00, 0x03, 0x00, 0x00, 0x44, 0x59, 0x1b,
  0xb1, 0x27, 0x01, 0x88, 0x51, 0x58, 0xba, 0x08, 0x80, 0x00, 0x01, 0x04,
  0x40, 0x88, 0x63, 0x54, 0x58, 0xb9, 0x00, 0x03, 0x00, 0x00, 0x44, 0x59,
  0x59, 0x59, 0x59, 0x59, 0x40, 0x14, 0x8a, 0x06, 0x7a, 0x06, 0x6a, 0x06,
  0x64, 0x01, 0x58, 0x04, 0x48, 0x06, 0x3c, 0x04, 0x34, 0x02, 0x26, 0x05,
  0x09, 0x0e, 0x2a, 0xb8, 0x01, 0xff, 0x85, 0xb0, 0x04, 0x8d, 0xb1, 0x02,
  0x00, 0x44, 0xb3, 0x05, 0x64, 0x06, 0x00, 0x44, 0x44, 0x00, 0x00, 0x00,
  0x00, 0x00, 0x00, 0x00, 0x00, 0x00, 0x00, 0x00, 0x00, 0x00, 0x00, 0x00,
  0x00, 0x00, 0x00, 0x00, 0x00, 0x00, 0x00, 0x00, 0x00, 0x00, 0x00, 0x00,
  0x00, 0x00, 0x00, 0x00, 0x00, 0x00, 0x00, 0x00, 0x00, 0x00, 0x00, 0x00,
  0x00, 0x00, 0x00, 0x00, 0x00, 0x00, 0x00, 0x00, 0x00, 0x00, 0x00, 0x00,
  0x00, 0x00, 0x00, 0x00, 0x00, 0x00, 0x00, 0x00, 0x00, 0x00, 0x00, 0x00,
  0x00, 0x00, 0x00, 0x00, 0x00, 0x00, 0x00, 0x00, 0x00, 0x3c, 0x00, 0x3c,
  0x00, 0x31, 0x00, 0x31, 0x02, 0xca, 0x00, 0x00, 0x02, 0x14, 0x00, 0x00,
  0xff, 0x14, 0x02, 0xd5, 0xff, 0xf6, 0x02, 0x1e, 0xff, 0xf6, 0xff, 0x0f,
  0x00, 0x3b, 0x00, 0x3b, 0x00, 0x32, 0x00, 0x32, 0x02, 0x36, 0x00, 0x00,
  0x02, 0x3f, 0xff, 0xf8, 0x00, 0x3b, 0x00, 0x3b, 0x00, 0x32, 0x00, 0x32,
  0x02, 0x36, 0x02, 0x36, 0x00, 0x00, 0x00, 0x00, 0x02, 0x3f, 0x02, 0x3f,
  0xff, 0xf8, 0x00, 0x00, 0x00, 0x3b, 0x00, 0x3b, 0x00, 0x31, 0x00, 0x31,
  0x02, 0xca, 0xff, 0xf6, 0x02, 0xf8, 0x02, 0x14, 0xff, 0xf6, 0xff, 0x14,
  0x02, 0xd5, 0xff, 0xf6, 0x02, 0xfd, 0x02, 0x1e, 0xff, 0xf6, 0xff, 0x10,
  0x00, 0x31, 0x00, 0x31, 0x00, 0x2c, 0x00, 0x2c, 0x01, 0x68, 0x00, 0xe5,
  0xff, 0xa0, 0xff, 0x12, 0x01, 0x68, 0x00, 0xe5, 0xff, 0x9a, 0xff, 0x12,
  0x00, 0x31, 0x00, 0x31, 0x00, 0x2c, 0x00, 0x2c, 0x01, 0x1f, 0x01, 0x1f,
  0x00, 0x3b, 0x00, 0x3b, 0x00, 0x31, 0x00, 0x31, 0x02, 0xca, 0x00, 0x00,
  0x02, 0xe8, 0x02, 0x14, 0x00, 0x00, 0xff, 0x14, 0x02, 0xd5, 0xff, 0xf6,
  0x02, 0xe8, 0x02, 0x1e, 0xff, 0xf6, 0xff, 0x10, 0x00, 0x26, 0x00, 0x26,
  0x00, 0x1d, 0x00, 0x1d, 0x01, 0x2a, 0xff, 0x7e, 0x01, 0x5e, 0x00, 0xdf,
  0xff, 0xa0, 0xff, 0x12, 0x01, 0x32, 0xff, 0x78, 0x01, 0x5e, 0x00, 0xe5,
  0xff, 0x9a, 0xff, 0x12, 0x00, 0x26, 0x00, 0x26, 0x00, 0x1d, 0x00, 0x1d,
  0x02, 0xcb, 0x01, 0xa0, 0x02, 0xdd, 0x02, 0x5e, 0x01, 0x1f, 0x00, 0x91,
  0x02, 0xdd, 0x01, 0x98, 0x02, 0xdd, 0x02, 0x64, 0x01, 0x19, 0x00, 0x8f,
  0x00, 0x00, 0x00, 0x07, 0x00, 0x5a, 0x00, 0x03, 0x00, 0x01, 0x04, 0x09,
  0x00, 0x00, 0x00, 0xb6, 0x00, 0x00, 0x00, 0x03, 0x00, 0x01, 0x04, 0x09,
  0x00, 0x01, 0x00, 0x1e, 0x00, 0xb6, 0x00, 0x03, 0x00, 0x01, 0x04, 0x09,
  0x00, 0x02, 0x00, 0x0e, 0x00, 0xd4, 0x00, 0x03, 0x00, 0x01, 0x04, 0x09,
  0x00, 0x03, 0x00, 0x32, 0x00, 0xe2, 0x00, 0x03, 0x00, 0x01, 0x04, 0x09,
  0x00, 0x04, 0x00, 0x1e, 0x00, 0xb6, 0x00, 0x03, 0x00, 0x01, 0x04, 0x09,
  0x00, 0x05, 0x00, 0x54, 0x01, 0x14, 0x00, 0x03, 0x00, 0x01, 0x04, 0x09,
  0x00, 0x06, 0x00, 0x1c, 0x01, 0x68, 0x00, 0x43, 0x00, 0x6f, 0x00, 0x70,
  0x00, 0x79, 0x00, 0x72, 0x00, 0x69, 0x00, 0x67, 0x00, 0x68, 0x00, 0x74,
  0x00, 0x20, 0x00, 0x32, 0x00, 0x30, 0x00, 0x32, 0x00, 0x32, 0x00, 0x20,
  0x00, 0x54, 0x00, 0x68, 0x00, 0x65, 0x00, 0x20, 0x00, 0x4e, 0x00, 0x6f,
  0x00, 0x74, 0x00, 0x6f, 0x00, 0x20, 0x00, 0x50, 0x00, 0x72, 0x00, 0x6f,
  0x00, 0x6a, 0x00, 0x65, 0x00, 0x63, 0x00, 0x74, 0x00, 0x20, 0x00, 0x41,
  0x00, 0x75, 0x00, 0x74, 0x00, 0x68, 0x00, 0x6f, 0x00, 0x72, 0x00, 0x73,
  0x00, 0x20, 0x00, 0x28, 0x00, 0x68, 0x00, 0x74, 0x00, 0x74, 0x00, 0x70,
  0x00, 0x73, 0x00, 0x3a, 0x00, 0x2f, 0x00, 0x2f, 0x00, 0x67, 0x00, 0x69,
  0x00, 0x74, 0x00, 0x68, 0x00, 0x75, 0x00, 0x62, 0x00, 0x2e, 0x00, 0x63,
  0x00, 0x6f, 0x00, 0x6d, 0x00, 0x2f, 0x00, 0x6e, 0x00, 0x6f, 0x00, 0x74,
  0x00, 0x6f, 0x00, 0x66, 0x00, 0x6f, 0x00, 0x6e, 0x00, 0x74, 0x00, 0x73,
  0x00, 0x2f, 0x00, 0x6c, 0x00, 0x61, 0x00, 0x74, 0x00, 0x69, 0x00, 0x6e,
  0x00, 0x2d, 0x00, 0x67, 0x00, 0x72, 0x00, 0x65, 0x00, 0x65, 0x00, 0x6b,
  0x00, 0x2d, 0x00, 0x63, 0x00, 0x79, 0x00, 0x72, 0x00, 0x69, 0x00, 0x6c,
  0x00, 0x6c, 0x00, 0x69, 0x00, 0x63, 0x00, 0x29, 0x00, 0x4e, 0x00, 0x6f,
  0x00, 0x74, 0x00, 0x6f, 0x00, 0x20, 0x00, 0x53, 0x00, 0x61, 0x00, 0x6e,
  0x00, 0x73, 0x00, 0x20, 0x00, 0x4c, 0x00, 0x69, 0x00, 0x67, 0x00, 0x68,
  0x00, 0x74, 0x00, 0x52, 0x00, 0x65, 0x00, 0x67, 0x00, 0x75, 0x00, 0x6c,
  0x00, 0x61, 0x00, 0x72, 0x00, 0x32, 0x00, 0x2e, 0x00, 0x30, 0x00, 0x31,
  0x00, 0x35, 0x00, 0x3b, 0x00, 0x47, 0x00, 0x4f, 0x00, 0x4f, 0x00, 0x47,
  0x00, 0x3b, 0x00, 0x4e, 0x00, 0x6f, 0x00, 0x74, 0x00, 0x6f, 0x00, 0x53,
  0x00, 0x61, 0x00, 0x6e, 0x00, 0x73, 0x00, 0x2d, 0x00, 0x4c, 0x00, 0x69,
  0x00, 0x67, 0x00, 0x68, 0x00, 0x74, 0x00, 0x56, 0x00, 0x65, 0x00, 0x72,
  0x00, 0x73, 0x00, 0x69, 0x00, 0x6f, 0x00, 0x6e, 0x00, 0x20, 0x00, 0x32,
  0x00, 0x2e, 0x00, 0x30, 0x00, 0x31, 0x00, 0x35, 0x00, 0x3b, 0x00, 0x20,
  0x00, 0x74, 0x00, 0x74, 0x00, 0x66, 0x00, 0x61, 0x00, 0x75, 0x00, 0x74,
  0x00, 0x6f, 0x00, 0x68, 0x00, 0x69, 0x00, 0x6e, 0x00, 0x74, 0x00, 0x20,
  0x00, 0x28, 0x00, 0x76, 0x00, 0x31, 0x00, 0x2e, 0x00, 0x38, 0x00, 0x2e,
  0x00, 0x34, 0x00, 0x2e, 0x00, 0x37, 0x00, 0x2d, 0x00, 0x35, 0x00, 0x64,
  0x00, 0x35, 0x00, 0x62, 0x00, 0x29, 0x00, 0x4e, 0x00, 0x6f, 0x00, 0x74,
  0x00, 0x6f, 0x00, 0x53, 0x00, 0x61, 0x00, 0x6e, 0x00, 0x73, 0x00, 0x2d,
  0x00, 0x4c, 0x00, 0x69, 0x00, 0x67, 0x00, 0x68, 0x00, 0x74, 0x00, 0x00,
  0x00, 0x03, 0x00, 0x00, 0x00, 0x00, 0x00, 0x00, 0xff, 0x9c, 0x00, 0x32,
  0x00, 0x00, 0x00, 0x00, 0x00, 0x00, 0x00, 0x00, 0x00, 0x00, 0x00, 0x00,
  0x00, 0x00, 0x00, 0x00, 0x00, 0x00, 0x00, 0x00, 0x00, 0x01, 0x00, 0x01,
  0xff, 0xff, 0x00, 0x0f, 0x00, 0x01, 0x00, 0x00, 0x00, 0x0c, 0x00, 0x00,
  0x00, 0x00, 0x00, 0x00, 0x00, 0x02, 0x00, 0x03, 0x00, 0x1d, 0x00, 0x1f,
  0x00, 0x01, 0x00, 0x22, 0x00, 0x3b, 0x00, 0x01, 0x00, 0x42, 0x00, 0x5b,
  0x00, 0x01, 0x00, 0x00, 0x00, 0x01, 0x00, 0x00, 0x00, 0x0a, 0x00, 0x30,
  0x00, 0x40, 0x00, 0x04, 0x44, 0x46, 0x4c, 0x54, 0x00, 0x1a, 0x63, 0x79,
  0x72, 0x6c, 0x00, 0x1a, 0x67, 0x72, 0x65, 0x6b, 0x00, 0x1a, 0x6c, 0x61,
  0x74, 0x6e, 0x00, 0x1a, 0x00, 0x04, 0x00, 0x00, 0x00, 0x00, 0xff, 0xff,
  0x00, 0x01, 0x00, 0x00, 0x00, 0x01, 0x6b, 0x65, 0x72, 0x6e, 0x00, 0x08,
  0x00, 0x00, 0x00, 0x02, 0x00, 0x01, 0x00, 0x00, 0x00, 0x02, 0x00, 0x06,
  0x06, 0xf8, 0x00, 0x02, 0x00, 0x08, 0x00, 0x02, 0x00, 0x0a, 0x00, 0xf6,
  0x00, 0x01, 0x00, 0x34, 0x00, 0x04, 0x00, 0x00, 0x00, 0x15, 0x00, 0x62,
  0x00, 0xe2, 0x00, 0x74, 0x00, 0x7a, 0x00, 0xb2, 0x00, 0x84, 0x00, 0x8a,
  0x00, 0xb2, 0x00, 0xa8, 0x00, 0xb2, 0x00, 0xb8, 0x00, 0xdc, 0x00, 0xdc,
  0x00, 0xc2, 0x00, 0xe2, 0x00, 0xcc, 0x00, 0xd2, 0x00, 0xdc, 0x00, 0xdc,
  0x00, 0xdc, 0x00, 0xe2, 0x00, 0x01, 0x00, 0x15, 0x00, 0x07, 0x00, 0x09,
  0x00, 0x22, 0x00, 0x23, 0x00, 0x25, 0x00, 0x26, 0x00, 0x27, 0x00, 0x30,
  0x00, 0x31, 0x00, 0x32, 0x00, 0x35, 0x00, 0x37, 0x00, 0x38, 0x00, 0x3a,
  0x00, 0x3c, 0x00, 0x40, 0x00, 0x44, 0x00, 0x57, 0x00, 0x58, 0x00, 0x5a,
  0x00, 0x5c, 0x00, 0x04, 0x00, 0x35, 0xff, 0xc4, 0x00, 0x37, 0xff, 0xec,
  0x00, 0x38, 0xff, 0xec, 0x00, 0x3a, 0xff, 0xe2, 0x00, 0x01, 0x00, 0x2b,
  0x00, 0x32, 0x00, 0x02, 0x00, 0x0d, 0xff, 0xf6, 0x00, 0x0f, 0xff, 0xf6,
  0x00, 0x01, 0x00, 0x2b, 0x00, 0x3c, 0x00, 0x07, 0x00, 0x0a, 0x00, 0x14,
  0x00, 0x0d, 0xff, 0xc4, 0x00, 0x0f, 0xff, 0xc4, 0x00, 0x20, 0x00, 0x14,
  0x00, 0x22, 0xff, 0xec, 0x00, 0x3e, 0x00, 0x14, 0x00, 0x5e, 0x00, 0x14,
  0x00, 0x02, 0x00, 0x07, 0xff, 0xf6, 0x00, 0x39, 0xff, 0xec, 0x00, 0x01,
  0x00, 0x39, 0xff, 0xec, 0x00, 0x02, 0x00, 0x07, 0xff, 0xec, 0x00, 0x20,
  0x00, 0x14, 0x00, 0x02, 0x00, 0x07, 0xff, 0xe2, 0x00, 0x20, 0x00, 0x14,
  0x00, 0x01, 0x00, 0x2b, 0x00, 0x5f, 0x00, 0x02, 0x00, 0x03, 0x00, 0x14,
  0x00, 0x08, 0x00, 0x14, 0x00, 0x01, 0x00, 0x20, 0x00, 0x14, 0x00, 0x02,
  0x00, 0x2b, 0x00, 0x5a, 0x00, 0x4b, 0x00, 0x28, 0x00, 0x02, 0x04, 0x32,
  0x00, 0x04, 0x00, 0x00, 0x04, 0x84, 0x05, 0x3e, 0x00, 0x17, 0x00, 0x17,
  0x00, 0x00, 0x00, 0x00, 0x00, 0x00, 0x00, 0x00, 0x00, 0x00, 0x00, 0x00,
  0x00, 0x00, 0xff, 0xec, 0x00, 0x00, 0x00, 0x00, 0x00, 0x00, 0x00, 0x00,
  0x00, 0x00, 0x00, 0x00, 0x00, 0x00, 0x00, 0x00, 0x00, 0x00, 0x00, 0x00,
  0x00, 0x00, 0xff, 0xf6, 0xff, 0xf6, 0x00, 0x00, 0x00, 0x00, 0x00, 0x00,
  0x00, 0x00, 0x00, 0x00, 0x00, 0x00, 0x00, 0x00, 0x00, 0x00, 0x00, 0x00,
  0x00, 0x00, 0x00, 0x00, 0x00, 0x00, 0x00, 0x00, 0x00, 0x00, 0x00, 0x00,
  0x00, 0x00, 0x00, 0x00, 0x00, 0x00, 0x00, 0x00, 0x00, 0x00, 0x00, 0x00,
  0xff, 0xf6, 0x00, 0x00, 0x00, 0x00, 0x00, 0x00, 0x00, 0x00, 0x00, 0x00,
  0xff, 0xec, 0x00, 0x00, 0x00, 0x00, 0x00, 0x00, 0x00, 0x00, 0x00, 0x00,
  0x00, 0x00, 0xff, 0xc4, 0xff, 0xd8, 0x00, 0x00, 0xff, 0xba, 0x00, 0x00,
  0x00, 0x00, 0x00, 0x00, 0x00, 0x00, 0x00, 0x00, 0x00, 0x00, 0xff, 0xba,
  0x00, 0x00, 0x00, 0x00, 0x00, 0x00, 0x00, 0x00, 0x00, 0x00, 0x00, 0x00,
  0x00, 0x00, 0x00, 0x00, 0xff, 0xec, 0x00, 0x00, 0x00, 0x00, 0x00, 0x00,
  0xff, 0xf6, 0xff, 0xf6, 0x00, 0x00, 0xff, 0xe2, 0xff, 0xd8, 0x00, 0x00,
  0x00, 0x00, 0x00, 0x00, 0xff, 0xf6, 0x00, 0x00, 0x00, 0x00, 0x00, 0x00,
  0x00, 0x00, 0x00, 0x00, 0x00, 0x00, 0x00, 0x00, 0x00, 0x00, 0x00, 0x00,
  0x00, 0x00, 0x00, 0x00, 0x00, 0x00, 0x00, 0x00, 0x00, 0x00, 0x00, 0x00,
  0x00, 0x00, 0x00, 0x00, 0x00, 0x00, 0x00, 0x00, 0x00, 0x00, 0x00, 0x00,
  0x00, 0x00, 0x00, 0x00, 0x00, 0x00, 0x00, 0x00, 0x00, 0x00, 0x00, 0x00,
  0x00, 0x00, 0x00, 0x00, 0x00, 0x00, 0x00, 0x00, 0x00, 0x00, 0x00, 0x00,
  0x00, 0x00, 0x00, 0x00, 0x00, 0x00, 0x00, 0x00, 0x00, 0x00, 0x00, 0x00,
  0x00, 0x00, 0x00, 0x00, 0xff, 0xd8, 0x00, 0x00, 0x00, 0x00, 0x00, 0x00,
  0x00, 0x00, 0x00, 0x00, 0x00, 0x28, 0x00, 0x00, 0x00, 0x00, 0x00, 0x00,
  0x00, 0x00, 0x00, 0x00, 0x00, 0x00, 0x00, 0x00, 0x00, 0x00, 0xff, 0xf6,
  0x00, 0x00, 0x00, 0x00, 0x00, 0x00, 0x00, 0x00, 0x00, 0x00, 0x00, 0x00,
  0x00, 0x00, 0xff, 0xec, 0x00, 0x00, 0x00, 0x00, 0x00, 0x00, 0x00, 0x00,
  0x00, 0x00, 0x00, 0x00, 0x00, 0x00, 0x00, 0x00, 0x00, 0x00, 0x00, 0x00,
  0xff, 0xce, 0xff, 0xec, 0xff, 0xe2, 0xff, 0xce, 0xff, 0xc4, 0x00, 0x00,
  0x00, 0x00, 0x00, 0x00, 0x00, 0x00, 0x00, 0x00, 0x00, 0x00, 0x00, 0x00,
  0xff, 0xc4, 0xff, 0xce, 0xff, 0xd8, 0x00, 0x00, 0x00, 0x00, 0x00, 0x00,
  0x00, 0x00, 0xff, 0xec, 0x00, 0x00, 0x00, 0x00, 0x00, 0x00, 0x00, 0x00,
  0xff, 0xec, 0x00, 0x00, 0x00, 0x00, 0x00, 0x00, 0x00, 0x00, 0x00, 0x00,
  0x00, 0x00, 0x00, 0x00, 0x00, 0x00, 0x00, 0x00, 0x00, 0x00, 0x00, 0x00,
  0x00, 0x00, 0x00, 0x00, 0x00, 0x00, 0x00, 0x00, 0x00, 0x00, 0x00, 0x00,
  0x00, 0x00, 0x00, 0x00, 0x00, 0x00, 0x00, 0x00, 0x00, 0x00, 0xff, 0xec,
  0x00, 0x00, 0x00, 0x00, 0x00, 0x00, 0xff, 0xf6, 0x00, 0x00, 0x00, 0x00,
  0xff, 0xe2, 0xff, 0xec, 0x00, 0x00, 0xff, 0xec, 0x00, 0x00, 0x00, 0x00,
  0x00, 0x00, 0x00, 0x00, 0x00, 0x00, 0x00, 0x00, 0xff, 0xb0, 0x00, 0x00,
  0x00, 0x00, 0x00, 0x00, 0x00, 0x00, 0xff, 0xec, 0xff, 0xf6, 0xff, 0xf6,
  0xff, 0xec, 0xff, 0xd8, 0x00, 0x00, 0x00, 0x00, 0x00, 0x00, 0x00, 0x00,
  0x00, 0x00, 0x00, 0x00, 0x00, 0x00, 0xff, 0xce, 0xff, 0xf6, 0xff, 0xf6,
  0x00, 0x00, 0x00, 0x00, 0x00, 0x00, 0x00, 0x00, 0x00, 0x00, 0x00, 0x00,
  0x00, 0x00, 0x00, 0x00, 0xff, 0xc4, 0x00, 0x00, 0xff, 0xe2, 0xff, 0xd8,
  0xff, 0xba, 0x00, 0x00, 0x00, 0x00, 0x00, 0x00, 0x00, 0x0a, 0x00, 0x14,
  0x00, 0x00, 0x00, 0x14, 0x00, 0x00, 0xff, 0xe2, 0xff, 0xe2, 0x00, 0x00,
  0x00, 0x00, 0x00, 0x00, 0x00, 0x00, 0x00, 0x00, 0x00, 0x00, 0x00, 0x00,
  0x00, 0x00, 0xff, 0xba, 0xff, 0xec, 0xff, 0xce, 0xff, 0xb0, 0xff, 0xba,
  0x00, 0x00, 0xff, 0xec, 0x00, 0x00, 0x00, 0x00, 0x00, 0x00, 0x00, 0x00,
  0x00, 0x14, 0xff, 0xc4, 0xff, 0xba, 0xff, 0xc4, 0x00, 0x00, 0x00, 0x00,
  0xff, 0xd8, 0x00, 0x00, 0xff, 0xd8, 0x00, 0x00, 0x00, 0x00, 0x00, 0x00,
  0x00, 0x00, 0x00, 0x00, 0x00, 0x00, 0x00, 0x00, 0x00, 0x00, 0x00, 0x00,
  0x00, 0x00, 0x00, 0x00, 0x00, 0x00, 0x00, 0x00, 0x00, 0x00, 0x00, 0x00,
  0x00, 0x00, 0x00, 0x00, 0x00, 0x00, 0x00, 0x00, 0x00, 0x00, 0x00, 0x00,
  0x00, 0x14, 0x00, 0x00, 0x00, 0x00, 0x00, 0x00, 0x00, 0x00, 0x00, 0x00,
  0xff, 0xf6, 0x00, 0x00, 0x00, 0x00, 0x00, 0x00, 0x00, 0x00, 0x00, 0x00,
  0x00, 0x00, 0x00, 0x00, 0x00, 0x00, 0x00, 0x00, 0x00, 0x00, 0x00, 0x00,
  0x00, 0x00, 0x00, 0x00, 0x00, 0x00, 0x00, 0x00, 0x00, 0x00, 0x00, 0x00,
  0x00, 0x00, 0x00, 0x00, 0x00, 0x00, 0x00, 0x00, 0x00, 0x00, 0xff, 0xce,
  0x00, 0x00, 0x00, 0x00, 0x00, 0x00, 0xff, 0xec, 0x00, 0x00, 0x00, 0x00,
  0xff, 0xc4, 0xff, 0xc4, 0x00, 0x00, 0xff, 0xba, 0x00, 0x00, 0x00, 0x00,
  0x00, 0x00, 0x00, 0x00, 0x00, 0x00, 0x00, 0x00, 0x00, 0x00, 0x00, 0x00,
  0x00, 0x00, 0x00, 0x00, 0x00, 0x00, 0x00, 0x00, 0x00, 0x00, 0x00, 0x00,
  0x00, 0x00, 0x00, 0x00, 0x00, 0x00, 0x00, 0x00, 0x00, 0x00, 0x00, 0x00,
  0x00, 0x00, 0x00, 0x00, 0xff, 0xd8, 0x00, 0x00, 0x00, 0x00, 0x00, 0x00,
  0x00, 0x00, 0x00, 0x00, 0x00, 0x00, 0x00, 0x00, 0x00, 0x00, 0x00, 0x00,
  0x00, 0x00, 0x00, 0x00, 0xff, 0xec, 0x00, 0x00, 0x00, 0x00, 0xff, 0xec,
  0x00, 0x00, 0x00, 0x00, 0x00, 0x00, 0x00, 0x00, 0x00, 0x00, 0x00, 0x00,
  0x00, 0x00, 0x00, 0x00, 0xff, 0x60, 0xff, 0xf6, 0x00, 0x00, 0x00, 0x00,
  0x00, 0x00, 0x00, 0x00, 0x00, 0x28, 0x00, 0x00, 0x00, 0x00, 0x00, 0x00,
  0x00, 0x00, 0x00, 0x00, 0xff, 0xec, 0x00, 0x00, 0x00, 0x00, 0x00, 0x00,
  0x00, 0x00, 0x00, 0x00, 0x00, 0x00, 0x00, 0x00, 0x00, 0x00, 0x00, 0x00,
  0x00, 0x00, 0x00, 0x00, 0x00, 0x00, 0x00, 0x00, 0x00, 0x00, 0x00, 0x00,
  0x00, 0x00, 0x00, 0x00, 0x00, 0x00, 0x00, 0x00, 0x00, 0x00, 0x00, 0x00,
  0x00, 0x00, 0x00, 0x00, 0x00, 0x00, 0x00, 0x00, 0x00, 0x00, 0x00, 0x00,
  0x00, 0x00, 0x00, 0x00, 0x00, 0x00, 0x00, 0x00, 0x00, 0x00, 0x00, 0x00,
  0x00, 0x00, 0x00, 0x00, 0x00, 0x00, 0x00, 0x00, 0x00, 0x00, 0x00, 0x00,
  0x00, 0x00, 0x00, 0x00, 0x00, 0x00, 0x00, 0x00, 0x00, 0x00, 0x00, 0x00,
  0x00, 0x00, 0x00, 0x00, 0x00, 0x00, 0xff, 0xce, 0x00, 0x00, 0x00, 0x00,
  0x00, 0x00, 0x00, 0x00, 0x00, 0x00, 0x00, 0x00, 0x00, 0x00, 0xff, 0x7e,
  0x00, 0x00, 0x00, 0x00, 0x00, 0x00, 0xff, 0xf6, 0x00, 0x00, 0x00, 0x00,
  0x00, 0x00, 0x00, 0x00, 0x00, 0x00, 0x00, 0x00, 0x00, 0x00, 0x00, 0x00,
  0x00, 0x00, 0x00, 0x00, 0x00, 0x00, 0x00, 0x00, 0x00, 0x00, 0x00, 0x00,
  0x00, 0x00, 0x00, 0x00, 0x00, 0x00, 0x00, 0x00, 0xff, 0xec, 0x00, 0x00,
  0x00, 0x00, 0x00, 0x00, 0x00, 0x00, 0x00, 0x00, 0x00, 0x3c, 0x00, 0x00,
  0x00, 0x28, 0x00, 0x00, 0x00, 0x00, 0xff, 0xec, 0x00, 0x00, 0x00, 0x00,
  0x00, 0x00, 0x00, 0x00, 0x00, 0x00, 0x00, 0x00, 0x00, 0x00, 0x00, 0x00,
  0x00, 0x00, 0x00, 0x00, 0x00, 0x00, 0x00, 0x00, 0x00, 0x00, 0x00, 0x00,
  0x00, 0x00, 0x00, 0x00, 0x00, 0x00, 0x00, 0x00, 0x00, 0x00, 0x00, 0x00,
  0x00, 0x00, 0x00, 0x01, 0x00, 0x27, 0x00, 0x03, 0x00, 0x08, 0x00, 0x09,
  0x00, 0x0d, 0x00, 0x0e, 0x00, 0x0f, 0x00, 0x22, 0x00, 0x24, 0x00, 0x25,
  0x00, 0x26, 0x00, 0x2c, 0x00, 0x2d, 0x00, 0x30, 0x00, 0x31, 0x00, 0x32,
  0x00, 0x35, 0x00, 0x36, 0x00, 0x37, 0x00, 0x38, 0x00, 0x39, 0x00, 0x3a,
  0x00, 0x3b, 0x00, 0x3c, 0x00, 0x42, 0x00, 0x43, 0x00, 0x46, 0x00, 0x47,
  0x00, 0x49, 0x00, 0x4e, 0x00, 0x4f, 0x00, 0x50, 0x00, 0x51, 0x00, 0x53,
  0x00, 0x55, 0x00, 0x57, 0x00, 0x58, 0x00, 0x59, 0x00, 0x5a, 0x00, 0x5c,
  0x00, 0x01, 0x00, 0x03, 0x00, 0x5a, 0x00, 0x0b, 0x00, 0x00, 0x00, 0x00,
  0x00, 0x00, 0x00, 0x00, 0x00, 0x0b, 0x00, 0x13, 0x00, 0x00, 0x00, 0x00,
  0x00, 0x00, 0x00, 0x0f, 0x00, 0x10, 0x00, 0x0f, 0x00, 0x00, 0x00, 0x00,
  0x00, 0x00, 0x00, 0x00, 0x00, 0x00, 0x00, 0x00, 0x00, 0x00, 0x00, 0x00,
  0x00, 0x00, 0x00, 0x00, 0x00, 0x00, 0x00, 0x00, 0x00, 0x00, 0x00, 0x00,
  0x00, 0x00, 0x00, 0x00, 0x00, 0x00, 0x00, 0x00, 0x00, 0x02, 0x00, 0x00,
  0x00, 0x08, 0x00, 0x03, 0x00, 0x04, 0x00, 0x00, 0x00, 0x00, 0x00, 0x00,
  0x00, 0x00, 0x00, 0x00, 0x00, 0x12, 0x00, 0x09, 0x00, 0x00, 0x00, 0x00,
  0x00, 0x03, 0x00, 0x14, 0x00, 0x03, 0x00, 0x00, 0x00, 0x00, 0x00, 0x0c,
  0x00, 0x06, 0x00, 0x0a, 0x00, 0x0a, 0x00, 0x12, 0x00, 0x07, 0x00, 0x0e,
  0x00, 0x13, 0x00, 0x00, 0x00, 0x00, 0x00, 0x00, 0x00, 0x00, 0x00, 0x00,
  0x00, 0x01, 0x00, 0x00, 0x00, 0x00, 0x00, 0x00, 0x00, 0x00, 0x00, 0x15,
  0x00, 0x00, 0x00, 0x01, 0x00, 0x00, 0x00, 0x00, 0x00, 0x00, 0x00, 0x00,
  0x00, 0x01, 0x00, 0x01, 0x00, 0x00, 0x00, 0x00, 0x00, 0x00, 0x00, 0x11,
  0x00, 0x00, 0x00, 0x0d, 0x00, 0x00, 0x00, 0x05, 0x00, 0x05, 0x00, 0x16,
  0x00, 0x05, 0x00, 0x00, 0x00, 0x13, 0x00, 0x01, 0x00, 0x03, 0x00, 0x5c,
  0x00, 0x13, 0x00, 0x00, 0x00, 0x00, 0x00, 0x00, 0x00, 0x00, 0x00, 0x13,
  0x00, 0x00, 0x00, 0x15, 0x00, 0x00, 0x00, 0x00, 0x00, 0x0d, 0x00, 0x12,
  0x00, 0x0d, 0x00, 0x00, 0x00, 0x00, 0x00, 0x00, 0x00, 0x00, 0x00, 0x00,
  0x00, 0x00, 0x00, 0x00, 0x00, 0x00, 0x00, 0x00, 0x00, 0x00, 0x00, 0x00,
  0x00, 0x16, 0x00, 0x16, 0x00, 0x00, 0x00, 0x00, 0x00, 0x00, 0x00, 0x00,
  0x00, 0x00, 0x00, 0x05, 0x00, 0x00, 0x00, 0x02, 0x00, 0x00, 0x00, 0x00,
  0x00, 0x00, 0x00, 0x02, 0x00, 0x00, 0x00, 0x00, 0x00, 0x00, 0x00, 0x00,
  0x00, 0x00, 0x00, 0x00, 0x00, 0x00, 0x00, 0x02, 0x00, 0x00, 0x00, 0x02,
  0x00, 0x00, 0x00, 0x00, 0x00, 0x0c, 0x00, 0x06, 0x00, 0x0a, 0x00, 0x0a,
  0x00, 0x00, 0x00, 0x09, 0x00, 0x11, 0x00, 0x00, 0x00, 0x00, 0x00, 0x15,
  0x00, 0x00, 0x00, 0x00, 0x00, 0x00, 0x00, 0x04, 0x00, 0x08, 0x00, 0x01,
  0x00, 0x01, 0x00, 0x01, 0x00, 0x0b, 0x00, 0x0e, 0x00, 0x08, 0x00, 0x00,
  0x00, 0x00, 0x00, 0x08, 0x00, 0x08, 0x00, 0x03, 0x00, 0x03, 0x00, 0x01,
  0x00, 0x03, 0x00, 0x01, 0x00, 0x03, 0x00, 0x0f, 0x00, 0x10, 0x00, 0x03,
  0x00, 0x07, 0x00, 0x07, 0x00, 0x07, 0x00, 0x07, 0x00, 0x14, 0x00, 0x00,
  0x00, 0x00, 0x00, 0x15, 0x00, 0x02, 0x00, 0x08, 0x00, 0x01, 0x00, 0x08,
  0x00, 0x02, 0x00, 0x16, 0x00, 0x04, 0x00, 0x00, 0x00, 0x1e, 0x00, 0x22,
  0x00, 0x01, 0x00, 0x03, 0x00, 0x00, 0x00, 0x00, 0x00, 0x00, 0x00, 0x01,
  0x00, 0x02, 0x00, 0x03, 0x00, 0x08, 0x00, 0x02, 0x00, 0x00, 0x00, 0x02,
  0x00, 0x04, 0x00, 0x03, 0x00, 0x03, 0x00, 0x02, 0x00, 0x08, 0x00, 0x08,
  0x00, 0x02, 0x00, 0x0d, 0x00, 0x0d, 0x00, 0x01, 0x00, 0x0f, 0x00, 0x0f,
  0x00, 0x01, 0x00, 0x00, 0x00, 0x01, 0x00, 0x00, 0x00, 0x0a, 0x00, 0x32,
  0x00, 0x34, 0x00, 0x04, 0x44, 0x46, 0x4c, 0x54, 0x00, 0x1a, 0x63, 0x79,
  0x72, 0x6c, 0x00, 0x24, 0x67, 0x72, 0x65, 0x6b, 0x00, 0x24, 0x6c, 0x61,
  0x74, 0x6e, 0x00, 0x24, 0x00, 0x04, 0x00, 0x00, 0x00, 0x00, 0xff, 0xff,
  0x00, 0x00, 0x00, 0x00, 0x00, 0x00, 0x00, 0x00, 0x00, 0x00, 0x00, 0x00
};
static const size_t font_light_size = sizeof(font_light_data);
alignas(4) static const uint8_t font_medium_data[] = {
  0x00, 0x01, 0x00, 0x00, 0x00, 0x11, 0x01, 0x00, 0x00, 0x04, 0x00, 0x10,
  0x47, 0x44, 0x45, 0x46, 0x00, 0xab, 0x00, 0xa0, 0x00, 0x00, 0x45, 0xf8,
  0x00, 0x00, 0x00, 0x22, 0x47, 0x50, 0x4f, 0x53, 0x20, 0x72, 0x04, 0x8c,
  0x00, 0x00, 0x46, 0x1c, 0x00, 0x00, 0x07, 0x7e, 0x47, 0x53, 0x55, 0x42,
  0x93, 0x15, 0x82, 0x16, 0x00, 0x00, 0x4d, 0x9c, 0x00, 0x00, 0x00, 0x36,
  0x4f, 0x53, 0x2f, 0x32, 0x69, 0xb6, 0xff, 0x2b, 0x00, 0x00, 0x33, 0x00,
  0x00, 0x00, 0x00, 0x60, 0x63, 0x6d, 0x61, 0x70, 0x41, 0x44, 0xe2, 0x6c,
  0x00, 0x00, 0x33, 0x60, 0x00, 0x00, 0x00, 0x4c, 0x63, 0x76, 0x74, 0x20,
  0x3f, 0x20, 0x1c, 0x3f, 0x00, 0x00, 0x42, 0xc0, 0x00, 0x00, 0x01, 0x2c,
  0x66, 0x70, 0x67, 0x6d, 0x62, 0x2f, 0x0b, 0x83, 0x00, 0x00, 0x33, 0xac,
  0x00, 0x00, 0x0e, 0x0c, 0x67, 0x61, 0x73, 0x70, 0x00, 0x00, 0x00, 0x10,
  0x00, 0x00, 0x45, 0xf0, 0x00, 0x00, 0x00, 0x08, 0x67, 0x6c, 0x79, 0x66,
  0x7b, 0xfd, 0x15, 0x93, 0x00, 0x00, 0x01, 0x1c, 0x00, 0x00, 0x2f, 0x14,
  0x68, 0x65, 0x61, 0x64, 0x28, 0x82, 0xdc, 0x17, 0x00, 0x00, 0x31, 0x18,
  0x00, 0x00, 0x00, 0x36, 0x68, 0x68, 0x65, 0x61, 0x0c, 0xb2, 0x0b, 0xd0,
  0x00, 0x00, 0x32, 0xdc, 0x00, 0x00, 0x00, 0x24, 0x68, 0x6d, 0x74, 0x78,
  0xcf, 0x3b, 0x13, 0x55, 0x00, 0x00, 0x31, 0x50, 0x00, 0x00, 0x01, 0x8c,
  0x6c, 0x6f, 0x63, 0x61, 0x37, 0x00, 0x43, 0x50, 0x00, 0x00, 0x30, 0x50,
  0x00, 0x00, 0x00, 0xc8, 0x6d, 0x61, 0x78, 0x70, 0x03, 0x34, 0x10, 0x42,
  0x00, 0x00, 0x30, 0x30, 0x00, 0x00, 0x00, 0x20, 0x6e, 0x61, 0x6d, 0x65,
  0x27, 0x8b, 0x40, 0xff, 0x00, 0x00, 0x43, 0xec, 0x00, 0x00, 0x01, 0xe4,
  0x70, 0x6f, 0x73, 0x74, 0xff, 0x9f, 0x00, 0x32, 0x00, 0x00, 0x45, 0xd0,
  0x00, 0x00, 0x00, 0x20, 0x70, 0x72, 0x65, 0x70, 0x44, 0x7e, 0xc6, 0xb9,
  0x00, 0x00, 0x41, 0xb8, 0x00, 0x00, 0x01, 0x05, 0x00, 0x02, 0x00, 0x43,
  0xff, 0xf2, 0x00, 0xcd, 0x02, 0xca, 0x00, 0x03, 0x00, 0x0f, 0x00, 0x1f,
  0x40, 0x1c, 0x00, 0x00, 0x00, 0x01, 0x5f, 0x00, 0x01, 0x01, 0x6a, 0x4d,
  0x00, 0x02, 0x02, 0x03, 0x61, 0x00, 0x03, 0x03, 0x71, 0x03, 0x4e, 0x24,
  0x23, 0x11, 0x10, 0x04, 0x0d, 0x1a, 0x2b, 0x37, 0x23, 0x03, 0x33, 0x03,
  0x34, 0x36, 0x33, 0x32, 0x16, 0x15, 0x14, 0x06, 0x23, 0x22, 0x26, 0xae,
  0x4b, 0x19, 0x7d, 0x84, 0x28, 0x1d, 0x1c, 0x29, 0x29, 0x1c, 0x1d, 0x28,
  0xd2, 0x01, 0xf8, 0xfd, 0x71, 0x27, 0x21, 0x21, 0x27, 0x27, 0x22, 0x22,
  0x00, 0x02, 0x00, 0x40, 0x01, 0xc8, 0x01, 0x6d, 0x02, 0xca, 0x00, 0x03,
  0x00, 0x07, 0x00, 0x24, 0x40, 0x21, 0x02, 0x01, 0x00, 0x00, 0x01, 0x5f,
  0x05, 0x03, 0x04, 0x03, 0x01, 0x01, 0x6a, 0x00, 0x4e, 0x04, 0x04, 0x00,
  0x00, 0x04, 0x07, 0x04, 0x07, 0x06, 0x05, 0x00, 0x03, 0x00, 0x03, 0x11,
  0x06, 0x0d, 0x17, 0x2b, 0x13, 0x03, 0x23, 0x03, 0x21, 0x03, 0x23, 0x03,
  0xad, 0x14, 0x45, 0x14, 0x01, 0x2d, 0x14, 0x45, 0x14, 0x02, 0xca, 0xfe,
  0xfe, 0x01, 0x02, 0xfe, 0xfe, 0x01, 0x02, 0x00, 0x00, 0x02, 0x00, 0x18,
  0x00, 0x00, 0x02, 0x6d, 0x02, 0xca, 0x00, 0x1b, 0x00, 0x1f, 0x00, 0x47,
  0x40, 0x44, 0x0c, 0x0a, 0x02, 0x08, 0x0f, 0x10, 0x0d, 0x03, 0x07, 0x00,
  0x08, 0x07, 0x68, 0x0e, 0x06, 0x02, 0x00, 0x05, 0x03, 0x02, 0x01, 0x02,
  0x00, 0x01, 0x67, 0x0b, 0x01, 0x09, 0x09, 0x6a, 0x4d, 0x04, 0x01, 0x02,
  0x02, 0x6b, 0x02, 0x4e, 0x00, 0x00, 0x1f, 0x1e, 0x1d, 0x1c, 0x00, 0x1b,
  0x00, 0x1b, 0x1a, 0x19, 0x18, 0x17, 0x16, 0x15, 0x14, 0x13, 0x11, 0x11,
  0x11, 0x11, 0x11, 0x11, 0x11, 0x11, 0x11, 0x11, 0x0d, 0x1f, 0x2b, 0x01,
  0x07, 0x33, 0x15, 0x23, 0x07, 0x23, 0x37, 0x23, 0x07, 0x23, 0x37, 0x23,
  0x35, 0x33, 0x37, 0x23, 0x35, 0x33, 0x37, 0x33, 0x07, 0x33, 0x37, 0x33,
  0x07, 0x33, 0x15, 0x05, 0x33, 0x37, 0x23, 0x01, 0xe2, 0x1c, 0x85, 0x94,
  0x28, 0x52, 0x28, 0x81, 0x26, 0x50, 0x25, 0x7b, 0x8a, 0x1d, 0x82, 0x90,
  0x27, 0x53, 0x28, 0x83, 0x27, 0x50, 0x28, 0x7c, 0xfe, 0x86, 0x81, 0x1d,
  0x81, 0x01, 0xad, 0x92, 0x4d, 0xce, 0xce, 0xce, 0xce, 0x4d, 0x92, 0x4d,
  0xd0, 0xd0, 0xd0, 0xd0, 0x4d, 0x92, 0x92, 0x00, 0x00, 0x03, 0x00, 0x38,
  0xff, 0xc6, 0x02, 0x09, 0x02, 0xf7, 0x00, 0x22, 0x00, 0x29, 0x00, 0x30,
  0x00, 0x3c, 0x40, 0x39, 0x30, 0x2a, 0x29, 0x23, 0x19, 0x18, 0x15, 0x14,
  0x08, 0x04, 0x0a, 0x01, 0x02, 0x20, 0x03, 0x02, 0x00, 0x01, 0x02, 0x4c,
  0x04, 0x01, 0x02, 0x03, 0x01, 0x03, 0x02, 0x01, 0x80, 0x00, 0x01, 0x00,
  0x00, 0x05, 0x01, 0x00, 0x6a, 0x00, 0x05, 0x05, 0x03, 0x5f, 0x00, 0x03,
  0x03, 0x6c, 0x05, 0x4e, 0x1f, 0x11, 0x11, 0x16, 0x15, 0x10, 0x06, 0x0d,
  0x1c, 0x2b, 0x37, 0x26, 0x26, 0x27, 0x35, 0x16, 0x16, 0x17, 0x35, 0x26,
  0x26, 0x35, 0x34, 0x36, 0x37, 0x35, 0x33, 0x15, 0x16, 0x16, 0x17, 0x07,
  0x26, 0x26, 0x27, 0x15, 0x1e, 0x02, 0x15, 0x14, 0x06, 0x07, 0x15, 0x23,
  0x11, 0x06, 0x06, 0x15, 0x14, 0x16, 0x17, 0x13, 0x36, 0x36, 0x35, 0x34,
  0x26, 0x27, 0xfd, 0x3a, 0x67, 0x23, 0x24, 0x6d, 0x33, 0x68, 0x5d, 0x6c,
  0x59, 0x41, 0x36, 0x5a, 0x28, 0x21, 0x23, 0x4e, 0x26, 0x3e, 0x5b, 0x32,
  0x68, 0x63, 0x41, 0x2f, 0x2e, 0x29, 0x34, 0x41, 0x33, 0x30, 0x2b, 0x38,
  0x2e, 0x01, 0x13, 0x10, 0x62, 0x11, 0x1b, 0x01, 0xbb, 0x20, 0x53, 0x48,
  0x4a, 0x56, 0x06, 0x54, 0x53, 0x02, 0x14, 0x11, 0x56, 0x0e, 0x13, 0x03,
  0xb8, 0x14, 0x2c, 0x42, 0x34, 0x47, 0x5a, 0x0a, 0x6c, 0x02, 0x83, 0x04,
  0x25, 0x1e, 0x22, 0x27, 0x0f, 0xfe, 0xe1, 0x06, 0x27, 0x1f, 0x20, 0x24,
  0x10, 0x00, 0x00, 0x05, 0x00, 0x2b, 0xff, 0xf6, 0x03, 0x28, 0x02, 0xd4,
  0x00, 0x0b, 0x00, 0x0f, 0x00, 0x19, 0x00, 0x25, 0x00, 0x2f, 0x00, 0x99,
  0x4b, 0xb0, 0x19, 0x50, 0x58, 0x40, 0x2c, 0x0d, 0x01, 0x06, 0x0e, 0x01,
  0x08, 0x05, 0x06, 0x08, 0x6a, 0x00, 0x05, 0x00, 0x01, 0x09, 0x05, 0x01,
  0x69, 0x0c, 0x01, 0x04, 0x04, 0x00, 0x61, 0x0b, 0x03, 0x0a, 0x03, 0x00,
  0x00, 0x70, 0x4d, 0x00, 0x09, 0x09, 0x02, 0x61, 0x07, 0x01, 0x02, 0x02,
  0x6b, 0x02, 0x4e, 0x1b, 0x40, 0x34, 0x0d, 0x01, 0x06, 0x0e, 0x01, 0x08,
  0x05, 0x06, 0x08, 0x6a, 0x00, 0x05, 0x00, 0x01, 0x09, 0x05, 0x01, 0x69,
  0x0b, 0x01, 0x03, 0x03, 0x6a, 0x4d, 0x0c, 0x01, 0x04, 0x04, 0x00, 0x61,
  0x0a, 0x01, 0x00, 0x00, 0x70, 0x4d, 0x00, 0x02, 0x02, 0x6b, 0x4d, 0x00,
  0x09, 0x09, 0x07, 0x61, 0x00, 0x07, 0x07, 0x71, 0x07, 0x4e, 0x59, 0x40,
  0x2b, 0x27, 0x26, 0x1b, 0x1a, 0x11, 0x10, 0x0c, 0x0c, 0x01, 0x00, 0x2d,
  0x2b, 0x26, 0x2f, 0x27, 0x2f, 0x21, 0x1f, 0x1a, 0x25, 0x1b, 0x25, 0x17,
  0x15, 0x10, 0x19, 0x11, 0x19, 0x0c, 0x0f, 0x0c, 0x0f, 0x0e, 0x0d, 0x07,
  0x05, 0x00, 0x0b, 0x01, 0x0b, 0x0f, 0x0d, 0x16, 0x2b, 0x13, 0x32, 0x16,
  0x15, 0x14, 0x06, 0x23, 0x22, 0x26, 0x35, 0x34, 0x36, 0x05, 0x01, 0x23,
  0x01, 0x05, 0x22, 0x06, 0x15, 0x14, 0x16, 0x33, 0x32, 0x35, 0x34, 0x05,
  0x32, 0x16, 0x15, 0x14, 0x06, 0x23, 0x22, 0x26, 0x35, 0x34, 0x36, 0x17,
  0x22, 0x06, 0x15, 0x14, 0x16, 0x33, 0x32, 0x35, 0x34, 0xc4, 0x4b, 0x51,
  0x4c, 0x50, 0x49, 0x50, 0x4b, 0x02, 0x26, 0xfe, 0x74, 0x59, 0x01, 0x8c,
  0xfe, 0x81, 0x23, 0x1f, 0x1f, 0x23, 0x46, 0x01, 0x82, 0x4b, 0x51, 0x4c,
  0x50, 0x49, 0x4f, 0x4a, 0x4e, 0x23, 0x1f, 0x1f, 0x23, 0x46, 0x02, 0xd4,
  0x75, 0x6a, 0x6a, 0x77, 0x77, 0x6a, 0x6a, 0x75, 0x0a, 0xfd, 0x36, 0x02,
  0xca, 0x3e, 0x4d, 0x4a, 0x4b, 0x4d, 0x98, 0x97, 0xd6, 0x75, 0x6a, 0x69,
  0x78, 0x78, 0x69, 0x6a, 0x75, 0x49, 0x4b, 0x4b, 0x4b, 0x4d, 0x98, 0x96,
  0x00, 0x03, 0x00, 0x31, 0xff, 0xf6, 0x02, 0xe0, 0x02, 0xd5, 0x00, 0x1f,
  0x00, 0x2b, 0x00, 0x35, 0x00, 0x7d, 0x40, 0x12, 0x26, 0x1a, 0x06, 0x03,
  0x01, 0x04, 0x35, 0x0e, 0x07, 0x03, 0x05, 0x01, 0x11, 0x01, 0x02, 0x05,
  0x03, 0x4c, 0x4b, 0xb0, 0x19, 0x50, 0x58, 0x40, 0x23, 0x07, 0x01, 0x04,
  0x04, 0x00, 0x61, 0x06, 0x01, 0x00, 0x00, 0x70, 0x4d, 0x00, 0x01, 0x01,
  0x02, 0x61, 0x03, 0x01, 0x02, 0x02, 0x6b, 0x4d, 0x00, 0x05, 0x05, 0x02,
  0x61, 0x03, 0x01, 0x02, 0x02, 0x6b, 0x02, 0x4e, 0x1b, 0x40, 0x21, 0x07,
  0x01, 0x04, 0x04, 0x00, 0x61, 0x06, 0x01, 0x00, 0x00, 0x70, 0x4d, 0x00,
  0x01, 0x01, 0x02, 0x5f, 0x00, 0x02, 0x02, 0x6b, 0x4d, 0x00, 0x05, 0x05,
  0x03, 0x61, 0x00, 0x03, 0x03, 0x71, 0x03, 0x4e, 0x59, 0x40, 0x17, 0x21,
  0x20, 0x01, 0x00, 0x33, 0x31, 0x20, 0x2b, 0x21, 0x2b, 0x15, 0x13, 0x10,
  0x0f, 0x0b, 0x0a, 0x00, 0x1f, 0x01, 0x1f, 0x08, 0x0d, 0x16, 0x2b, 0x01,
  0x32, 0x16, 0x15, 0x14, 0x06, 0x07, 0x17, 0x36, 0x36, 0x37, 0x33, 0x06,
  0x06, 0x07, 0x17, 0x23, 0x27, 0x06, 0x06, 0x23, 0x22, 0x26, 0x35, 0x34,
  0x36, 0x37, 0x26, 0x26, 0x35, 0x34, 0x36, 0x17, 0x22, 0x06, 0x15, 0x14,
  0x16, 0x17, 0x36, 0x36, 0x35, 0x34, 0x26, 0x03, 0x06, 0x06, 0x15, 0x14,
  0x16, 0x33, 0x32, 0x36, 0x37, 0x01, 0x32, 0x52, 0x63, 0x52, 0x3d, 0xb1,
  0x18, 0x20, 0x0b, 0x6c, 0x0f, 0x34, 0x27, 0x92, 0x8a, 0x4e, 0x2e, 0x71,
  0x4d, 0x6d, 0x7e, 0x4f, 0x44, 0x22, 0x30, 0x68, 0x55, 0x25, 0x32, 0x22,
  0x1f, 0x37, 0x31, 0x2e, 0x50, 0x2e, 0x35, 0x47, 0x3a, 0x37, 0x51, 0x1d,
  0x02, 0xd5, 0x51, 0x4a, 0x40, 0x5a, 0x24, 0xab, 0x20, 0x4f, 0x2d, 0x3e,
  0x73, 0x2e, 0x8e, 0x4b, 0x26, 0x2f, 0x69, 0x5d, 0x4c, 0x5d, 0x27, 0x26,
  0x51, 0x33, 0x4a, 0x55, 0x55, 0x27, 0x25, 0x21, 0x39, 0x21, 0x1f, 0x38,
  0x26, 0x22, 0x28, 0xfe, 0xcb, 0x1d, 0x3d, 0x2f, 0x33, 0x3d, 0x22, 0x19,
  0x00, 0x01, 0x00, 0x40, 0x01, 0xc8, 0x00, 0xad, 0x02, 0xca, 0x00, 0x03,
  0x00, 0x19, 0x40, 0x16, 0x00, 0x00, 0x00, 0x01, 0x5f, 0x02, 0x01, 0x01,
  0x01, 0x6a, 0x00, 0x4e, 0x00, 0x00, 0x00, 0x03, 0x00, 0x03, 0x11, 0x03,
  0x0d, 0x17, 0x2b, 0x13, 0x03, 0x23, 0x03, 0xad, 0x14, 0x45, 0x14, 0x02,
  0xca, 0xfe, 0xfe, 0x01, 0x02, 0x00, 0x00, 0x01, 0x00, 0x28, 0xff, 0x62,
  0x01, 0x1a, 0x02, 0xca, 0x00, 0x0d, 0x00, 0x13, 0x40, 0x10, 0x00, 0x01,
  0x01, 0x00, 0x5f, 0x00, 0x00, 0x00, 0x6a, 0x01, 0x4e, 0x16, 0x13, 0x02,
  0x0d, 0x18, 0x2b, 0x13, 0x34, 0x36, 0x37, 0x33, 0x06, 0x06, 0x15, 0x14,
  0x16, 0x17, 0x23, 0x26, 0x26, 0x28, 0x47, 0x4c, 0x5f, 0x46, 0x47, 0x47,
  0x45, 0x5e, 0x4c, 0x47, 0x01, 0x12, 0x7a, 0xe3, 0x5b, 0x5e, 0xe2, 0x77,
  0x74, 0xe0, 0x5d, 0x58, 0xdf, 0x00, 0x00, 0x01, 0x00, 0x1e, 0xff, 0x62,
  0x01, 0x10, 0x02, 0xca, 0x00, 0x0d, 0x00, 0x13, 0x40, 0x10, 0x00, 0x00,
  0x00, 0x01, 0x5f, 0x00, 0x01, 0x01, 0x6a, 0x00, 0x4e, 0x16, 0x13, 0x02,
  0x0d, 0x18, 0x2b, 0x01, 0x14, 0x06, 0x07, 0x23, 0x36, 0x36, 0x35, 0x34,
  0x26, 0x27, 0x33, 0x16, 0x16, 0x01, 0x10, 0x48, 0x4b, 0x5e, 0x45, 0x46,
  0x47, 0x45, 0x5f, 0x4b, 0x48, 0x01, 0x12, 0x79, 0xdf, 0x58, 0x5d, 0xe0,
  0x74, 0x77, 0xe2, 0x5e, 0x5b, 0xe3, 0x00, 0x01, 0x00, 0x26, 0x01, 0x31,
  0x01, 0xfd, 0x02, 0xf8, 0x00, 0x0e, 0x00, 0x23, 0x40, 0x20, 0x0d, 0x0c,
  0x0b, 0x0a, 0x09, 0x08, 0x07, 0x06, 0x05, 0x04, 0x03, 0x02, 0x01, 0x0d,
  0x00, 0x49, 0x01, 0x01, 0x00, 0x00, 0x6c, 0x00, 0x4e, 0x00, 0x00, 0x00,
  0x0e, 0x00, 0x0e, 0x02, 0x0d, 0x16, 0x2b, 0x01, 0x07, 0x37, 0x17, 0x07,
  0x17, 0x07, 0x27, 0x07, 0x27, 0x37, 0x27, 0x37, 0x17, 0x27, 0x01, 0x46,
  0x14, 0xbd, 0x0e, 0xb2, 0x74, 0x5e, 0x52, 0x4a, 0x61, 0x72, 0xb0, 0x0f,
  0xba, 0x14, 0x02, 0xf8, 0xbc, 0x35, 0x66, 0x0e, 0x9a, 0x32, 0xa8, 0xa8,
  0x32, 0x9a, 0x0f, 0x65, 0x35, 0xbc, 0x00, 0x01, 0x00, 0x30, 0x00, 0x6f,
  0x02, 0x0a, 0x02, 0x53, 0x00, 0x0b, 0x00, 0x26, 0x40, 0x23, 0x00, 0x05,
  0x00, 0x02, 0x05, 0x57, 0x04, 0x01, 0x00, 0x03, 0x01, 0x01, 0x02, 0x00,
  0x01, 0x67, 0x00, 0x05, 0x05, 0x02, 0x5f, 0x00, 0x02, 0x05, 0x02, 0x4f,
  0x11, 0x11, 0x11, 0x11, 0x11, 0x10, 0x06, 0x0d, 0x1c, 0x2b, 0x01, 0x33,
  0x15, 0x23, 0x15, 0x23, 0x35, 0x23, 0x35, 0x33, 0x35, 0x33, 0x01, 0x46,
  0xc4, 0xc4, 0x52, 0xc4, 0xc4, 0x52, 0x01, 0x89, 0x51, 0xc9, 0xc9, 0x51,
  0xca, 0x00, 0x00, 0x01, 0x00, 0x26, 0xff, 0x7f, 0x00, 0xc9, 0x00, 0x74,
  0x00, 0x08, 0x00, 0x18, 0x40, 0x15, 0x00, 0x01, 0x00, 0x00, 0x01, 0x57,
  0x00, 0x01, 0x01, 0x00, 0x5f, 0x00, 0x00, 0x01, 0x00, 0x4f, 0x13, 0x13,
  0x02, 0x0d, 0x18, 0x2b, 0x37, 0x06, 0x06, 0x07, 0x23, 0x36, 0x36, 0x37,
  0x33, 0xc9, 0x0d, 0x30, 0x19, 0x4d, 0x0e, 0x1c, 0x08, 0x6a, 0x69, 0x35,
  0x7f, 0x36, 0x3a, 0x87, 0x34, 0x00, 0x00, 0x01, 0x00, 0x25, 0x00, 0xde,
  0x01, 0x1d, 0x01, 0x3a, 0x00, 0x03, 0x00, 0x1e, 0x40, 0x1b, 0x00, 0x00,
  0x01, 0x01, 0x00, 0x57, 0x00, 0x00, 0x00, 0x01, 0x5f, 0x02, 0x01, 0x01,
  0x00, 0x01, 0x4f, 0x00, 0x00, 0x00, 0x03, 0x00, 0x03, 0x11, 0x03, 0x0d,
  0x17, 0x2b, 0x37, 0x35, 0x33, 0x15, 0x25, 0xf8, 0xde, 0x5c, 0x5c, 0x00,
  0x00, 0x01, 0x00, 0x43, 0xff, 0xf2, 0x00, 0xcd, 0x00, 0x83, 0x00, 0x0b,
  0x00, 0x13, 0x40, 0x10, 0x00, 0x00, 0x00, 0x01, 0x61, 0x00, 0x01, 0x01,
  0x71, 0x01, 0x4e, 0x24, 0x22, 0x02, 0x0d, 0x18, 0x2b, 0x37, 0x34, 0x36,
  0x33, 0x32, 0x16, 0x15, 0x14, 0x06, 0x23, 0x22, 0x26, 0x43, 0x28, 0x1c,
  0x1d, 0x29, 0x29, 0x1d, 0x1c, 0x28, 0x3b, 0x27, 0x21, 0x21, 0x27, 0x27,
  0x22, 0x22, 0x00, 0x01, 0x00, 0x09, 0xff, 0xfe, 0x01, 0x78, 0x02, 0xcc,
  0x00, 0x03, 0x00, 0x19, 0x40, 0x16, 0x02, 0x01, 0x01, 0x01, 0x6a, 0x4d,
  0x00, 0x00, 0x00, 0x6b, 0x00, 0x4e, 0x00, 0x00, 0x00, 0x03, 0x00, 0x03,
  0x11, 0x03, 0x0d, 0x17, 0x2b, 0x01, 0x01, 0x23, 0x01, 0x01, 0x78, 0xfe,
  0xf6, 0x65, 0x01, 0x0a, 0x02, 0xcc, 0xfd, 0x32, 0x02, 0xce, 0x00, 0x02,
  0x00, 0x2d, 0xff, 0xf6, 0x02, 0x0f, 0x02, 0xd5, 0x00, 0x0d, 0x00, 0x19,
  0x00, 0x1f, 0x40, 0x1c, 0x00, 0x03, 0x03, 0x01, 0x61, 0x00, 0x01, 0x01,
  0x70, 0x4d, 0x00, 0x02, 0x02, 0x00, 0x61, 0x00, 0x00, 0x00, 0x71, 0x00,
  0x4e, 0x24, 0x24, 0x25, 0x23, 0x04, 0x0d, 0x1a, 0x2b, 0x01, 0x14, 0x06,
  0x06, 0x23, 0x22, 0x26, 0x35, 0x34, 0x36, 0x36, 0x33, 0x32, 0x16, 0x05,
  0x14, 0x16, 0x33, 0x32, 0x36, 0x35, 0x34, 0x26, 0x23, 0x22, 0x06, 0x02,
  0x0f, 0x31, 0x6a, 0x57, 0x7b, 0x75, 0x2f, 0x6a, 0x57, 0x7a, 0x78, 0xfe,
  0x88, 0x3c, 0x4a, 0x49, 0x3e, 0x3e, 0x49, 0x4a, 0x3c, 0x01, 0x66, 0x74,
  0xa4, 0x58, 0xc3, 0xad, 0x73, 0xa5, 0x57, 0xc1, 0xae, 0x8c, 0x8b, 0x8a,
  0x8d, 0x8b, 0x8b, 0x8b, 0x00, 0x01, 0x00, 0x50, 0x00, 0x00, 0x01, 0x74,
  0x02, 0xca, 0x00, 0x0c, 0x00, 0x1b, 0x40, 0x18, 0x0a, 0x09, 0x05, 0x03,
  0x00, 0x01, 0x01, 0x4c, 0x00, 0x01, 0x01, 0x6a, 0x4d, 0x00, 0x00, 0x00,
  0x6b, 0x00, 0x4e, 0x1a, 0x10, 0x02, 0x0d, 0x18, 0x2b, 0x21, 0x23, 0x11,
  0x34, 0x36, 0x37, 0x06, 0x06, 0x07, 0x07, 0x27, 0x37, 0x33, 0x01, 0x74,
  0x69, 0x02, 0x02, 0x0d, 0x1c, 0x12, 0x4e, 0x36, 0xcc, 0x58, 0x01, 0xda,
  0x25, 0x3e, 0x1d, 0x0d, 0x19, 0x0f, 0x3f, 0x44, 0xa0, 0x00, 0x00, 0x01,
  0x00, 0x2e, 0x00, 0x00, 0x02, 0x0e, 0x02, 0xd4, 0x00, 0x1b, 0x00, 0x2d,
  0x40, 0x2a, 0x0e, 0x01, 0x01, 0x02, 0x0d, 0x01, 0x03, 0x01, 0x02, 0x01,
  0x00, 0x03, 0x03, 0x4c, 0x00, 0x01, 0x01, 0x02, 0x61, 0x00, 0x02, 0x02,
  0x70, 0x4d, 0x00, 0x03, 0x03, 0x00, 0x5f, 0x00, 0x00, 0x00, 0x6b, 0x00,
  0x4e, 0x27, 0x25, 0x28, 0x10, 0x04, 0x0d, 0x1a, 0x2b, 0x21, 0x21, 0x35,
  0x37, 0x3e, 0x02, 0x35, 0x34, 0x26, 0x23, 0x22, 0x06, 0x07, 0x27, 0x36,
  0x36, 0x33, 0x32, 0x16, 0x15, 0x14, 0x06, 0x06, 0x07, 0x07, 0x15, 0x21,
  0x02, 0x0e, 0xfe, 0x20, 0xb8, 0x36, 0x48, 0x24, 0x40, 0x33, 0x31, 0x4e,
  0x2a, 0x39, 0x2b, 0x6e, 0x4c, 0x66, 0x75, 0x2e, 0x54, 0x39, 0x85, 0x01,
  0x5b, 0x52, 0xbb, 0x37, 0x51, 0x4b, 0x2c, 0x36, 0x38, 0x24, 0x22, 0x47,
  0x24, 0x35, 0x68, 0x57, 0x39, 0x61, 0x60, 0x37, 0x81, 0x05, 0x00, 0x01,
  0x00, 0x2b, 0xff, 0xf6, 0x02, 0x08, 0x02, 0xd4, 0x00, 0x2a, 0x00, 0x3f,
  0x40, 0x3c, 0x25, 0x01, 0x04, 0x05, 0x24, 0x01, 0x03, 0x04, 0x03, 0x01,
  0x02, 0x03, 0x0f, 0x01, 0x01, 0x02, 0x0e, 0x01, 0x00, 0x01, 0x05, 0x4c,
  0x00, 0x03, 0x00, 0x02, 0x01, 0x03, 0x02, 0x69, 0x00, 0x04, 0x04, 0x05,
  0x61, 0x00, 0x05, 0x05, 0x70, 0x4d, 0x00, 0x01, 0x01, 0x00, 0x61, 0x00,
  0x00, 0x00, 0x71, 0x00, 0x4e, 0x25, 0x24, 0x21, 0x24, 0x25, 0x2a, 0x06,
  0x0d, 0x1c, 0x2b, 0x01, 0x14, 0x06, 0x07, 0x15, 0x16, 0x16, 0x15, 0x14,
  0x06, 0x06, 0x23, 0x22, 0x26, 0x27, 0x35, 0x16, 0x16, 0x33, 0x32, 0x36,
  0x35, 0x34, 0x26, 0x23, 0x23, 0x35, 0x33, 0x32, 0x36, 0x35, 0x34, 0x26,
  0x23, 0x22, 0x06, 0x07, 0x27, 0x36, 0x36, 0x33, 0x32, 0x16, 0x01, 0xf2,
  0x53, 0x42, 0x55, 0x56, 0x3b, 0x7b, 0x60, 0x39, 0x62, 0x2c, 0x2d, 0x67,
  0x2f, 0x5b, 0x50, 0x60, 0x60, 0x41, 0x42, 0x5b, 0x52, 0x3f, 0x3b, 0x37,
  0x51, 0x23, 0x34, 0x27, 0x71, 0x4a, 0x6f, 0x73, 0x02, 0x25, 0x49, 0x56,
  0x0e, 0x04, 0x0a, 0x57, 0x47, 0x3e, 0x61, 0x37, 0x12, 0x15, 0x60, 0x17,
  0x18, 0x45, 0x3e, 0x3c, 0x38, 0x57, 0x44, 0x37, 0x30, 0x35, 0x22, 0x18,
  0x49, 0x1e, 0x2b, 0x61, 0x00, 0x02, 0x00, 0x14, 0x00, 0x00, 0x02, 0x29,
  0x02, 0xcd, 0x00, 0x0a, 0x00, 0x14, 0x00, 0x2b, 0x40, 0x28, 0x0e, 0x01,
  0x04, 0x03, 0x06, 0x01, 0x00, 0x04, 0x02, 0x4c, 0x05, 0x01, 0x04, 0x02,
  0x01, 0x00, 0x01, 0x04, 0x00, 0x67, 0x00, 0x03, 0x03, 0x6a, 0x4d, 0x00,
  0x01, 0x01, 0x6b, 0x01, 0x4e, 0x19, 0x11, 0x12, 0x11, 0x11, 0x10, 0x06,
  0x0d, 0x1c, 0x2b, 0x25, 0x23, 0x15, 0x23, 0x35, 0x21, 0x35, 0x01, 0x33,
  0x11, 0x33, 0x27, 0x34, 0x36, 0x37, 0x23, 0x06, 0x06, 0x07, 0x03, 0x33,
  0x02, 0x29, 0x63, 0x67, 0xfe, 0xb5, 0x01, 0x49, 0x69, 0x63, 0xca, 0x04,
  0x01, 0x04, 0x08, 0x17, 0x0c, 0xbd, 0xe7, 0x9e, 0x9e, 0x9e, 0x54, 0x01,
  0xdb, 0xfe, 0x2b, 0xc2, 0x2f, 0x53, 0x1c, 0x14, 0x2a, 0x10, 0xfe, 0xee,
  0x00, 0x01, 0x00, 0x3b, 0xff, 0xf6, 0x02, 0x06, 0x02, 0xca, 0x00, 0x1e,
  0x00, 0x44, 0x40, 0x41, 0x1c, 0x17, 0x02, 0x03, 0x00, 0x16, 0x0a, 0x02,
  0x02, 0x03, 0x09, 0x01, 0x01, 0x02, 0x03, 0x4c, 0x06, 0x01, 0x00, 0x00,
  0x03, 0x02, 0x00, 0x03, 0x69, 0x00, 0x05, 0x05, 0x04, 0x5f, 0x00, 0x04,
  0x04, 0x6a, 0x4d, 0x00, 0x02, 0x02, 0x01, 0x61, 0x00, 0x01, 0x01, 0x71,
  0x01, 0x4e, 0x01, 0x00, 0x1b, 0x1a, 0x19, 0x18, 0x14, 0x12, 0x0e, 0x0c,
  0x07, 0x05, 0x00, 0x1e, 0x01, 0x1e, 0x07, 0x0d, 0x16, 0x2b, 0x01, 0x32,
  0x16, 0x15, 0x14, 0x06, 0x23, 0x22, 0x26, 0x27, 0x35, 0x16, 0x16, 0x33,
  0x32, 0x36, 0x35, 0x34, 0x26, 0x23, 0x22, 0x06, 0x07, 0x27, 0x13, 0x21,
  0x15, 0x21, 0x07, 0x36, 0x36, 0x01, 0x1a, 0x6a, 0x82, 0x8e, 0x82, 0x38,
  0x61, 0x22, 0x24, 0x67, 0x2f, 0x4b, 0x5a, 0x51, 0x57, 0x1d, 0x44, 0x15,
  0x31, 0x1b, 0x01, 0x6f, 0xfe, 0xed, 0x10, 0x11, 0x34, 0x01, 0xbb, 0x6e,
  0x66, 0x70, 0x81, 0x14, 0x13, 0x61, 0x15, 0x1a, 0x45, 0x49, 0x41, 0x45,
  0x0a, 0x05, 0x1d, 0x01, 0x59, 0x5e, 0xbb, 0x03, 0x07, 0x00, 0x00, 0x02,
  0x00, 0x31, 0xff, 0xf6, 0x02, 0x11, 0x02, 0xd3, 0x00, 0x1e, 0x00, 0x2c,
  0x00, 0x3e, 0x40, 0x3b, 0x09, 0x01, 0x01, 0x00, 0x0a, 0x01, 0x02, 0x01,
  0x11, 0x01, 0x04, 0x05, 0x03, 0x4c, 0x00, 0x02, 0x00, 0x05, 0x04, 0x02,
  0x05, 0x69, 0x00, 0x01, 0x01, 0x00, 0x61, 0x00, 0x00, 0x00, 0x70, 0x4d,
  0x06, 0x01, 0x04, 0x04, 0x03, 0x61, 0x00, 0x03, 0x03, 0x71, 0x03, 0x4e,
  0x20, 0x1f, 0x26, 0x24, 0x1f, 0x2c, 0x20, 0x2c, 0x24, 0x27, 0x24, 0x25,
  0x07, 0x0d, 0x1a, 0x2b, 0x13, 0x34, 0x3e, 0x03, 0x33, 0x32, 0x16, 0x17,
  0x15, 0x26, 0x23, 0x22, 0x0e, 0x02, 0x07, 0x33, 0x36, 0x36, 0x33, 0x32,
  0x16, 0x15, 0x14, 0x06, 0x23, 0x22, 0x26, 0x26, 0x17, 0x32, 0x36, 0x35,
  0x34, 0x26, 0x23, 0x22, 0x06, 0x06, 0x15, 0x14, 0x16, 0x16, 0x31, 0x11,
  0x2b, 0x4c, 0x75, 0x53, 0x15, 0x34, 0x12, 0x26, 0x30, 0x45, 0x5a, 0x34,
  0x18, 0x03, 0x06, 0x16, 0x50, 0x3f, 0x5d, 0x71, 0x7d, 0x6b, 0x45, 0x71,
  0x42, 0xf7, 0x39, 0x48, 0x3f, 0x3f, 0x2b, 0x40, 0x24, 0x20, 0x3e, 0x01,
  0x30, 0x3e, 0x79, 0x6b, 0x52, 0x2f, 0x04, 0x04, 0x59, 0x0c, 0x2a, 0x4a,
  0x62, 0x38, 0x24, 0x30, 0x73, 0x69, 0x71, 0x81, 0x44, 0x8b, 0x77, 0x4b,
  0x4f, 0x3f, 0x4a, 0x24, 0x38, 0x1d, 0x29, 0x4e, 0x33, 0x00, 0x00, 0x01,
  0x00, 0x27, 0x00, 0x00, 0x02, 0x10, 0x02, 0xca, 0x00, 0x06, 0x00, 0x25,
  0x40, 0x22, 0x05, 0x01, 0x00, 0x01, 0x01, 0x4c, 0x00, 0x00, 0x00, 0x01,
  0x5f, 0x00, 0x01, 0x01, 0x6a, 0x4d, 0x03, 0x01, 0x02, 0x02, 0x6b, 0x02,
  0x4e, 0x00, 0x00, 0x00, 0x06, 0x00, 0x06, 0x11, 0x11, 0x04, 0x0d, 0x18,
  0x2b, 0x33, 0x01, 0x21, 0x35, 0x21, 0x15, 0x01, 0x81, 0x01, 0x1d, 0xfe,
  0x89, 0x01, 0xe9, 0xfe, 0xe4, 0x02, 0x6c, 0x5e, 0x4c, 0xfd, 0x82, 0x00,
  0x00, 0x03, 0x00, 0x2d, 0xff, 0xf6, 0x02, 0x0e, 0x02, 0xd4, 0x00, 0x1c,
  0x00, 0x28, 0x00, 0x35, 0x00, 0x36, 0x40, 0x33, 0x33, 0x23, 0x16, 0x07,
  0x04, 0x03, 0x02, 0x01, 0x4c, 0x05, 0x01, 0x02, 0x02, 0x00, 0x61, 0x04,
  0x01, 0x00, 0x00, 0x70, 0x4d, 0x00, 0x03, 0x03, 0x01, 0x61, 0x00, 0x01,
  0x01, 0x71, 0x01, 0x4e, 0x1e, 0x1d, 0x01, 0x00, 0x2d, 0x2b, 0x1d, 0x28,
  0x1e, 0x28, 0x10, 0x0e, 0x00, 0x1c, 0x01, 0x1c, 0x06, 0x0d, 0x16, 0x2b,
  0x01, 0x32, 0x16, 0x16, 0x15, 0x14, 0x06, 0x07, 0x1e, 0x02, 0x15, 0x14,
  0x06, 0x06, 0x23, 0x22, 0x26, 0x35, 0x34, 0x36, 0x36, 0x37, 0x26, 0x26,
  0x35, 0x34, 0x36, 0x36, 0x17, 0x22, 0x06, 0x15, 0x14, 0x16, 0x17, 0x36,
  0x36, 0x35, 0x34, 0x26, 0x03, 0x14, 0x16, 0x33, 0x32, 0x36, 0x35, 0x34,
  0x26, 0x27, 0x27, 0x06, 0x06, 0x01, 0x1d, 0x3f, 0x62, 0x39, 0x4e, 0x37,
  0x2a, 0x47, 0x2b, 0x3b, 0x6c, 0x48, 0x74, 0x7e, 0x28, 0x42, 0x27, 0x34,
  0x46, 0x3a, 0x62, 0x3c, 0x32, 0x40, 0x45, 0x31, 0x2f, 0x41, 0x40, 0xbd,
  0x44, 0x46, 0x44, 0x47, 0x4d, 0x3b, 0x0f, 0x3d, 0x41, 0x02, 0xd4, 0x27,
  0x4c, 0x39, 0x40, 0x52, 0x1c, 0x15, 0x35, 0x47, 0x30, 0x3c, 0x57, 0x30,
  0x65, 0x5b, 0x30, 0x49, 0x34, 0x12, 0x1e, 0x55, 0x41, 0x37, 0x4c, 0x28,
  0x53, 0x31, 0x2d, 0x32, 0x37, 0x16, 0x14, 0x39, 0x32, 0x2d, 0x31, 0xfe,
  0x37, 0x30, 0x40, 0x3f, 0x32, 0x31, 0x40, 0x19, 0x06, 0x1a, 0x45, 0x00,
  0x00, 0x02, 0x00, 0x2d, 0xff, 0xf6, 0x02, 0x0d, 0x02, 0xd3, 0x00, 0x1e,
  0x00, 0x2c, 0x00, 0x3f, 0x40, 0x3c, 0x0a, 0x01, 0x01, 0x02, 0x09, 0x01,
  0x00, 0x01, 0x02, 0x4c, 0x11, 0x01, 0x05, 0x01, 0x4b, 0x00, 0x05, 0x00,
  0x02, 0x01, 0x05, 0x02, 0x69, 0x06, 0x01, 0x04, 0x04, 0x03, 0x61, 0x00,
  0x03, 0x03, 0x70, 0x4d, 0x00, 0x01, 0x01, 0x00, 0x61, 0x00, 0x00, 0x00,
  0x71, 0x00, 0x4e, 0x20, 0x1f, 0x26, 0x24, 0x1f, 0x2c, 0x20, 0x2c, 0x24,
  0x27, 0x24, 0x25, 0x07, 0x0d, 0x1a, 0x2b, 0x01, 0x14, 0x0e, 0x03, 0x23,
  0x22, 0x26, 0x27, 0x35, 0x16, 0x33, 0x32, 0x3e, 0x02, 0x37, 0x23, 0x06,
  0x06, 0x23, 0x22, 0x26, 0x35, 0x34, 0x36, 0x33, 0x32, 0x16, 0x16, 0x27,
  0x22, 0x06, 0x15, 0x14, 0x16, 0x33, 0x32, 0x36, 0x36, 0x35, 0x34, 0x26,
  0x26, 0x02, 0x0d, 0x11, 0x2b, 0x4c, 0x76, 0x53, 0x15, 0x36, 0x11, 0x28,
  0x30, 0x44, 0x5b, 0x34, 0x18, 0x02, 0x06, 0x16, 0x4e, 0x42, 0x5d, 0x6f,
  0x7e, 0x6a, 0x46, 0x70, 0x42, 0xf7, 0x39, 0x48, 0x3e, 0x3f, 0x2c, 0x40,
  0x24, 0x1f, 0x3f, 0x01, 0x99, 0x3d, 0x79, 0x6b, 0x53, 0x2f, 0x04, 0x05,
  0x59, 0x0c, 0x29, 0x4a, 0x62, 0x37, 0x22, 0x31, 0x73, 0x68, 0x71, 0x82,
  0x44, 0x8b, 0x78, 0x4c, 0x4e, 0x40, 0x4a, 0x24, 0x38, 0x1e, 0x28, 0x4e,
  0x34, 0x00, 0x00, 0x02, 0x00, 0x43, 0xff, 0xf2, 0x00, 0xcd, 0x02, 0x28,
  0x00, 0x0b, 0x00, 0x17, 0x00, 0x1f, 0x40, 0x1c, 0x00, 0x01, 0x01, 0x00,
  0x61, 0x00, 0x00, 0x00, 0x73, 0x4d, 0x00, 0x02, 0x02, 0x03, 0x61, 0x00,
  0x03, 0x03, 0x71, 0x03, 0x4e, 0x24, 0x24, 0x24, 0x22, 0x04, 0x0d, 0x1a,
  0x2b, 0x13, 0x34, 0x36, 0x33, 0x32, 0x16, 0x15, 0x14, 0x06, 0x23, 0x22,
  0x26, 0x11, 0x34, 0x36, 0x33, 0x32, 0x16, 0x15, 0x14, 0x06, 0x23, 0x22,
  0x26, 0x43, 0x28, 0x1c, 0x1d, 0x29, 0x29, 0x1d, 0x1c, 0x28, 0x28, 0x1c,
  0x1d, 0x29, 0x29, 0x1d, 0x1c, 0x28, 0x01, 0xdf, 0x28, 0x21, 0x21, 0x28,
  0x26, 0x22, 0x22, 0xfe, 0x82, 0x27, 0x21, 0x21, 0x27, 0x27, 0x22, 0x22,
  0x00, 0x02, 0x00, 0x1f, 0xff, 0x7f, 0x00, 0xcc, 0x02, 0x28, 0x00, 0x0b,
  0x00, 0x15, 0x00, 0x1c, 0x40, 0x19, 0x00, 0x03, 0x00, 0x02, 0x03, 0x02,
  0x63, 0x00, 0x01, 0x01, 0x00, 0x61, 0x00, 0x00, 0x00, 0x73, 0x01, 0x4e,
  0x14, 0x15, 0x24, 0x22, 0x04, 0x0d, 0x1a, 0x2b, 0x13, 0x34, 0x36, 0x33,
  0x32, 0x16, 0x15, 0x14, 0x06, 0x23, 0x22, 0x26, 0x13, 0x06, 0x06, 0x07,
  0x23, 0x3e, 0x02, 0x37, 0x33, 0x42, 0x28, 0x1d, 0x1c, 0x29, 0x29, 0x1c,
  0x1d, 0x28, 0x81, 0x0d, 0x31, 0x18, 0x4e, 0x0a, 0x13, 0x10, 0x05, 0x6b,
  0x01, 0xdf, 0x28, 0x21, 0x21, 0x28, 0x26, 0x22, 0x22, 0xfe, 0xb0, 0x35,
  0x7f, 0x36, 0x26, 0x57, 0x55, 0x23, 0x00, 0x01, 0x00, 0x30, 0x00, 0x6f,
  0x02, 0x0b, 0x02, 0x65, 0x00, 0x06, 0x00, 0x06, 0xb3, 0x03, 0x00, 0x01,
  0x32, 0x2b, 0x25, 0x25, 0x35, 0x25, 0x15, 0x05, 0x05, 0x02, 0x0b, 0xfe,
  0x25, 0x01, 0xdb, 0xfe, 0x94, 0x01, 0x6c, 0x6f, 0xd1, 0x38, 0xed, 0x59,
  0xac, 0x98, 0x00, 0x02, 0x00, 0x34, 0x00, 0xd5, 0x02, 0x06, 0x01, 0xeb,
  0x00, 0x03, 0x00, 0x07, 0x00, 0x2f, 0x40, 0x2c, 0x00, 0x00, 0x04, 0x01,
  0x01, 0x02, 0x00, 0x01, 0x67, 0x00, 0x02, 0x03, 0x03, 0x02, 0x57, 0x00,
  0x02, 0x02, 0x03, 0x5f, 0x05, 0x01, 0x03, 0x02, 0x03, 0x4f, 0x04, 0x04,
  0x00, 0x00, 0x04, 0x07, 0x04, 0x07, 0x06, 0x05, 0x00, 0x03, 0x00, 0x03,
  0x11, 0x06, 0x0d, 0x17, 0x2b, 0x13, 0x35, 0x21, 0x15, 0x05, 0x35, 0x21,
  0x15, 0x34, 0x01, 0xd2, 0xfe, 0x2e, 0x01, 0xd2, 0x01, 0x9a, 0x51, 0x51,
  0xc5, 0x52, 0x52, 0x00, 0x00, 0x01, 0x00, 0x30, 0x00, 0x6f, 0x02, 0x0b,
  0x02, 0x65, 0x00, 0x06, 0x00, 0x06, 0xb3, 0x06, 0x03, 0x01, 0x32, 0x2b,
  0x37, 0x25, 0x25, 0x35, 0x05, 0x15, 0x05, 0x30, 0x01, 0x6c, 0xfe, 0x94,
  0x01, 0xdb, 0xfe, 0x25, 0xc8, 0x98, 0xac, 0x59, 0xed, 0x38, 0xd1, 0x00,
  0x00, 0x02, 0x00, 0x0a, 0xff, 0xf2, 0x01, 0xa6, 0x02, 0xd4, 0x00, 0x1e,
  0x00, 0x2a, 0x00, 0x32, 0x40, 0x2f, 0x0e, 0x01, 0x00, 0x01, 0x0d, 0x01,
  0x02, 0x00, 0x02, 0x4c, 0x00, 0x02, 0x00, 0x03, 0x00, 0x02, 0x03, 0x80,
  0x00, 0x00, 0x00, 0x01, 0x61, 0x00, 0x01, 0x01, 0x70, 0x4d, 0x00, 0x03,
  0x03, 0x04, 0x61, 0x00, 0x04, 0x04, 0x71, 0x04, 0x4e, 0x24, 0x23, 0x1b,
  0x25, 0x29, 0x05, 0x0d, 0x1b, 0x2b, 0x37, 0x34, 0x36, 0x37, 0x3e, 0x02,
  0x35, 0x34, 0x26, 0x23, 0x22, 0x06, 0x07, 0x27, 0x36, 0x36, 0x33, 0x32,
  0x16, 0x15, 0x14, 0x06, 0x06, 0x07, 0x0e, 0x02, 0x15, 0x15, 0x23, 0x07,
  0x34, 0x36, 0x33, 0x32, 0x16, 0x15, 0x14, 0x06, 0x23, 0x22, 0x26, 0x8d,
  0x23, 0x32, 0x25, 0x2a, 0x10, 0x3a, 0x35, 0x30, 0x4d, 0x25, 0x26, 0x2a,
  0x67, 0x3e, 0x62, 0x6b, 0x1c, 0x34, 0x25, 0x21, 0x22, 0x0d, 0x54, 0x17,
  0x28, 0x1d, 0x1c, 0x29, 0x29, 0x1c, 0x1d, 0x28, 0xf0, 0x36, 0x48, 0x27,
  0x1f, 0x29, 0x28, 0x1b, 0x2b, 0x2f, 0x1a, 0x12, 0x51, 0x17, 0x1e, 0x5f,
  0x51, 0x2b, 0x3f, 0x36, 0x1d, 0x1b, 0x27, 0x26, 0x1a, 0x13, 0x97, 0x27,
  0x21, 0x21, 0x27, 0x27, 0x22, 0x22, 0x00, 0x02, 0x00, 0x37, 0xff, 0xaa,
  0x03, 0x4c, 0x02, 0xcc, 0x00, 0x3f, 0x00, 0x4d, 0x00, 0x7b, 0x40, 0x13,
  0x16, 0x01, 0x09, 0x02, 0x47, 0x08, 0x02, 0x03, 0x09, 0x2f, 0x01, 0x05,
  0x00, 0x30, 0x01, 0x06, 0x05, 0x04, 0x4c, 0x4b, 0xb0, 0x22, 0x50, 0x58,
  0x40, 0x26, 0x08, 0x01, 0x03, 0x01, 0x01, 0x00, 0x05, 0x03, 0x00, 0x69,
  0x00, 0x05, 0x00, 0x06, 0x05, 0x06, 0x65, 0x00, 0x04, 0x04, 0x07, 0x61,
  0x00, 0x07, 0x07, 0x6a, 0x4d, 0x00, 0x09, 0x09, 0x02, 0x61, 0x00, 0x02,
  0x02, 0x6d, 0x09, 0x4e, 0x1b, 0x40, 0x24, 0x00, 0x02, 0x00, 0x09, 0x03,
  0x02, 0x09, 0x69, 0x08, 0x01, 0x03, 0x01, 0x01, 0x00, 0x05, 0x03, 0x00,
  0x69, 0x00, 0x05, 0x00, 0x06, 0x05, 0x06, 0x65, 0x00, 0x04, 0x04, 0x07,
  0x61, 0x00, 0x07, 0x07, 0x6a, 0x04, 0x4e, 0x59, 0x40, 0x0e, 0x4b, 0x49,
  0x25, 0x27, 0x25, 0x25, 0x26, 0x28, 0x25, 0x25, 0x24, 0x0a, 0x0d, 0x1f,
  0x2b, 0x01, 0x14, 0x0e, 0x02, 0x23, 0x22, 0x26, 0x27, 0x23, 0x06, 0x06,
  0x23, 0x22, 0x26, 0x35, 0x34, 0x36, 0x36, 0x33, 0x32, 0x16, 0x17, 0x07,
  0x14, 0x06, 0x15, 0x14, 0x16, 0x33, 0x32, 0x36, 0x36, 0x35, 0x34, 0x26,
  0x26, 0x23, 0x22, 0x06, 0x06, 0x15, 0x14, 0x16, 0x33, 0x32, 0x36, 0x37,
  0x15, 0x06, 0x06, 0x23, 0x22, 0x26, 0x26, 0x35, 0x34, 0x3e, 0x02, 0x33,
  0x32, 0x16, 0x16, 0x05, 0x14, 0x16, 0x33, 0x32, 0x36, 0x37, 0x37, 0x26,
  0x26, 0x23, 0x22, 0x06, 0x06, 0x03, 0x4c, 0x16, 0x2c, 0x42, 0x2b, 0x2c,
  0x38, 0x08, 0x05, 0x13, 0x45, 0x33, 0x4f, 0x54, 0x34, 0x63, 0x44, 0x2d,
  0x56, 0x19, 0x0a, 0x01, 0x21, 0x16, 0x1d, 0x28, 0x15, 0x48, 0x7f, 0x53,
  0x70, 0x99, 0x4e, 0x98, 0x90, 0x3c, 0x74, 0x2e, 0x2d, 0x6f, 0x41, 0x77,
  0xab, 0x5a, 0x3a, 0x6f, 0x9d, 0x63, 0x6a, 0xa5, 0x5d, 0xfe, 0x0a, 0x30,
  0x29, 0x35, 0x2f, 0x04, 0x05, 0x0d, 0x22, 0x13, 0x30, 0x3a, 0x1a, 0x01,
  0x67, 0x2e, 0x58, 0x48, 0x2b, 0x30, 0x22, 0x23, 0x2f, 0x67, 0x55, 0x42,
  0x66, 0x3a, 0x0f, 0x0a, 0xcb, 0x10, 0x11, 0x05, 0x2f, 0x1f, 0x31, 0x52,
  0x31, 0x59, 0x7e, 0x43, 0x5c, 0xa1, 0x68, 0x8e, 0x9b, 0x1a, 0x11, 0x4c,
  0x12, 0x17, 0x58, 0xa5, 0x74, 0x5d, 0x9e, 0x75, 0x41, 0x57, 0xa0, 0xac,
  0x3e, 0x37, 0x51, 0x43, 0x75, 0x03, 0x05, 0x2d, 0x48, 0x00, 0x00, 0x02,
  0x00, 0x00, 0x00, 0x00, 0x02, 0x8e, 0x02, 0xcd, 0x00, 0x07, 0x00, 0x11,
  0x00, 0x2c, 0x40, 0x29, 0x0c, 0x01, 0x04, 0x02, 0x01, 0x4c, 0x00, 0x04,
  0x00, 0x00, 0x01, 0x04, 0x00, 0x68, 0x00, 0x02, 0x02, 0x6a, 0x4d, 0x05,
  0x03, 0x02, 0x01, 0x01, 0x6b, 0x01, 0x4e, 0x00, 0x00, 0x11, 0x10, 0x00,
  0x07, 0x00, 0x07, 0x11, 0x11, 0x11, 0x06, 0x0d, 0x19, 0x2b, 0x21, 0x27,
  0x21, 0x07, 0x23, 0x01, 0x33, 0x01, 0x01, 0x2e, 0x02, 0x27, 0x06, 0x06,
  0x07, 0x07, 0x33, 0x02, 0x1c, 0x4d, 0xfe, 0xee, 0x4c, 0x71, 0x01, 0x0f,
  0x70, 0x01, 0x0f, 0xfe, 0xdc, 0x03, 0x0f, 0x0e, 0x04, 0x07, 0x14, 0x06,
  0x48, 0xd4, 0xcd, 0xcd, 0x02, 0xcd, 0xfd, 0x33, 0x01, 0xf2, 0x0a, 0x2f,
  0x32, 0x0f, 0x20, 0x46, 0x14, 0xc7, 0x00, 0x03, 0x00, 0x5d, 0x00, 0x00,
  0x02, 0x5a, 0x02, 0xca, 0x00, 0x10, 0x00, 0x19, 0x00, 0x22, 0x00, 0x44,
  0x40, 0x41, 0x06, 0x01, 0x05, 0x02, 0x01, 0x4c, 0x07, 0x01, 0x02, 0x08,
  0x01, 0x05, 0x04, 0x02, 0x05, 0x67, 0x00, 0x03, 0x03, 0x00, 0x5f, 0x06,
  0x01, 0x00, 0x00, 0x6a, 0x4d, 0x00, 0x04, 0x04, 0x01, 0x5f, 0x00, 0x01,
  0x01, 0x6b, 0x01, 0x4e, 0x1a, 0x1a, 0x12, 0x11, 0x01, 0x00, 0x1a, 0x22,
  0x1a, 0x21, 0x1d, 0x1b, 0x18, 0x16, 0x11, 0x19, 0x12, 0x19, 0x0f, 0x0d,
  0x00, 0x10, 0x01, 0x10, 0x09, 0x0d, 0x16, 0x2b, 0x01, 0x32, 0x16, 0x15,
  0x14, 0x06, 0x07, 0x15, 0x1e, 0x02, 0x15, 0x14, 0x06, 0x23, 0x21, 0x11,
  0x13, 0x32, 0x36, 0x35, 0x34, 0x26, 0x23, 0x23, 0x1d, 0x02, 0x33, 0x32,
  0x36, 0x35, 0x34, 0x26, 0x23, 0x01, 0x32, 0x89, 0x88, 0x46, 0x3d, 0x2a,
  0x46, 0x2a, 0x88, 0x75, 0xff, 0x00, 0xe4, 0x53, 0x3f, 0x4c, 0x53, 0x6a,
  0x82, 0x57, 0x44, 0x46, 0x5b, 0x02, 0xca, 0x52, 0x5f, 0x41, 0x51, 0x0c,
  0x05, 0x07, 0x26, 0x45, 0x38, 0x61, 0x6b, 0x02, 0xca, 0xfe, 0xd5, 0x38,
  0x35, 0x35, 0x30, 0xd2, 0x56, 0xf0, 0x45, 0x37, 0x33, 0x41, 0x00, 0x01,
  0x00, 0x3b, 0xff, 0xf6, 0x02, 0x5c, 0x02, 0xd4, 0x00, 0x1b, 0x00, 0x37,
  0x40, 0x34, 0x18, 0x01, 0x00, 0x03, 0x19, 0x09, 0x02, 0x01, 0x00, 0x0a,
  0x01, 0x02, 0x01, 0x03, 0x4c, 0x04, 0x01, 0x00, 0x00, 0x03, 0x61, 0x00,
  0x03, 0x03, 0x70, 0x4d, 0x00, 0x01, 0x01, 0x02, 0x61, 0x00, 0x02, 0x02,
  0x71, 0x02, 0x4e, 0x01, 0x00, 0x16, 0x14, 0x0e, 0x0c, 0x07, 0x05, 0x00,
  0x1b, 0x01, 0x1b, 0x05, 0x0d, 0x16, 0x2b, 0x01, 0x22, 0x06, 0x15, 0x14,
  0x16, 0x33, 0x32, 0x36, 0x37, 0x15, 0x06, 0x06, 0x23, 0x22, 0x26, 0x26,
  0x35, 0x34, 0x36, 0x36, 0x33, 0x32, 0x16, 0x17, 0x07, 0x26, 0x26, 0x01,
  0x92, 0x6b, 0x7a, 0x73, 0x73, 0x2e, 0x55, 0x2a, 0x2a, 0x57, 0x3b, 0x6e,
  0x93, 0x48, 0x50, 0x99, 0x6f, 0x36, 0x68, 0x2b, 0x28, 0x22, 0x51, 0x02,
  0x77, 0x92, 0x81, 0x7f, 0x92, 0x12, 0x0d, 0x5d, 0x10, 0x0f, 0x5b, 0xa5,
  0x6f, 0x6c, 0xa6, 0x5d, 0x16, 0x15, 0x5a, 0x10, 0x18, 0x00, 0x00, 0x02,
  0x00, 0x5d, 0x00, 0x00, 0x02, 0xa0, 0x02, 0xca, 0x00, 0x09, 0x00, 0x11,
  0x00, 0x1f, 0x40, 0x1c, 0x00, 0x02, 0x02, 0x01, 0x5f, 0x00, 0x01, 0x01,
  0x6a, 0x4d, 0x00, 0x03, 0x03, 0x00, 0x5f, 0x00, 0x00, 0x00, 0x6b, 0x00,
  0x4e, 0x21, 0x25, 0x21, 0x22, 0x04, 0x0d, 0x1a, 0x2b, 0x01, 0x14, 0x06,
  0x23, 0x23, 0x11, 0x33, 0x32, 0x16, 0x16, 0x07, 0x34, 0x26, 0x23, 0x23,
  0x11, 0x33, 0x20, 0x02, 0xa0, 0xc7, 0xaf, 0xcd, 0xe1, 0x6d, 0x9f, 0x56,
  0x72, 0x82, 0x78, 0x6a, 0x57, 0x01, 0x0d, 0x01, 0x6d, 0xb5, 0xb8, 0x02,
  0xca, 0x4f, 0x9c, 0x75, 0x86, 0x7f, 0xfd, 0xed, 0x00, 0x01, 0x00, 0x5f,
  0x00, 0x00, 0x01, 0xf1, 0x02, 0xca, 0x00, 0x0b, 0x00, 0x29, 0x40, 0x26,
  0x00, 0x03, 0x00, 0x04, 0x05, 0x03, 0x04, 0x67, 0x00, 0x02, 0x02, 0x01,
  0x5f, 0x00, 0x01, 0x01, 0x6a, 0x4d, 0x00, 0x05, 0x05, 0x00, 0x5f, 0x00,
  0x00, 0x00, 0x6b, 0x00, 0x4e, 0x11, 0x11, 0x11, 0x11, 0x11, 0x10, 0x06,
  0x0d, 0x1c, 0x2b, 0x21, 0x21, 0x11, 0x21, 0x15, 0x21, 0x15, 0x21, 0x15,
  0x21, 0x15, 0x21, 0x01, 0xf1, 0xfe, 0x6e, 0x01, 0x92, 0xfe, 0xda, 0x01,
  0x14, 0xfe, 0xec, 0x01, 0x26, 0x02, 0xca, 0x5c, 0xcc, 0x5b, 0xea, 0x00,
  0x00, 0x01, 0x00, 0x5f, 0x00, 0x00, 0x01, 0xf1, 0x02, 0xca, 0x00, 0x09,
  0x00, 0x23, 0x40, 0x20, 0x00, 0x03, 0x00, 0x04, 0x00, 0x03, 0x04, 0x67,
  0x00, 0x02, 0x02, 0x01, 0x5f, 0x00, 0x01, 0x01, 0x6a, 0x4d, 0x00, 0x00,
  0x00, 0x6b, 0x00, 0x4e, 0x11, 0x11, 0x11, 0x11, 0x10, 0x05, 0x0d, 0x1b,
  0x2b, 0x33, 0x23, 0x11, 0x21, 0x15, 0x21, 0x15, 0x21, 0x15, 0x21, 0xca,
  0x6b, 0x01, 0x92, 0xfe, 0xd9, 0x01, 0x14, 0xfe, 0xec, 0x02, 0xca, 0x5c,
  0xe9, 0x5c, 0x00, 0x01, 0x00, 0x3c, 0xff, 0xf6, 0x02, 0x8b, 0x02, 0xd4,
  0x00, 0x1f, 0x00, 0x3b, 0x40, 0x38, 0x0f, 0x01, 0x03, 0x02, 0x10, 0x01,
  0x00, 0x03, 0x1d, 0x01, 0x04, 0x05, 0x02, 0x01, 0x01, 0x04, 0x04, 0x4c,
  0x00, 0x00, 0x00, 0x05, 0x04, 0x00, 0x05, 0x67, 0x00, 0x03, 0x03, 0x02,
  0x61, 0x00, 0x02, 0x02, 0x70, 0x4d, 0x00, 0x04, 0x04, 0x01, 0x61, 0x00,
  0x01, 0x01, 0x71, 0x01, 0x4e, 0x13, 0x25, 0x25, 0x25, 0x23, 0x10, 0x06,
  0x0d, 0x1c, 0x2b, 0x01, 0x21, 0x11, 0x06, 0x06, 0x23, 0x22, 0x26, 0x35,
  0x34, 0x36, 0x36, 0x33, 0x32, 0x16, 0x17, 0x07, 0x26, 0x26, 0x23, 0x22,
  0x06, 0x15, 0x14, 0x16, 0x16, 0x33, 0x32, 0x36, 0x37, 0x35, 0x23, 0x01,
  0x89, 0x01, 0x02, 0x39, 0x77, 0x4c, 0xa4, 0xaf, 0x57, 0xa6, 0x76, 0x3b,
  0x6c, 0x2e, 0x27, 0x25, 0x5b, 0x32, 0x77, 0x88, 0x32, 0x6c, 0x57, 0x2b,
  0x3b, 0x19, 0x97, 0x01, 0x80, 0xfe, 0x9c, 0x13, 0x13, 0xc3, 0xac, 0x70,
  0xa5, 0x5a, 0x17, 0x14, 0x5a, 0x10, 0x18, 0x94, 0x7f, 0x51, 0x7b, 0x46,
  0x09, 0x06, 0xc2, 0x00, 0x00, 0x01, 0x00, 0x5f, 0x00, 0x00, 0x02, 0x8c,
  0x02, 0xca, 0x00, 0x0b, 0x00, 0x21, 0x40, 0x1e, 0x00, 0x04, 0x00, 0x01,
  0x00, 0x04, 0x01, 0x67, 0x05, 0x01, 0x03, 0x03, 0x6a, 0x4d, 0x02, 0x01,
  0x00, 0x00, 0x6b, 0x00, 0x4e, 0x11, 0x11, 0x11, 0x11, 0x11, 0x10, 0x06,
  0x0d, 0x1c, 0x2b, 0x21, 0x23, 0x11, 0x21, 0x11, 0x23, 0x11, 0x33, 0x11,
  0x21, 0x11, 0x33, 0x02, 0x8c, 0x6c, 0xfe, 0xab, 0x6c, 0x6c, 0x01, 0x55,
  0x6c, 0x01, 0x46, 0xfe, 0xba, 0x02, 0xca, 0xfe, 0xd8, 0x01, 0x28, 0x00,
  0x00, 0x01, 0x00, 0x26, 0x00, 0x00, 0x01, 0x3b, 0x02, 0xca, 0x00, 0x0b,
  0x00, 0x20, 0x40, 0x1d, 0x0b, 0x0a, 0x09, 0x08, 0x05, 0x04, 0x03, 0x02,
  0x08, 0x00, 0x01, 0x01, 0x4c, 0x00, 0x01, 0x01, 0x6a, 0x4d, 0x00, 0x00,
  0x00, 0x6b, 0x00, 0x4e, 0x15, 0x10, 0x02, 0x0d, 0x18, 0x2b, 0x21, 0x21,
  0x35, 0x37, 0x11, 0x27, 0x35, 0x21, 0x15, 0x07, 0x11, 0x17, 0x01, 0x3b,
  0xfe, 0xeb, 0x55, 0x55, 0x01, 0x15, 0x54, 0x54, 0x3e, 0x19, 0x02, 0x1b,
  0x1a, 0x3e, 0x3e, 0x1a, 0xfd, 0xe5, 0x19, 0x00, 0x00, 0x01, 0xff, 0xb3,
  0xff, 0x3c, 0x00, 0xc7, 0x02, 0xca, 0x00, 0x10, 0x00, 0x28, 0x40, 0x25,
  0x04, 0x01, 0x01, 0x02, 0x03, 0x01, 0x00, 0x01, 0x02, 0x4c, 0x00, 0x01,
  0x03, 0x01, 0x00, 0x01, 0x00, 0x65, 0x00, 0x02, 0x02, 0x6a, 0x02, 0x4e,
  0x01, 0x00, 0x0d, 0x0c, 0x08, 0x06, 0x00, 0x10, 0x01, 0x10, 0x04, 0x0d,
  0x16, 0x2b, 0x17, 0x22, 0x26, 0x27, 0x35, 0x16, 0x16, 0x33, 0x32, 0x36,
  0x36, 0x35, 0x11, 0x33, 0x11, 0x14, 0x06, 0x02, 0x1a, 0x27, 0x0e, 0x10,
  0x24, 0x14, 0x19, 0x2c, 0x1b, 0x6c, 0x6d, 0xc4, 0x07, 0x06, 0x5a, 0x04,
  0x06, 0x14, 0x34, 0x2f, 0x02, 0xba, 0xfd, 0x4b, 0x71, 0x68, 0x00, 0x01,
  0x00, 0x5f, 0x00, 0x00, 0x02, 0x78, 0x02, 0xca, 0x00, 0x0e, 0x00, 0x20,
  0x40, 0x1d, 0x0e, 0x08, 0x03, 0x02, 0x04, 0x00, 0x02, 0x01, 0x4c, 0x03,
  0x01, 0x02, 0x02, 0x6a, 0x4d, 0x01, 0x01, 0x00, 0x00, 0x6b, 0x00, 0x4e,
  0x15, 0x11, 0x13, 0x10, 0x04, 0x0d, 0x1a, 0x2b, 0x21, 0x23, 0x03, 0x07,
  0x11, 0x23, 0x11, 0x33, 0x11, 0x36, 0x36, 0x37, 0x37, 0x33, 0x01, 0x02,
  0x78, 0x7d, 0xea, 0x46, 0x6c, 0x6c, 0x1a, 0x34, 0x1a, 0xc1, 0x7c, 0xfe,
  0xef, 0x01, 0x49, 0x3a, 0xfe, 0xf1, 0x02, 0xca, 0xfe, 0xa7, 0x1e, 0x3d,
  0x1e, 0xe0, 0xfe, 0xc8, 0x00, 0x01, 0x00, 0x5d, 0x00, 0x00, 0x01, 0xfb,
  0x02, 0xca, 0x00, 0x05, 0x00, 0x1f, 0x40, 0x1c, 0x00, 0x00, 0x00, 0x6a,
  0x4d, 0x00, 0x01, 0x01, 0x02, 0x60, 0x03, 0x01, 0x02, 0x02, 0x6b, 0x02,
  0x4e, 0x00, 0x00, 0x00, 0x05, 0x00, 0x05, 0x11, 0x11, 0x04, 0x0d, 0x18,
  0x2b, 0x33, 0x11, 0x33, 0x11, 0x21, 0x15, 0x5d, 0x6d, 0x01, 0x31, 0x02,
  0xca, 0xfd, 0x94, 0x5e, 0x00, 0x01, 0x00, 0x5f, 0x00, 0x00, 0x03, 0x37,
  0x02, 0xca, 0x00, 0x17, 0x00, 0x26, 0x40, 0x23, 0x15, 0x0b, 0x02, 0x00,
  0x01, 0x01, 0x4c, 0x02, 0x01, 0x01, 0x01, 0x6a, 0x4d, 0x05, 0x04, 0x03,
  0x03, 0x00, 0x00, 0x6b, 0x00, 0x4e, 0x00, 0x00, 0x00, 0x17, 0x00, 0x17,
  0x11, 0x13, 0x11, 0x17, 0x06, 0x0d, 0x1a, 0x2b, 0x21, 0x03, 0x23, 0x1e,
  0x02, 0x15, 0x11, 0x23, 0x11, 0x33, 0x13, 0x33, 0x13, 0x33, 0x11, 0x23,
  0x11, 0x34, 0x36, 0x36, 0x37, 0x23, 0x03, 0x01, 0x96, 0xd8, 0x04, 0x01,
  0x04, 0x02, 0x62, 0x9a, 0xcd, 0x04, 0xd3, 0x9a, 0x69, 0x03, 0x03, 0x01,
  0x04, 0xde, 0x02, 0x5f, 0x15, 0x43, 0x4e, 0x26, 0xfe, 0x6d, 0x02, 0xca,
  0xfd, 0xc3, 0x02, 0x3d, 0xfd, 0x36, 0x01, 0x99, 0x22, 0x4b, 0x42, 0x16,
  0xfd, 0xa2, 0x00, 0x01, 0x00, 0x5f, 0x00, 0x00, 0x02, 0xa9, 0x02, 0xca,
  0x00, 0x12, 0x00, 0x1d, 0x40, 0x1a, 0x02, 0x01, 0x00, 0x02, 0x01, 0x4c,
  0x03, 0x01, 0x02, 0x02, 0x6a, 0x4d, 0x01, 0x01, 0x00, 0x00, 0x6b, 0x00,
  0x4e, 0x17, 0x11, 0x16, 0x10, 0x04, 0x0d, 0x1a, 0x2b, 0x21, 0x23, 0x01,
  0x23, 0x16, 0x16, 0x15, 0x11, 0x23, 0x11, 0x33, 0x01, 0x33, 0x2e, 0x02,
  0x27, 0x11, 0x33, 0x02, 0xa9, 0x83, 0xfe, 0x97, 0x04, 0x02, 0x06, 0x62,
  0x82, 0x01, 0x68, 0x03, 0x01, 0x03, 0x02, 0x01, 0x64, 0x02, 0x41, 0x28,
  0x67, 0x36, 0xfe, 0x84, 0x02, 0xca, 0xfd, 0xc2, 0x15, 0x40, 0x49, 0x20,
  0x01, 0x80, 0x00, 0x02, 0x00, 0x3b, 0xff, 0xf6, 0x02, 0xd5, 0x02, 0xd5,
  0x00, 0x0f, 0x00, 0x1b, 0x00, 0x1f, 0x40, 0x1c, 0x00, 0x03, 0x03, 0x01,
  0x61, 0x00, 0x01, 0x01, 0x70, 0x4d, 0x00, 0x02, 0x02, 0x00, 0x61, 0x00,
  0x00, 0x00, 0x71, 0x00, 0x4e, 0x24, 0x25, 0x26, 0x23, 0x04, 0x0d, 0x1a,
  0x2b, 0x01, 0x14, 0x06, 0x06, 0x23, 0x22, 0x26, 0x26, 0x35, 0x34, 0x36,
  0x36, 0x33, 0x32, 0x16, 0x16, 0x05, 0x14, 0x16, 0x33, 0x32, 0x36, 0x35,
  0x34, 0x26, 0x23, 0x22, 0x06, 0x02, 0xd5, 0x4b, 0x94, 0x6e, 0x71, 0x93,
  0x49, 0x49, 0x94, 0x71, 0x6e, 0x93, 0x4b, 0xfd, 0xd9, 0x69, 0x71, 0x72,
  0x68, 0x68, 0x71, 0x72, 0x69, 0x01, 0x66, 0x6f, 0xa5, 0x5c, 0x5c, 0xa6,
  0x6f, 0x6e, 0xa4, 0x5c, 0x5b, 0xa5, 0x6f, 0x80, 0x93, 0x93, 0x80, 0x80,
  0x92, 0x92, 0x00, 0x02, 0x00, 0x5d, 0x00, 0x00, 0x02, 0x31, 0x02, 0xca,
  0x00, 0x0b, 0x00, 0x14, 0x00, 0x32, 0x40, 0x2f, 0x00, 0x04, 0x00, 0x01,
  0x02, 0x04, 0x01, 0x67, 0x06, 0x01, 0x03, 0x03, 0x00, 0x5f, 0x05, 0x01,
  0x00, 0x00, 0x6a, 0x4d, 0x00, 0x02, 0x02, 0x6b, 0x02, 0x4e, 0x0d, 0x0c,
  0x01, 0x00, 0x10, 0x0e, 0x0c, 0x14, 0x0d, 0x14, 0x0a, 0x09, 0x08, 0x06,
  0x00, 0x0b, 0x01, 0x0b, 0x07, 0x0d, 0x16, 0x2b, 0x01, 0x32, 0x16, 0x15,
  0x14, 0x06, 0x06, 0x23, 0x23, 0x11, 0x23, 0x11, 0x17, 0x23, 0x11, 0x33,
  0x32, 0x36, 0x35, 0x34, 0x26, 0x01, 0x25, 0x8b, 0x81, 0x35, 0x7b, 0x6a,
  0x4d, 0x6d, 0xc1, 0x54, 0x42, 0x5a, 0x5c, 0x4f, 0x02, 0xca, 0x70, 0x65,
  0x3c, 0x69, 0x41, 0xfe, 0xf1, 0x02, 0xca, 0x5b, 0xfe, 0xfb, 0x3d, 0x4a,
  0x3e, 0x40, 0x00, 0x02, 0x00, 0x3b, 0xff, 0x56, 0x02, 0xd5, 0x02, 0xd5,
  0x00, 0x14, 0x00, 0x20, 0x00, 0x2b, 0x40, 0x28, 0x03, 0x01, 0x01, 0x03,
  0x01, 0x4c, 0x00, 0x00, 0x01, 0x00, 0x86, 0x00, 0x04, 0x04, 0x02, 0x61,
  0x00, 0x02, 0x02, 0x70, 0x4d, 0x00, 0x03, 0x03, 0x01, 0x61, 0x00, 0x01,
  0x01, 0x71, 0x01, 0x4e, 0x24, 0x25, 0x26, 0x41, 0x14, 0x05, 0x0d, 0x1b,
  0x2b, 0x01, 0x14, 0x06, 0x07, 0x17, 0x23, 0x27, 0x22, 0x06, 0x23, 0x22,
  0x26, 0x26, 0x35, 0x34, 0x36, 0x36, 0x33, 0x32, 0x16, 0x16, 0x05, 0x14,
  0x16, 0x33, 0x32, 0x36, 0x35, 0x34, 0x26, 0x23, 0x22, 0x06, 0x02, 0xd5,
  0x64, 0x63, 0xac, 0x95, 0x87, 0x05, 0x0c, 0x05, 0x71, 0x93, 0x49, 0x49,
  0x94, 0x71, 0x6e, 0x93, 0x4b, 0xfd, 0xd9, 0x69, 0x71, 0x72, 0x68, 0x68,
  0x71, 0x72, 0x69, 0x01, 0x66, 0x80, 0xb5, 0x25, 0xb6, 0xa1, 0x01, 0x5c,
  0xa6, 0x6f, 0x6e, 0xa4, 0x5c, 0x5b, 0xa5, 0x6f, 0x80, 0x93, 0x93, 0x80,
  0x80, 0x92, 0x92, 0x00, 0x00, 0x02, 0x00, 0x5d, 0x00, 0x00, 0x02, 0x6e,
  0x02, 0xca, 0x00, 0x0e, 0x00, 0x17, 0x00, 0x3b, 0x40, 0x38, 0x07, 0x01,
  0x02, 0x05, 0x01, 0x4c, 0x00, 0x05, 0x00, 0x02, 0x01, 0x05, 0x02, 0x67,
  0x07, 0x01, 0x04, 0x04, 0x00, 0x5f, 0x06, 0x01, 0x00, 0x00, 0x6a, 0x4d,
  0x03, 0x01, 0x01, 0x01, 0x6b, 0x01, 0x4e, 0x10, 0x0f, 0x01, 0x00, 0x13,
  0x11, 0x0f, 0x17, 0x10, 0x17, 0x0d, 0x0c, 0x0b, 0x0a, 0x09, 0x08, 0x00,
  0x0e, 0x01, 0x0e, 0x08, 0x0d, 0x16, 0x2b, 0x01, 0x32, 0x16, 0x15, 0x14,
  0x06, 0x06, 0x07, 0x13, 0x23, 0x03, 0x23, 0x11, 0x23, 0x11, 0x17, 0x23,
  0x15, 0x33, 0x32, 0x36, 0x35, 0x34, 0x26, 0x01, 0x29, 0x87, 0x83, 0x28,
  0x3f, 0x24, 0xc6, 0x7e, 0xa9, 0x7d, 0x6d, 0xc7, 0x5a, 0x5e, 0x4f, 0x4c,
  0x4d, 0x02, 0xca, 0x66, 0x66, 0x37, 0x4b, 0x30, 0x0e, 0xfe, 0xc2, 0x01,
  0x21, 0xfe, 0xdf, 0x02, 0xca, 0x5a, 0xf7, 0x3f, 0x41, 0x3f, 0x38, 0x00,
  0x00, 0x01, 0x00, 0x32, 0xff, 0xf6, 0x01, 0xf9, 0x02, 0xd4, 0x00, 0x29,
  0x00, 0x2e, 0x40, 0x2b, 0x1b, 0x01, 0x03, 0x02, 0x1c, 0x07, 0x02, 0x01,
  0x03, 0x06, 0x01, 0x00, 0x01, 0x03, 0x4c, 0x00, 0x03, 0x03, 0x02, 0x61,
  0x00, 0x02, 0x02, 0x70, 0x4d, 0x00, 0x01, 0x01, 0x00, 0x61, 0x00, 0x00,
  0x00, 0x71, 0x00, 0x4e, 0x25, 0x2c, 0x25, 0x22, 0x04, 0x0d, 0x1a, 0x2b,
  0x25, 0x14, 0x06, 0x23, 0x22, 0x26, 0x27, 0x35, 0x16, 0x16, 0x33, 0x32,
  0x36, 0x35, 0x34, 0x26, 0x26, 0x27, 0x2e, 0x02, 0x35, 0x34, 0x36, 0x33,
  0x32, 0x16, 0x17, 0x07, 0x26, 0x26, 0x23, 0x22, 0x06, 0x15, 0x14, 0x16,
  0x16, 0x17, 0x1e, 0x02, 0x01, 0xf9, 0x8a, 0x78, 0x3a, 0x67, 0x24, 0x28,
  0x6c, 0x38, 0x48, 0x48, 0x21, 0x46, 0x39, 0x35, 0x51, 0x2e, 0x80, 0x68,
  0x3a, 0x63, 0x2d, 0x22, 0x29, 0x55, 0x2d, 0x3b, 0x3e, 0x1e, 0x42, 0x36,
  0x3c, 0x55, 0x2c, 0xc1, 0x5f, 0x6c, 0x13, 0x12, 0x66, 0x12, 0x1d, 0x38,
  0x2f, 0x21, 0x2d, 0x26, 0x17, 0x14, 0x36, 0x50, 0x3a, 0x58, 0x64, 0x17,
  0x14, 0x59, 0x11, 0x16, 0x34, 0x2a, 0x21, 0x2d, 0x24, 0x16, 0x18, 0x35,
  0x4b, 0x00, 0x00, 0x01, 0x00, 0x0d, 0x00, 0x00, 0x02, 0x25, 0x02, 0xca,
  0x00, 0x07, 0x00, 0x1b, 0x40, 0x18, 0x03, 0x01, 0x01, 0x01, 0x02, 0x5f,
  0x00, 0x02, 0x02, 0x6a, 0x4d, 0x00, 0x00, 0x00, 0x6b, 0x00, 0x4e, 0x11,
  0x11, 0x11, 0x10, 0x04, 0x0d, 0x1a, 0x2b, 0x21, 0x23, 0x11, 0x23, 0x35,
  0x21, 0x15, 0x23, 0x01, 0x4f, 0x6c, 0xd6, 0x02, 0x18, 0xd6, 0x02, 0x6d,
  0x5d, 0x5d, 0x00, 0x01, 0x00, 0x59, 0xff, 0xf6, 0x02, 0x89, 0x02, 0xca,
  0x00, 0x11, 0x00, 0x1b, 0x40, 0x18, 0x03, 0x01, 0x01, 0x01, 0x6a, 0x4d,
  0x00, 0x02, 0x02, 0x00, 0x61, 0x00, 0x00, 0x00, 0x71, 0x00, 0x4e, 0x13,
  0x22, 0x13, 0x23, 0x04, 0x0d, 0x1a, 0x2b, 0x25, 0x14, 0x06, 0x06, 0x23,
  0x22, 0x26, 0x35, 0x11, 0x33, 0x11, 0x14, 0x33, 0x32, 0x36, 0x35, 0x11,
  0x33, 0x02, 0x89, 0x3e, 0x7d, 0x60, 0x88, 0x8d, 0x6c, 0xae, 0x5a, 0x51,
  0x6b, 0xfc, 0x4a, 0x77, 0x45, 0x91, 0x77, 0x01, 0xcc, 0xfe, 0x39, 0xb1,
  0x60, 0x52, 0x01, 0xc6, 0x00, 0x01, 0x00, 0x00, 0x00, 0x00, 0x02, 0x67,
  0x02, 0xca, 0x00, 0x0c, 0x00, 0x21, 0x40, 0x1e, 0x08, 0x01, 0x00, 0x01,
  0x01, 0x4c, 0x03, 0x02, 0x02, 0x01, 0x01, 0x6a, 0x4d, 0x00, 0x00, 0x00,
  0x6b, 0x00, 0x4e, 0x00, 0x00, 0x00, 0x0c, 0x00, 0x0c, 0x11, 0x11, 0x04,
  0x0d, 0x18, 0x2b, 0x01, 0x03, 0x23, 0x03, 0x33, 0x13, 0x16, 0x16, 0x17,
  0x36, 0x36, 0x37, 0x13, 0x02, 0x67, 0xfc, 0x70, 0xfb, 0x6f, 0x99, 0x0d,
  0x18, 0x06, 0x06, 0x18, 0x0d, 0x99, 0x02, 0xca, 0xfd, 0x36, 0x02, 0xca,
  0xfe, 0x40, 0x24, 0x56, 0x23, 0x23, 0x56, 0x25, 0x01, 0xbf, 0x00, 0x01,
  0x00, 0x08, 0x00, 0x00, 0x03, 0xa4, 0x02, 0xca, 0x00, 0x20, 0x00, 0x27,
  0x40, 0x24, 0x1c, 0x13, 0x07, 0x03, 0x00, 0x02, 0x01, 0x4c, 0x05, 0x04,
  0x03, 0x03, 0x02, 0x02, 0x6a, 0x4d, 0x01, 0x01, 0x00, 0x00, 0x6b, 0x00,
  0x4e, 0x00, 0x00, 0x00, 0x20, 0x00, 0x20, 0x18, 0x11, 0x1a, 0x11, 0x06,
  0x0d, 0x1a, 0x2b, 0x01, 0x03, 0x23, 0x03, 0x2e, 0x02, 0x27, 0x0e, 0x02,
  0x07, 0x03, 0x23, 0x03, 0x33, 0x13, 0x16, 0x16, 0x17, 0x36, 0x36, 0x37,
  0x13, 0x33, 0x13, 0x16, 0x16, 0x17, 0x36, 0x36, 0x37, 0x13, 0x03, 0xa4,
  0xbc, 0x73, 0x7e, 0x07, 0x0f, 0x0c, 0x02, 0x01, 0x0a, 0x0f, 0x07, 0x7c,
  0x73, 0xbb, 0x6f, 0x69, 0x0b, 0x12, 0x05, 0x05, 0x14, 0x0c, 0x77, 0x6c,
  0x7b, 0x0c, 0x14, 0x05, 0x05, 0x13, 0x0b, 0x69, 0x02, 0xca, 0xfd, 0x36,
  0x01, 0xb9, 0x18, 0x3c, 0x35, 0x0b, 0x0b, 0x34, 0x3e, 0x1a, 0xfe, 0x4a,
  0x02, 0xca, 0xfe, 0x5a, 0x2b, 0x5f, 0x25, 0x26, 0x62, 0x27, 0x01, 0xa6,
  0xfe, 0x58, 0x28, 0x62, 0x23, 0x24, 0x60, 0x2b, 0x01, 0xa6, 0x00, 0x01,
  0x00, 0x04, 0x00, 0x00, 0x02, 0x5f, 0x02, 0xca, 0x00, 0x0b, 0x00, 0x20,
  0x40, 0x1d, 0x0b, 0x08, 0x05, 0x02, 0x04, 0x00, 0x02, 0x01, 0x4c, 0x03,
  0x01, 0x02, 0x02, 0x6a, 0x4d, 0x01, 0x01, 0x00, 0x00, 0x6b, 0x00, 0x4e,
  0x12, 0x12, 0x12, 0x10, 0x04, 0x0d, 0x1a, 0x2b, 0x21, 0x23, 0x03, 0x03,
  0x23, 0x13, 0x03, 0x33, 0x13, 0x13, 0x33, 0x03, 0x02, 0x5f, 0x7c, 0xb4,
  0xb6, 0x75, 0xed, 0xdf, 0x79, 0xa7, 0xa6, 0x76, 0xde, 0x01, 0x26, 0xfe,
  0xda, 0x01, 0x73, 0x01, 0x57, 0xfe, 0xf3, 0x01, 0x0d, 0xfe, 0xa8, 0x00,
  0x00, 0x01, 0x00, 0x00, 0x00, 0x00, 0x02, 0x48, 0x02, 0xca, 0x00, 0x08,
  0x00, 0x1c, 0x40, 0x19, 0x06, 0x03, 0x02, 0x01, 0x00, 0x01, 0x4c, 0x02,
  0x01, 0x00, 0x00, 0x6a, 0x4d, 0x00, 0x01, 0x01, 0x6b, 0x01, 0x4e, 0x12,
  0x12, 0x11, 0x03, 0x0d, 0x19, 0x2b, 0x01, 0x13, 0x33, 0x03, 0x11, 0x23,
  0x11, 0x03, 0x33, 0x01, 0x24, 0xae, 0x76, 0xee, 0x6d, 0xed, 0x76, 0x01,
  0x7a, 0x01, 0x50, 0xfe, 0x4b, 0xfe, 0xeb, 0x01, 0x11, 0x01, 0xb9, 0x00,
  0x00, 0x01, 0x00, 0x22, 0x00, 0x00, 0x02, 0x1b, 0x02, 0xca, 0x00, 0x09,
  0x00, 0x29, 0x40, 0x26, 0x07, 0x01, 0x01, 0x02, 0x02, 0x01, 0x00, 0x03,
  0x02, 0x4c, 0x00, 0x01, 0x01, 0x02, 0x5f, 0x00, 0x02, 0x02, 0x6a, 0x4d,
  0x00, 0x03, 0x03, 0x00, 0x5f, 0x00, 0x00, 0x00, 0x6b, 0x00, 0x4e, 0x12,
  0x11, 0x12, 0x10, 0x04, 0x0d, 0x1a, 0x2b, 0x21, 0x21, 0x35, 0x01, 0x21,
  0x35, 0x21, 0x15, 0x01, 0x21, 0x02, 0x1b, 0xfe, 0x07, 0x01, 0x6e, 0xfe,
  0x9d, 0x01, 0xe5, 0xfe, 0x92, 0x01, 0x77, 0x4d, 0x02, 0x20, 0x5d, 0x4d,
  0xfd, 0xe0, 0x00, 0x01, 0x00, 0x4d, 0xff, 0x62, 0x01, 0x31, 0x02, 0xca,
  0x00, 0x07, 0x00, 0x1c, 0x40, 0x19, 0x00, 0x03, 0x00, 0x00, 0x03, 0x00,
  0x63, 0x00, 0x02, 0x02, 0x01, 0x5f, 0x00, 0x01, 0x01, 0x6a, 0x02, 0x4e,
  0x11, 0x11, 0x11, 0x10, 0x04, 0x0d, 0x1a, 0x2b, 0x05, 0x23, 0x11, 0x33,
  0x15, 0x23, 0x11, 0x33, 0x01, 0x31, 0xe4, 0xe4, 0x82, 0x82, 0x9e, 0x03,
  0x68, 0x51, 0xfd, 0x3a, 0x00, 0x01, 0x00, 0x09, 0xff, 0xfe, 0x01, 0x79,
  0x02, 0xcc, 0x00, 0x03, 0x00, 0x19, 0x40, 0x16, 0x02, 0x01, 0x01, 0x01,
  0x6a, 0x4d, 0x00, 0x00, 0x00, 0x6b, 0x00, 0x4e, 0x00, 0x00, 0x00, 0x03,
  0x00, 0x03, 0x11, 0x03, 0x0d, 0x17, 0x2b, 0x13, 0x01, 0x23, 0x01, 0x6e,
  0x01, 0x0b, 0x66, 0xfe, 0xf6, 0x02, 0xcc, 0xfd, 0x32, 0x02, 0xce, 0x00,
  0x00, 0x01, 0x00, 0x19, 0xff, 0x62, 0x00, 0xfd, 0x02, 0xca, 0x00, 0x07,
  0x00, 0x1c, 0x40, 0x19, 0x00, 0x00, 0x00, 0x03, 0x00, 0x03, 0x63, 0x00,
  0x01, 0x01, 0x02, 0x5f, 0x00, 0x02, 0x02, 0x6a, 0x01, 0x4e, 0x11, 0x11,
  0x11, 0x10, 0x04, 0x0d, 0x1a, 0x2b, 0x17, 0x33, 0x11, 0x23, 0x35, 0x33,
  0x11, 0x23, 0x19, 0x81, 0x81, 0xe4, 0xe4, 0x4d, 0x02, 0xc6, 0x51, 0xfc,
  0x98, 0x00, 0x00, 0x01, 0x00, 0x22, 0x01, 0x07, 0x02, 0x1a, 0x02, 0xcf,
  0x00, 0x06, 0x00, 0x27, 0xb1, 0x06, 0x64, 0x44, 0x40, 0x1c, 0x05, 0x01,
  0x01, 0x00, 0x01, 0x4c, 0x00, 0x00, 0x01, 0x00, 0x85, 0x03, 0x02, 0x02,
  0x01, 0x01, 0x76, 0x00, 0x00, 0x00, 0x06, 0x00, 0x06, 0x11, 0x11, 0x04,
  0x0d, 0x18, 0x2b, 0xb1, 0x06, 0x00, 0x44, 0x13, 0x13, 0x33, 0x13, 0x23,
  0x03, 0x03, 0x22, 0xd4, 0x38, 0xec, 0x59, 0xad, 0x9a, 0x01, 0x07, 0x01,
  0xc8, 0xfe, 0x38, 0x01, 0x5a, 0xfe, 0xa6, 0x00, 0x00, 0x01, 0xff, 0xfe,
  0xff, 0x65, 0x01, 0xb4, 0xff, 0xa6, 0x00, 0x03, 0x00, 0x20, 0xb1, 0x06,
  0x64, 0x44, 0x40, 0x15, 0x00, 0x01, 0x00, 0x00, 0x01, 0x57, 0x00, 0x01,
  0x01, 0x00, 0x5f, 0x00, 0x00, 0x01, 0x00, 0x4f, 0x11, 0x10, 0x02, 0x0d,
  0x18, 0x2b, 0xb1, 0x06, 0x00, 0x44, 0x05, 0x21, 0x35, 0x21, 0x01, 0xb4,
  0xfe, 0x4a, 0x01, 0xb6, 0x9b, 0x41, 0x00, 0x01, 0x00, 0x28, 0x02, 0x5e,
  0x01, 0x0a, 0x02, 0xfe, 0x00, 0x0b, 0x00, 0x26, 0xb1, 0x06, 0x64, 0x44,
  0x40, 0x1b, 0x0a, 0x04, 0x02, 0x00, 0x01, 0x01, 0x4c, 0x02, 0x01, 0x01,
  0x00, 0x01, 0x85, 0x00, 0x00, 0x00, 0x76, 0x00, 0x00, 0x00, 0x0b, 0x00,
  0x0b, 0x15, 0x03, 0x0d, 0x17, 0x2b, 0xb1, 0x06, 0x00, 0x44, 0x13, 0x1e,
  0x02, 0x17, 0x15, 0x23, 0x2e, 0x02, 0x27, 0x35, 0xa4, 0x0c, 0x24, 0x26,
  0x10, 0x48, 0x17, 0x3e, 0x37, 0x0e, 0x02, 0xfe, 0x16, 0x37, 0x34, 0x13,
  0x0c, 0x12, 0x38, 0x39, 0x13, 0x0a, 0x00, 0x02, 0x00, 0x2c, 0xff, 0xf6,
  0x01, 0xee, 0x02, 0x24, 0x00, 0x1b, 0x00, 0x26, 0x00, 0x7b, 0x40, 0x0e,
  0x19, 0x01, 0x04, 0x00, 0x18, 0x01, 0x03, 0x04, 0x06, 0x01, 0x06, 0x05,
  0x03, 0x4c, 0x4b, 0xb0, 0x19, 0x50, 0x58, 0x40, 0x20, 0x00, 0x03, 0x08,
  0x01, 0x05, 0x06, 0x03, 0x05, 0x67, 0x00, 0x04, 0x04, 0x00, 0x61, 0x07,
  0x01, 0x00, 0x00, 0x73, 0x4d, 0x00, 0x06, 0x06, 0x01, 0x61, 0x02, 0x01,
  0x01, 0x01, 0x6b, 0x01, 0x4e, 0x1b, 0x40, 0x24, 0x00, 0x03, 0x08, 0x01,
  0x05, 0x06, 0x03, 0x05, 0x67, 0x00, 0x04, 0x04, 0x00, 0x61, 0x07, 0x01,
  0x00, 0x00, 0x73, 0x4d, 0x00, 0x01, 0x01, 0x6b, 0x4d, 0x00, 0x06, 0x06,
  0x02, 0x61, 0x00, 0x02, 0x02, 0x71, 0x02, 0x4e, 0x59, 0x40, 0x19, 0x1d,
  0x1c, 0x01, 0x00, 0x23, 0x21, 0x1c, 0x26, 0x1d, 0x26, 0x16, 0x14, 0x11,
  0x0f, 0x0b, 0x09, 0x05, 0x04, 0x00, 0x1b, 0x01, 0x1b, 0x09, 0x0d, 0x16,
  0x2b, 0x01, 0x32, 0x16, 0x15, 0x11, 0x23, 0x27, 0x23, 0x06, 0x06, 0x23,
  0x22, 0x26, 0x35, 0x34, 0x36, 0x37, 0x37, 0x35, 0x34, 0x26, 0x23, 0x22,
  0x06, 0x07, 0x27, 0x36, 0x36, 0x13, 0x06, 0x06, 0x15, 0x14, 0x16, 0x33,
  0x32, 0x36, 0x35, 0x35, 0x01, 0x29, 0x62, 0x63, 0x4c, 0x15, 0x04, 0x23,
  0x4d, 0x44, 0x49, 0x60, 0x7d, 0x81, 0x5b, 0x36, 0x31, 0x28, 0x4d, 0x22,
  0x20, 0x25, 0x64, 0x4c, 0x5c, 0x46, 0x32, 0x28, 0x3e, 0x53, 0x02, 0x24,
  0x59, 0x5e, 0xfe, 0x93, 0x4b, 0x2c, 0x29, 0x4f, 0x54, 0x51, 0x57, 0x04,
  0x03, 0x1c, 0x3d, 0x31, 0x19, 0x10, 0x4d, 0x13, 0x1b, 0xfe, 0xdc, 0x03,
  0x34, 0x2f, 0x2a, 0x27, 0x45, 0x46, 0x2f, 0x00, 0x00, 0x02, 0x00, 0x52,
  0xff, 0xf6, 0x02, 0x37, 0x02, 0xf8, 0x00, 0x15, 0x00, 0x21, 0x00, 0x78,
  0x4b, 0xb0, 0x19, 0x50, 0x58, 0x40, 0x0a, 0x03, 0x01, 0x04, 0x00, 0x10,
  0x01, 0x01, 0x05, 0x02, 0x4c, 0x1b, 0x40, 0x0a, 0x03, 0x01, 0x04, 0x00,
  0x10, 0x01, 0x02, 0x05, 0x02, 0x4c, 0x59, 0x4b, 0xb0, 0x19, 0x50, 0x58,
  0x40, 0x1c, 0x00, 0x03, 0x03, 0x6c, 0x4d, 0x06, 0x01, 0x04, 0x04, 0x00,
  0x61, 0x00, 0x00, 0x00, 0x73, 0x4d, 0x00, 0x05, 0x05, 0x01, 0x61, 0x02,
  0x01, 0x01, 0x01, 0x71, 0x01, 0x4e, 0x1b, 0x40, 0x20, 0x00, 0x03, 0x03,
  0x6c, 0x4d, 0x06, 0x01, 0x04, 0x04, 0x00, 0x61, 0x00, 0x00, 0x00, 0x73,
  0x4d, 0x00, 0x02, 0x02, 0x6b, 0x4d, 0x00, 0x05, 0x05, 0x01, 0x61, 0x00,
  0x01, 0x01, 0x71, 0x01, 0x4e, 0x59, 0x40, 0x0f, 0x17, 0x16, 0x1e, 0x1c,
  0x16, 0x21, 0x17, 0x21, 0x11, 0x14, 0x24, 0x26, 0x07, 0x0d, 0x1a, 0x2b,
  0x13, 0x14, 0x06, 0x07, 0x33, 0x36, 0x36, 0x33, 0x32, 0x16, 0x15, 0x14,
  0x06, 0x23, 0x22, 0x26, 0x27, 0x23, 0x07, 0x23, 0x11, 0x33, 0x13, 0x22,
  0x06, 0x15, 0x15, 0x14, 0x16, 0x33, 0x32, 0x36, 0x35, 0x34, 0xbc, 0x03,
  0x02, 0x05, 0x16, 0x4f, 0x3e, 0x61, 0x77, 0x78, 0x61, 0x3f, 0x4d, 0x16,
  0x08, 0x14, 0x4e, 0x6a, 0x8a, 0x4d, 0x3d, 0x3b, 0x51, 0x41, 0x41, 0x02,
  0x41, 0x21, 0x3a, 0x12, 0x22, 0x2e, 0x8c, 0x8a, 0x8b, 0x8d, 0x2d, 0x1e,
  0x41, 0x02, 0xf8, 0xfe, 0xd5, 0x5a, 0x5f, 0x08, 0x5d, 0x61, 0x63, 0x5e,
  0xbe, 0x00, 0x00, 0x01, 0x00, 0x35, 0xff, 0xf6, 0x01, 0xcb, 0x02, 0x25,
  0x00, 0x1a, 0x00, 0x37, 0x40, 0x34, 0x0b, 0x01, 0x02, 0x01, 0x17, 0x0c,
  0x02, 0x03, 0x02, 0x18, 0x01, 0x00, 0x03, 0x03, 0x4c, 0x00, 0x02, 0x02,
  0x01, 0x61, 0x00, 0x01, 0x01, 0x73, 0x4d, 0x00, 0x03, 0x03, 0x00, 0x61,
  0x04, 0x01, 0x00, 0x00, 0x71, 0x00, 0x4e, 0x01, 0x00, 0x15, 0x13, 0x10,
  0x0e, 0x09, 0x07, 0x00, 0x1a, 0x01, 0x1a, 0x05, 0x0d, 0x16, 0x2b, 0x05,
  0x22, 0x26, 0x26, 0x35, 0x34, 0x36, 0x36, 0x33, 0x32, 0x16, 0x17, 0x07,
  0x26, 0x26, 0x23, 0x22, 0x15, 0x14, 0x16, 0x33, 0x32, 0x36, 0x37, 0x15,
  0x06, 0x06, 0x01, 0x2f, 0x4a, 0x71, 0x3f, 0x43, 0x75, 0x4a, 0x2a, 0x4f,
  0x1b, 0x20, 0x1a, 0x3f, 0x1d, 0x93, 0x49, 0x46, 0x2b, 0x47, 0x1d, 0x1c,
  0x45, 0x0a, 0x3b, 0x7a, 0x60, 0x63, 0x7d, 0x3a, 0x12, 0x0d, 0x56, 0x0b,
  0x10, 0xbf, 0x5d, 0x5f, 0x13, 0x0f, 0x5b, 0x10, 0x11, 0x00, 0x00, 0x02,
  0x00, 0x35, 0xff, 0xf6, 0x02, 0x1a, 0x02, 0xf8, 0x00, 0x15, 0x00, 0x22,
  0x00, 0x82, 0x4b, 0xb0, 0x19, 0x50, 0x58, 0x40, 0x0a, 0x09, 0x01, 0x05,
  0x01, 0x12, 0x01, 0x00, 0x04, 0x02, 0x4c, 0x1b, 0x40, 0x0a, 0x09, 0x01,
  0x05, 0x01, 0x12, 0x01, 0x03, 0x04, 0x02, 0x4c, 0x59, 0x4b, 0xb0, 0x19,
  0x50, 0x58, 0x40, 0x1d, 0x00, 0x02, 0x02, 0x6c, 0x4d, 0x00, 0x05, 0x05,
  0x01, 0x61, 0x00, 0x01, 0x01, 0x73, 0x4d, 0x07, 0x01, 0x04, 0x04, 0x00,
  0x61, 0x03, 0x06, 0x02, 0x00, 0x00, 0x71, 0x00, 0x4e, 0x1b, 0x40, 0x21,
  0x00, 0x02, 0x02, 0x6c, 0x4d, 0x00, 0x05, 0x05, 0x01, 0x61, 0x00, 0x01,
  0x01, 0x73, 0x4d, 0x00, 0x03, 0x03, 0x6b, 0x4d, 0x07, 0x01, 0x04, 0x04,
  0x00, 0x61, 0x06, 0x01, 0x00, 0x00, 0x71, 0x00, 0x4e, 0x59, 0x40, 0x17,
  0x17, 0x16, 0x01, 0x00, 0x1e, 0x1c, 0x16, 0x22, 0x17, 0x22, 0x11, 0x10,
  0x0f, 0x0e, 0x07, 0x05, 0x00, 0x15, 0x01, 0x15, 0x08, 0x0d, 0x16, 0x2b,
  0x05, 0x22, 0x26, 0x35, 0x34, 0x36, 0x33, 0x32, 0x16, 0x17, 0x33, 0x26,
  0x26, 0x35, 0x35, 0x33, 0x11, 0x23, 0x27, 0x23, 0x06, 0x06, 0x27, 0x32,
  0x36, 0x35, 0x35, 0x34, 0x26, 0x23, 0x22, 0x06, 0x15, 0x14, 0x16, 0x01,
  0x0c, 0x61, 0x76, 0x77, 0x62, 0x3d, 0x4d, 0x19, 0x05, 0x02, 0x04, 0x6a,
  0x54, 0x12, 0x04, 0x18, 0x4e, 0x24, 0x4e, 0x3f, 0x3c, 0x52, 0x41, 0x42,
  0x42, 0x0a, 0x8c, 0x8b, 0x8a, 0x8e, 0x2e, 0x21, 0x0e, 0x37, 0x13, 0xca,
  0xfd, 0x08, 0x48, 0x23, 0x2f, 0x57, 0x57, 0x58, 0x0f, 0x5e, 0x64, 0x68,
  0x5b, 0x5b, 0x62, 0x00, 0x00, 0x02, 0x00, 0x35, 0xff, 0xf6, 0x02, 0x0c,
  0x02, 0x25, 0x00, 0x16, 0x00, 0x1d, 0x00, 0x43, 0x40, 0x40, 0x0b, 0x01,
  0x02, 0x01, 0x0c, 0x01, 0x03, 0x02, 0x02, 0x4c, 0x00, 0x05, 0x00, 0x01,
  0x02, 0x05, 0x01, 0x67, 0x07, 0x01, 0x04, 0x04, 0x00, 0x61, 0x06, 0x01,
  0x00, 0x00, 0x73, 0x4d, 0x00, 0x02, 0x02, 0x03, 0x61, 0x00, 0x03, 0x03,
  0x71, 0x03, 0x4e, 0x18, 0x17, 0x01, 0x00, 0x1b, 0x1a, 0x17, 0x1d, 0x18,
  0x1d, 0x10, 0x0e, 0x09, 0x07, 0x05, 0x04, 0x00, 0x16, 0x01, 0x16, 0x08,
  0x0d, 0x16, 0x2b, 0x01, 0x32, 0x16, 0x15, 0x15, 0x21, 0x16, 0x16, 0x33,
  0x32, 0x36, 0x37, 0x15, 0x06, 0x06, 0x23, 0x22, 0x26, 0x26, 0x35, 0x34,
  0x36, 0x36, 0x17, 0x22, 0x06, 0x07, 0x33, 0x26, 0x26, 0x01, 0x28, 0x6a,
  0x7a, 0xfe, 0x96, 0x02, 0x54, 0x4c, 0x33, 0x51, 0x2a, 0x29, 0x53, 0x39,
  0x4e, 0x77, 0x43, 0x3d, 0x6d, 0x4a, 0x3a, 0x44, 0x07, 0xfe, 0x01, 0x3b,
  0x02, 0x25, 0x83, 0x71, 0x3b, 0x52, 0x58, 0x13, 0x13, 0x58, 0x12, 0x12,
  0x3e, 0x7b, 0x5b, 0x5a, 0x7e, 0x43, 0x52, 0x4a, 0x44, 0x3f, 0x4f, 0x00,
  0x00, 0x01, 0x00, 0x10, 0x00, 0x00, 0x01, 0x90, 0x02, 0xfd, 0x00, 0x16,
  0x00, 0x5c, 0x40, 0x0f, 0x0e, 0x01, 0x04, 0x03, 0x0f, 0x07, 0x02, 0x05,
  0x04, 0x06, 0x01, 0x00, 0x05, 0x03, 0x4c, 0x4b, 0xb0, 0x26, 0x50, 0x58,
  0x40, 0x1b, 0x00, 0x04, 0x04, 0x03, 0x61, 0x00, 0x03, 0x03, 0x6c, 0x4d,
  0x02, 0x01, 0x00, 0x00, 0x05, 0x5f, 0x00, 0x05, 0x05, 0x6d, 0x4d, 0x00,
  0x01, 0x01, 0x6b, 0x01, 0x4e, 0x1b, 0x40, 0x19, 0x00, 0x03, 0x00, 0x04,
  0x05, 0x03, 0x04, 0x69, 0x02, 0x01, 0x00, 0x00, 0x05, 0x5f, 0x00, 0x05,
  0x05, 0x6d, 0x4d, 0x00, 0x01, 0x01, 0x6b, 0x01, 0x4e, 0x59, 0x40, 0x09,
  0x12, 0x25, 0x25, 0x11, 0x11, 0x10, 0x06, 0x0d, 0x1c, 0x2b, 0x01, 0x23,
  0x11, 0x23, 0x11, 0x23, 0x35, 0x37, 0x35, 0x34, 0x36, 0x33, 0x32, 0x16,
  0x17, 0x07, 0x26, 0x26, 0x23, 0x22, 0x15, 0x15, 0x33, 0x01, 0x5a, 0x85,
  0x6a, 0x5b, 0x5b, 0x5f, 0x55, 0x23, 0x3a, 0x14, 0x1b, 0x11, 0x29, 0x17,
  0x4f, 0x85, 0x01, 0xca, 0xfe, 0x36, 0x01, 0xca, 0x32, 0x21, 0x22, 0x67,
  0x57, 0x0c, 0x07, 0x51, 0x05, 0x09, 0x69, 0x23, 0x00, 0x02, 0x00, 0x35,
  0xff, 0x10, 0x02, 0x1a, 0x02, 0x25, 0x00, 0x1e, 0x00, 0x2a, 0x00, 0x9e,
  0x4b, 0xb0, 0x19, 0x50, 0x58, 0x40, 0x12, 0x02, 0x01, 0x05, 0x00, 0x16,
  0x01, 0x04, 0x06, 0x0c, 0x01, 0x03, 0x04, 0x0b, 0x01, 0x02, 0x03, 0x04,
  0x4c, 0x1b, 0x40, 0x12, 0x02, 0x01, 0x05, 0x01, 0x16, 0x01, 0x04, 0x06,
  0x0c, 0x01, 0x03, 0x04, 0x0b, 0x01, 0x02, 0x03, 0x04, 0x4c, 0x59, 0x4b,
  0xb0, 0x19, 0x50, 0x58, 0x40, 0x22, 0x08, 0x01, 0x05, 0x05, 0x00, 0x61,
  0x01, 0x07, 0x02, 0x00, 0x00, 0x73, 0x4d, 0x00, 0x06, 0x06, 0x04, 0x61,
  0x00, 0x04, 0x04, 0x71, 0x4d, 0x00, 0x03, 0x03, 0x02, 0x61, 0x00, 0x02,
  0x02, 0x6f, 0x02, 0x4e, 0x1b, 0x40, 0x26, 0x00, 0x01, 0x01, 0x6d, 0x4d,
  0x08, 0x01, 0x05, 0x05, 0x00, 0x61, 0x07, 0x01, 0x00, 0x00, 0x73, 0x4d,
  0x00, 0x06, 0x06, 0x04, 0x61, 0x00, 0x04, 0x04, 0x71, 0x4d, 0x00, 0x03,
  0x03, 0x02, 0x61, 0x00, 0x02, 0x02, 0x6f, 0x02, 0x4e, 0x59, 0x40, 0x19,
  0x20, 0x1f, 0x01, 0x00, 0x25, 0x23, 0x1f, 0x2a, 0x20, 0x2a, 0x1a, 0x18,
  0x10, 0x0e, 0x0a, 0x08, 0x05, 0x04, 0x00, 0x1e, 0x01, 0x1e, 0x09, 0x0d,
  0x16, 0x2b, 0x01, 0x32, 0x17, 0x33, 0x37, 0x33, 0x11, 0x14, 0x06, 0x23,
  0x22, 0x27, 0x35, 0x16, 0x16, 0x33, 0x32, 0x36, 0x35, 0x35, 0x34, 0x36,
  0x37, 0x23, 0x06, 0x23, 0x22, 0x26, 0x35, 0x34, 0x36, 0x17, 0x22, 0x06,
  0x15, 0x14, 0x33, 0x32, 0x36, 0x35, 0x35, 0x34, 0x26, 0x01, 0x0d, 0x6b,
  0x3a, 0x05, 0x0c, 0x57, 0x7a, 0x7f, 0x78, 0x4e, 0x29, 0x64, 0x3b, 0x43,
  0x4b, 0x02, 0x01, 0x04, 0x35, 0x6d, 0x66, 0x73, 0x73, 0x7c, 0x3e, 0x44,
  0x84, 0x4b, 0x43, 0x44, 0x02, 0x25, 0x50, 0x46, 0xfd, 0xdd, 0x73, 0x75,
  0x22, 0x5f, 0x15, 0x15, 0x49, 0x41, 0x13, 0x0c, 0x2c, 0x0b, 0x51, 0x92,
  0x85, 0x82, 0x96, 0x57, 0x65, 0x5e, 0xbf, 0x52, 0x5a, 0x15, 0x66, 0x5b,
  0x00, 0x01, 0x00, 0x52, 0x00, 0x00, 0x02, 0x25, 0x02, 0xf8, 0x00, 0x16,
  0x00, 0x27, 0x40, 0x24, 0x03, 0x01, 0x02, 0x00, 0x01, 0x4c, 0x00, 0x04,
  0x04, 0x6c, 0x4d, 0x00, 0x02, 0x02, 0x00, 0x61, 0x00, 0x00, 0x00, 0x73,
  0x4d, 0x03, 0x01, 0x01, 0x01, 0x6b, 0x01, 0x4e, 0x11, 0x13, 0x22, 0x13,
  0x26, 0x05, 0x0d, 0x1b, 0x2b, 0x13, 0x14, 0x06, 0x07, 0x33, 0x36, 0x36,
  0x33, 0x32, 0x16, 0x15, 0x11, 0x23, 0x11, 0x34, 0x23, 0x22, 0x06, 0x15,
  0x11, 0x23, 0x11, 0x33, 0xbc, 0x03, 0x02, 0x06, 0x1a, 0x57, 0x33, 0x5f,
  0x65, 0x69, 0x6f, 0x53, 0x3e, 0x6a, 0x6a, 0x02, 0x2e, 0x1b, 0x30, 0x11,
  0x2a, 0x28, 0x5d, 0x68, 0xfe, 0xa1, 0x01, 0x50, 0x7d, 0x63, 0x5b, 0xfe,
  0xf1, 0x02, 0xf8, 0x00, 0x00, 0x02, 0x00, 0x4b, 0x00, 0x00, 0x00, 0xc4,
  0x02, 0xe8, 0x00, 0x0b, 0x00, 0x0f, 0x00, 0x2d, 0x40, 0x2a, 0x00, 0x01,
  0x01, 0x00, 0x61, 0x04, 0x01, 0x00, 0x00, 0x6c, 0x4d, 0x05, 0x01, 0x03,
  0x03, 0x6d, 0x4d, 0x00, 0x02, 0x02, 0x6b, 0x02, 0x4e, 0x0c, 0x0c, 0x01,
  0x00, 0x0c, 0x0f, 0x0c, 0x0f, 0x0e, 0x0d, 0x07, 0x05, 0x00, 0x0b, 0x01,
  0x0b, 0x06, 0x0d, 0x16, 0x2b, 0x13, 0x32, 0x16, 0x15, 0x14, 0x06, 0x23,
  0x22, 0x26, 0x35, 0x34, 0x36, 0x17, 0x11, 0x23, 0x11, 0x88, 0x18, 0x24,
  0x24, 0x18, 0x19, 0x24, 0x24, 0x4d, 0x6a, 0x02, 0xe8, 0x1c, 0x21, 0x20,
  0x1d, 0x1d, 0x20, 0x21, 0x1c, 0xcd, 0xfd, 0xe5, 0x02, 0x1b, 0x00, 0x02,
  0xff, 0xca, 0xff, 0x10, 0x00, 0xc4, 0x02, 0xe8, 0x00, 0x0b, 0x00, 0x1b,
  0x00, 0x37, 0x40, 0x34, 0x10, 0x01, 0x03, 0x04, 0x0f, 0x01, 0x02, 0x03,
  0x02, 0x4c, 0x00, 0x01, 0x01, 0x00, 0x61, 0x00, 0x00, 0x00, 0x6c, 0x4d,
  0x00, 0x04, 0x04, 0x6d, 0x4d, 0x00, 0x03, 0x03, 0x02, 0x62, 0x05, 0x01,
  0x02, 0x02, 0x6f, 0x02, 0x4e, 0x0d, 0x0c, 0x18, 0x17, 0x14, 0x12, 0x0c,
  0x1b, 0x0d, 0x1b, 0x24, 0x22, 0x06, 0x0d, 0x18, 0x2b, 0x13, 0x34, 0x36,
  0x33, 0x32, 0x16, 0x15, 0x14, 0x06, 0x23, 0x22, 0x26, 0x03, 0x22, 0x26,
  0x27, 0x35, 0x16, 0x16, 0x33, 0x32, 0x36, 0x35, 0x11, 0x33, 0x11, 0x14,
  0x06, 0x4b, 0x23, 0x1a, 0x18, 0x24, 0x24, 0x18, 0x1a, 0x23, 0x30, 0x19,
  0x2a, 0x0e, 0x0f, 0x1f, 0x12, 0x1f, 0x29, 0x6a, 0x4c, 0x02, 0xab, 0x21,
  0x1c, 0x1c, 0x21, 0x20, 0x1d, 0x1d, 0xfc, 0x85, 0x07, 0x05, 0x55, 0x04,
  0x06, 0x23, 0x31, 0x02, 0x60, 0xfd, 0x9b, 0x4b, 0x5b, 0x00, 0x00, 0x01,
  0x00, 0x53, 0x00, 0x00, 0x02, 0x29, 0x02, 0xf8, 0x00, 0x12, 0x00, 0x24,
  0x40, 0x21, 0x0e, 0x0d, 0x0a, 0x03, 0x04, 0x01, 0x00, 0x01, 0x4c, 0x00,
  0x03, 0x03, 0x6c, 0x4d, 0x00, 0x00, 0x00, 0x6d, 0x4d, 0x02, 0x01, 0x01,
  0x01, 0x6b, 0x01, 0x4e, 0x11, 0x13, 0x12, 0x18, 0x04, 0x0d, 0x1a, 0x2b,
  0x13, 0x14, 0x06, 0x07, 0x33, 0x36, 0x36, 0x37, 0x37, 0x33, 0x07, 0x13,
  0x23, 0x27, 0x07, 0x15, 0x23, 0x11, 0x33, 0xbc, 0x04, 0x01, 0x03, 0x0b,
  0x27, 0x0f, 0xa5, 0x7b, 0xd9, 0xe7, 0x7d, 0xb2, 0x3e, 0x69, 0x69, 0x01,
  0x7c, 0x14, 0x38, 0x16, 0x0f, 0x31, 0x10, 0xb1, 0xe7, 0xfe, 0xcc, 0xf1,
  0x34, 0xbd, 0x02, 0xf8, 0x00, 0x01, 0x00, 0x52, 0x00, 0x00, 0x00, 0xbc,
  0x02, 0xf8, 0x00, 0x03, 0x00, 0x13, 0x40, 0x10, 0x00, 0x01, 0x01, 0x6c,
  0x4d, 0x00, 0x00, 0x00, 0x6b, 0x00, 0x4e, 0x11, 0x10, 0x02, 0x0d, 0x18,
  0x2b, 0x33, 0x23, 0x11, 0x33, 0xbc, 0x6a, 0x6a, 0x02, 0xf8, 0x00, 0x01,
  0x00, 0x52, 0x00, 0x00, 0x03, 0x65, 0x02, 0x25, 0x00, 0x21, 0x00, 0x76,
  0x4b, 0xb0, 0x19, 0x50, 0x58, 0x40, 0x0b, 0x18, 0x01, 0x02, 0x00, 0x01,
  0x4c, 0x1e, 0x01, 0x02, 0x01, 0x4b, 0x1b, 0x40, 0x0b, 0x18, 0x01, 0x02,
  0x06, 0x01, 0x4c, 0x1e, 0x01, 0x02, 0x01, 0x4b, 0x59, 0x4b, 0xb0, 0x19,
  0x50, 0x58, 0x40, 0x16, 0x04, 0x01, 0x02, 0x02, 0x00, 0x61, 0x07, 0x06,
  0x08, 0x03, 0x00, 0x00, 0x73, 0x4d, 0x05, 0x03, 0x02, 0x01, 0x01, 0x6b,
  0x01, 0x4e, 0x1b, 0x40, 0x1a, 0x00, 0x06, 0x06, 0x6d, 0x4d, 0x04, 0x01,
  0x02, 0x02, 0x00, 0x61, 0x07, 0x08, 0x02, 0x00, 0x00, 0x73, 0x4d, 0x05,
  0x03, 0x02, 0x01, 0x01, 0x6b, 0x01, 0x4e, 0x59, 0x40, 0x17, 0x01, 0x00,
  0x1d, 0x1b, 0x17, 0x16, 0x15, 0x14, 0x11, 0x0f, 0x0d, 0x0c, 0x09, 0x07,
  0x05, 0x04, 0x00, 0x21, 0x01, 0x21, 0x09, 0x0d, 0x16, 0x2b, 0x01, 0x32,
  0x16, 0x15, 0x11, 0x23, 0x11, 0x34, 0x23, 0x22, 0x06, 0x15, 0x11, 0x23,
  0x11, 0x34, 0x23, 0x22, 0x06, 0x15, 0x11, 0x23, 0x11, 0x33, 0x17, 0x33,
  0x36, 0x36, 0x33, 0x32, 0x17, 0x33, 0x36, 0x36, 0x02, 0xad, 0x5c, 0x5c,
  0x6a, 0x65, 0x49, 0x3d, 0x6a, 0x65, 0x4c, 0x39, 0x6a, 0x54, 0x0f, 0x05,
  0x19, 0x54, 0x33, 0x7b, 0x29, 0x05, 0x1b, 0x5b, 0x02, 0x25, 0x5e, 0x68,
  0xfe, 0xa1, 0x01, 0x51, 0x7c, 0x58, 0x54, 0xfe, 0xdf, 0x01, 0x51, 0x7c,
  0x62, 0x5b, 0xfe, 0xf0, 0x02, 0x1b, 0x48, 0x28, 0x2a, 0x58, 0x2d, 0x2b,
  0x00, 0x01, 0x00, 0x52, 0x00, 0x00, 0x02, 0x25, 0x02, 0x25, 0x00, 0x13,
  0x00, 0x5e, 0x4b, 0xb0, 0x19, 0x50, 0x58, 0xb5, 0x10, 0x01, 0x02, 0x00,
  0x01, 0x4c, 0x1b, 0xb5, 0x10, 0x01, 0x02, 0x04, 0x01, 0x4c, 0x59, 0x4b,
  0xb0, 0x19, 0x50, 0x58, 0x40, 0x13, 0x00, 0x02, 0x02, 0x00, 0x61, 0x04,
  0x05, 0x02, 0x00, 0x00, 0x73, 0x4d, 0x03, 0x01, 0x01, 0x01, 0x6b, 0x01,
  0x4e, 0x1b, 0x40, 0x17, 0x00, 0x04, 0x04, 0x6d, 0x4d, 0x00, 0x02, 0x02,
  0x00, 0x61, 0x05, 0x01, 0x00, 0x00, 0x73, 0x4d, 0x03, 0x01, 0x01, 0x01,
  0x6b, 0x01, 0x4e, 0x59, 0x40, 0x11, 0x01, 0x00, 0x0f, 0x0e, 0x0d, 0x0c,
  0x09, 0x07, 0x05, 0x04, 0x00, 0x13, 0x01, 0x13, 0x06, 0x0d, 0x16, 0x2b,
  0x01, 0x32, 0x16, 0x15, 0x11, 0x23, 0x11, 0x34, 0x23, 0x22, 0x06, 0x15,
  0x11, 0x23, 0x11, 0x33, 0x17, 0x33, 0x36, 0x36, 0x01, 0x63, 0x5f, 0x63,
  0x69, 0x6f, 0x53, 0x3e, 0x6a, 0x54, 0x0f, 0x05, 0x1b, 0x5a, 0x02, 0x25,
  0x5e, 0x68, 0xfe, 0xa1, 0x01, 0x50, 0x7d, 0x62, 0x5b, 0xfe, 0xf0, 0x02,
  0x1b, 0x49, 0x2a, 0x29, 0x00, 0x02, 0x00, 0x35, 0xff, 0xf6, 0x02, 0x2f,
  0x02, 0x25, 0x00, 0x0d, 0x00, 0x19, 0x00, 0x1f, 0x40, 0x1c, 0x00, 0x03,
  0x03, 0x01, 0x61, 0x00, 0x01, 0x01, 0x73, 0x4d, 0x00, 0x02, 0x02, 0x00,
  0x61, 0x00, 0x00, 0x00, 0x71, 0x00, 0x4e, 0x24, 0x25, 0x25, 0x22, 0x04,
  0x0d, 0x1a, 0x2b, 0x01, 0x14, 0x06, 0x23, 0x22, 0x26, 0x26, 0x35, 0x34,
  0x36, 0x33, 0x32, 0x16, 0x16, 0x05, 0x14, 0x16, 0x33, 0x32, 0x36, 0x35,
  0x34, 0x26, 0x23, 0x22, 0x06, 0x02, 0x2f, 0x8a, 0x75, 0x49, 0x71, 0x41,
  0x88, 0x76, 0x4a, 0x71, 0x41, 0xfe, 0x73, 0x45, 0x4b, 0x4a, 0x45, 0x45,
  0x4b, 0x4b, 0x44, 0x01, 0x0f, 0x87, 0x92, 0x42, 0x7d, 0x5a, 0x85, 0x91,
  0x41, 0x7c, 0x59, 0x5b, 0x69, 0x69, 0x5b, 0x5a, 0x66, 0x66, 0x00, 0x02,
  0x00, 0x52, 0xff, 0x10, 0x02, 0x37, 0x02, 0x25, 0x00, 0x15, 0x00, 0x22,
  0x00, 0x82, 0x4b, 0xb0, 0x19, 0x50, 0x58, 0x40, 0x0a, 0x12, 0x01, 0x04,
  0x00, 0x09, 0x01, 0x01, 0x05, 0x02, 0x4c, 0x1b, 0x40, 0x0a, 0x12, 0x01,
  0x04, 0x03, 0x09, 0x01, 0x01, 0x05, 0x02, 0x4c, 0x59, 0x4b, 0xb0, 0x19,
  0x50, 0x58, 0x40, 0x1d, 0x07, 0x01, 0x04, 0x04, 0x00, 0x61, 0x03, 0x06,
  0x02, 0x00, 0x00, 0x73, 0x4d, 0x00, 0x05, 0x05, 0x01, 0x61, 0x00, 0x01,
  0x01, 0x71, 0x4d, 0x00, 0x02, 0x02, 0x6f, 0x02, 0x4e, 0x1b, 0x40, 0x21,
  0x00, 0x03, 0x03, 0x6d, 0x4d, 0x07, 0x01, 0x04, 0x04, 0x00, 0x61, 0x06,
  0x01, 0x00, 0x00, 0x73, 0x4d, 0x00, 0x05, 0x05, 0x01, 0x61, 0x00, 0x01,
  0x01, 0x71, 0x4d, 0x00, 0x02, 0x02, 0x6f, 0x02, 0x4e, 0x59, 0x40, 0x17,
  0x17, 0x16, 0x01, 0x00, 0x1e, 0x1c, 0x16, 0x22, 0x17, 0x22, 0x11, 0x10,
  0x0f, 0x0e, 0x07, 0x05, 0x00, 0x15, 0x01, 0x15, 0x08, 0x0d, 0x16, 0x2b,
  0x01, 0x32, 0x16, 0x15, 0x14, 0x06, 0x23, 0x22, 0x26, 0x27, 0x23, 0x16,
  0x16, 0x15, 0x15, 0x23, 0x11, 0x33, 0x17, 0x33, 0x36, 0x36, 0x17, 0x22,
  0x06, 0x07, 0x15, 0x14, 0x16, 0x33, 0x32, 0x36, 0x35, 0x34, 0x26, 0x01,
  0x60, 0x61, 0x76, 0x78, 0x61, 0x3e, 0x4e, 0x16, 0x06, 0x02, 0x04, 0x6a,
  0x57, 0x0e, 0x05, 0x17, 0x4d, 0x25, 0x4a, 0x3d, 0x02, 0x3b, 0x50, 0x42,
  0x41, 0x41, 0x02, 0x25, 0x8c, 0x8a, 0x8a, 0x8f, 0x2e, 0x1d, 0x11, 0x33,
  0x14, 0xd9, 0x03, 0x0b, 0x48, 0x22, 0x30, 0x58, 0x56, 0x58, 0x10, 0x5d,
  0x64, 0x6b, 0x57, 0x58, 0x65, 0x00, 0x00, 0x02, 0x00, 0x35, 0xff, 0x10,
  0x02, 0x1a, 0x02, 0x25, 0x00, 0x15, 0x00, 0x22, 0x00, 0x78, 0x4b, 0xb0,
  0x19, 0x50, 0x58, 0x40, 0x0a, 0x10, 0x01, 0x05, 0x01, 0x03, 0x01, 0x00,
  0x04, 0x02, 0x4c, 0x1b, 0x40, 0x0a, 0x10, 0x01, 0x05, 0x02, 0x03, 0x01,
  0x00, 0x04, 0x02, 0x4c, 0x59, 0x4b, 0xb0, 0x19, 0x50, 0x58, 0x40, 0x1c,
  0x00, 0x05, 0x05, 0x01, 0x61, 0x02, 0x01, 0x01, 0x01, 0x73, 0x4d, 0x06,
  0x01, 0x04, 0x04, 0x00, 0x61, 0x00, 0x00, 0x00, 0x71, 0x4d, 0x00, 0x03,
  0x03, 0x6f, 0x03, 0x4e, 0x1b, 0x40, 0x20, 0x00, 0x02, 0x02, 0x6d, 0x4d,
  0x00, 0x05, 0x05, 0x01, 0x61, 0x00, 0x01, 0x01, 0x73, 0x4d, 0x06, 0x01,
  0x04, 0x04, 0x00, 0x61, 0x00, 0x00, 0x00, 0x71, 0x4d, 0x00, 0x03, 0x03,
  0x6f, 0x03, 0x4e, 0x59, 0x40, 0x0f, 0x17, 0x16, 0x1e, 0x1c, 0x16, 0x22,
  0x17, 0x22, 0x11, 0x14, 0x24, 0x26, 0x07, 0x0d, 0x1a, 0x2b, 0x05, 0x34,
  0x36, 0x37, 0x23, 0x06, 0x06, 0x23, 0x22, 0x26, 0x35, 0x34, 0x36, 0x33,
  0x32, 0x16, 0x17, 0x33, 0x37, 0x33, 0x11, 0x23, 0x03, 0x32, 0x36, 0x37,
  0x35, 0x34, 0x26, 0x23, 0x22, 0x06, 0x15, 0x14, 0x16, 0x01, 0xb0, 0x02,
  0x03, 0x06, 0x16, 0x4f, 0x3f, 0x60, 0x76, 0x78, 0x61, 0x3e, 0x4f, 0x17,
  0x04, 0x0d, 0x57, 0x6a, 0x89, 0x4c, 0x3f, 0x01, 0x3e, 0x50, 0x42, 0x41,
  0x41, 0x0b, 0x12, 0x2f, 0x12, 0x23, 0x2f, 0x8c, 0x8b, 0x8a, 0x8e, 0x30,
  0x22, 0x48, 0xfc, 0xf5, 0x01, 0x3d, 0x55, 0x57, 0x13, 0x60, 0x63, 0x6a,
  0x5b, 0x5b, 0x62, 0x00, 0x00, 0x01, 0x00, 0x52, 0x00, 0x00, 0x01, 0x99,
  0x02, 0x25, 0x00, 0x12, 0x00, 0x66, 0x4b, 0xb0, 0x19, 0x50, 0x58, 0x40,
  0x0b, 0x02, 0x01, 0x01, 0x00, 0x0f, 0x03, 0x02, 0x02, 0x01, 0x02, 0x4c,
  0x1b, 0x40, 0x0b, 0x02, 0x01, 0x03, 0x00, 0x0f, 0x03, 0x02, 0x02, 0x01,
  0x02, 0x4c, 0x59, 0x4b, 0xb0, 0x19, 0x50, 0x58, 0x40, 0x12, 0x00, 0x01,
  0x01, 0x00, 0x61, 0x03, 0x04, 0x02, 0x00, 0x00, 0x73, 0x4d, 0x00, 0x02,
  0x02, 0x6b, 0x02, 0x4e, 0x1b, 0x40, 0x16, 0x00, 0x03, 0x03, 0x6d, 0x4d,
  0x00, 0x01, 0x01, 0x00, 0x61, 0x04, 0x01, 0x00, 0x00, 0x73, 0x4d, 0x00,
  0x02, 0x02, 0x6b, 0x02, 0x4e, 0x59, 0x40, 0x0f, 0x01, 0x00, 0x0e, 0x0d,
  0x0c, 0x0b, 0x07, 0x05, 0x00, 0x12, 0x01, 0x12, 0x05, 0x0d, 0x16, 0x2b,
  0x01, 0x32, 0x17, 0x07, 0x26, 0x26, 0x23, 0x22, 0x06, 0x06, 0x15, 0x11,
  0x23, 0x11, 0x33, 0x17, 0x33, 0x36, 0x36, 0x01, 0x5b, 0x22, 0x1c, 0x0c,
  0x0c, 0x20, 0x10, 0x26, 0x44, 0x2b, 0x6a, 0x54, 0x0e, 0x05, 0x19, 0x52,
  0x02, 0x25, 0x06, 0x63, 0x03, 0x04, 0x27, 0x4b, 0x36, 0xfe, 0xe5, 0x02,
  0x1b, 0x60, 0x2b, 0x3f, 0x00, 0x01, 0x00, 0x31, 0xff, 0xf6, 0x01, 0xba,
  0x02, 0x25, 0x00, 0x29, 0x00, 0x2e, 0x40, 0x2b, 0x1b, 0x01, 0x03, 0x02,
  0x1c, 0x07, 0x02, 0x01, 0x03, 0x06, 0x01, 0x00, 0x01, 0x03, 0x4c, 0x00,
  0x03, 0x03, 0x02, 0x61, 0x00, 0x02, 0x02, 0x73, 0x4d, 0x00, 0x01, 0x01,
  0x00, 0x61, 0x00, 0x00, 0x00, 0x71, 0x00, 0x4e, 0x25, 0x2c, 0x25, 0x22,
  0x04, 0x0d, 0x1a, 0x2b, 0x25, 0x14, 0x06, 0x23, 0x22, 0x26, 0x27, 0x35,
  0x16, 0x16, 0x33, 0x32, 0x36, 0x35, 0x34, 0x26, 0x26, 0x27, 0x2e, 0x02,
  0x35, 0x34, 0x36, 0x33, 0x32, 0x16, 0x17, 0x07, 0x26, 0x26, 0x23, 0x22,
  0x06, 0x15, 0x14, 0x16, 0x16, 0x17, 0x1e, 0x02, 0x01, 0xba, 0x73, 0x67,
  0x39, 0x53, 0x22, 0x24, 0x5e, 0x2c, 0x3d, 0x37, 0x16, 0x38, 0x34, 0x33,
  0x48, 0x26, 0x72, 0x5c, 0x32, 0x57, 0x28, 0x22, 0x23, 0x4c, 0x24, 0x31,
  0x33, 0x18, 0x3b, 0x32, 0x33, 0x46, 0x25, 0x98, 0x4e, 0x54, 0x11, 0x10,
  0x5e, 0x12, 0x1a, 0x26, 0x20, 0x13, 0x1d, 0x1e, 0x14, 0x14, 0x29, 0x39,
  0x2c, 0x47, 0x4b, 0x14, 0x12, 0x4f, 0x0f, 0x14, 0x1f, 0x1b, 0x14, 0x1c,
  0x1c, 0x13, 0x13, 0x29, 0x3a, 0x00, 0x00, 0x01, 0x00, 0x12, 0xff, 0xf6,
  0x01, 0x66, 0x02, 0x94, 0x00, 0x18, 0x00, 0x40, 0x40, 0x3d, 0x0e, 0x01,
  0x02, 0x04, 0x03, 0x01, 0x00, 0x02, 0x04, 0x01, 0x01, 0x00, 0x03, 0x4c,
  0x00, 0x03, 0x04, 0x03, 0x85, 0x05, 0x01, 0x02, 0x02, 0x04, 0x5f, 0x00,
  0x04, 0x04, 0x6d, 0x4d, 0x06, 0x01, 0x00, 0x00, 0x01, 0x61, 0x00, 0x01,
  0x01, 0x71, 0x01, 0x4e, 0x01, 0x00, 0x15, 0x14, 0x13, 0x12, 0x11, 0x10,
  0x0d, 0x0c, 0x08, 0x06, 0x00, 0x18, 0x01, 0x18, 0x07, 0x0d, 0x16, 0x2b,
  0x25, 0x32, 0x36, 0x37, 0x15, 0x06, 0x06, 0x23, 0x22, 0x26, 0x26, 0x35,
  0x11, 0x23, 0x35, 0x37, 0x37, 0x33, 0x15, 0x33, 0x15, 0x23, 0x11, 0x14,
  0x16, 0x01, 0x15, 0x15, 0x2c, 0x10, 0x12, 0x39, 0x1d, 0x2c, 0x4a, 0x2b,
  0x4b, 0x4f, 0x25, 0x41, 0x9a, 0x9a, 0x2b, 0x4c, 0x07, 0x06, 0x50, 0x08,
  0x0b, 0x1e, 0x4a, 0x42, 0x01, 0x2a, 0x30, 0x28, 0x72, 0x79, 0x51, 0xfe,
  0xd8, 0x2c, 0x2a, 0x00, 0x00, 0x01, 0x00, 0x4c, 0xff, 0xf6, 0x02, 0x22,
  0x02, 0x1b, 0x00, 0x13, 0x00, 0x4c, 0xb5, 0x03, 0x01, 0x00, 0x03, 0x01,
  0x4c, 0x4b, 0xb0, 0x19, 0x50, 0x58, 0x40, 0x13, 0x05, 0x04, 0x02, 0x02,
  0x02, 0x6d, 0x4d, 0x00, 0x03, 0x03, 0x00, 0x62, 0x01, 0x01, 0x00, 0x00,
  0x6b, 0x00, 0x4e, 0x1b, 0x40, 0x17, 0x05, 0x04, 0x02, 0x02, 0x02, 0x6d,
  0x4d, 0x00, 0x00, 0x00, 0x6b, 0x4d, 0x00, 0x03, 0x03, 0x01, 0x62, 0x00,
  0x01, 0x01, 0x71, 0x01, 0x4e, 0x59, 0x40, 0x0d, 0x00, 0x00, 0x00, 0x13,
  0x00, 0x13, 0x22, 0x13, 0x24, 0x11, 0x06, 0x0d, 0x1a, 0x2b, 0x01, 0x11,
  0x23, 0x27, 0x23, 0x06, 0x06, 0x23, 0x22, 0x26, 0x35, 0x11, 0x33, 0x11,
  0x14, 0x33, 0x32, 0x36, 0x35, 0x11, 0x02, 0x22, 0x55, 0x0f, 0x05, 0x1b,
  0x5b, 0x34, 0x5e, 0x65, 0x6c, 0x6d, 0x53, 0x3f, 0x02, 0x1b, 0xfd, 0xe5,
  0x47, 0x2a, 0x27, 0x5e, 0x66, 0x01, 0x61, 0xfe, 0xaf, 0x7d, 0x62, 0x5c,
  0x01, 0x10, 0x00, 0x01, 0x00, 0x00, 0x00, 0x00, 0x02, 0x0f, 0x02, 0x1b,
  0x00, 0x0d, 0x00, 0x21, 0x40, 0x1e, 0x06, 0x01, 0x02, 0x00, 0x01, 0x4c,
  0x01, 0x01, 0x00, 0x00, 0x6d, 0x4d, 0x03, 0x01, 0x02, 0x02, 0x6b, 0x02,
  0x4e, 0x00, 0x00, 0x00, 0x0d, 0x00, 0x0d, 0x19, 0x11, 0x04, 0x0d, 0x18,
  0x2b, 0x33, 0x03, 0x33, 0x13, 0x16, 0x16, 0x17, 0x33, 0x36, 0x36, 0x37,
  0x13, 0x33, 0x03, 0xcc, 0xcc, 0x71, 0x6e, 0x0a, 0x17, 0x04, 0x04, 0x04,
  0x19, 0x0a, 0x6f, 0x71, 0xce, 0x02, 0x1b, 0xfe, 0xc2, 0x1c, 0x4b, 0x17,
  0x17, 0x4b, 0x1c, 0x01, 0x3e, 0xfd, 0xe5, 0x00, 0x00, 0x01, 0x00, 0x0b,
  0x00, 0x01, 0x03, 0x1c, 0x02, 0x1c, 0x00, 0x26, 0x00, 0x21, 0x40, 0x1e,
  0x1d, 0x11, 0x04, 0x03, 0x00, 0x01, 0x01, 0x4c, 0x03, 0x02, 0x02, 0x01,
  0x01, 0x6d, 0x4d, 0x04, 0x01, 0x00, 0x00, 0x6b, 0x00, 0x4e, 0x11, 0x1b,
  0x1a, 0x11, 0x1a, 0x05, 0x0d, 0x1b, 0x2b, 0x01, 0x2e, 0x02, 0x27, 0x23,
  0x0e, 0x02, 0x07, 0x03, 0x23, 0x03, 0x33, 0x13, 0x16, 0x16, 0x17, 0x33,
  0x3e, 0x02, 0x37, 0x13, 0x33, 0x13, 0x1e, 0x02, 0x17, 0x33, 0x3e, 0x02,
  0x37, 0x13, 0x33, 0x03, 0x23, 0x01, 0xbf, 0x08, 0x11, 0x0e, 0x04, 0x04,
  0x03, 0x0e, 0x11, 0x08, 0x50, 0x76, 0x95, 0x6c, 0x46, 0x0b, 0x13, 0x04,
  0x04, 0x03, 0x0b, 0x0d, 0x06, 0x56, 0x74, 0x54, 0x06, 0x0e, 0x0b, 0x02,
  0x04, 0x02, 0x0a, 0x0f, 0x07, 0x48, 0x6b, 0x97, 0x79, 0x01, 0x0e, 0x1a,
  0x44, 0x3d, 0x10, 0x10, 0x3e, 0x44, 0x1a, 0xfe, 0xf4, 0x02, 0x1b, 0xfe,
  0xef, 0x2a, 0x5f, 0x1d, 0x11, 0x38, 0x39, 0x12, 0x01, 0x23, 0xfe, 0xdd,
  0x14, 0x37, 0x35, 0x13, 0x10, 0x38, 0x40, 0x1d, 0x01, 0x11, 0xfd, 0xe5,
  0x00, 0x01, 0x00, 0x0e, 0x00, 0x00, 0x02, 0x11, 0x02, 0x1b, 0x00, 0x0b,
  0x00, 0x1f, 0x40, 0x1c, 0x09, 0x06, 0x03, 0x03, 0x02, 0x00, 0x01, 0x4c,
  0x01, 0x01, 0x00, 0x00, 0x6d, 0x4d, 0x03, 0x01, 0x02, 0x02, 0x6b, 0x02,
  0x4e, 0x12, 0x12, 0x12, 0x11, 0x04, 0x0d, 0x1a, 0x2b, 0x13, 0x03, 0x33,
  0x17, 0x37, 0x33, 0x03, 0x13, 0x23, 0x27, 0x07, 0x23, 0xce, 0xb7, 0x79,
  0x80, 0x80, 0x78, 0xb7, 0xc0, 0x78, 0x89, 0x8a, 0x78, 0x01, 0x13, 0x01,
  0x08, 0xc2, 0xc2, 0xfe, 0xf8, 0xfe, 0xed, 0xce, 0xce, 0x00, 0x00, 0x01,
  0x00, 0x01, 0xff, 0x10, 0x02, 0x10, 0x02, 0x1b, 0x00, 0x1a, 0x00, 0x27,
  0x40, 0x24, 0x1a, 0x13, 0x05, 0x03, 0x03, 0x00, 0x12, 0x01, 0x02, 0x03,
  0x02, 0x4c, 0x01, 0x01, 0x00, 0x00, 0x6d, 0x4d, 0x00, 0x03, 0x03, 0x02,
  0x62, 0x00, 0x02, 0x02, 0x6f, 0x02, 0x4e, 0x25, 0x23, 0x19, 0x10, 0x04,
  0x0d, 0x1a, 0x2b, 0x13, 0x33, 0x13, 0x16, 0x16, 0x17, 0x33, 0x36, 0x36,
  0x37, 0x13, 0x33, 0x03, 0x06, 0x06, 0x23, 0x22, 0x26, 0x27, 0x35, 0x16,
  0x16, 0x33, 0x32, 0x36, 0x37, 0x37, 0x01, 0x71, 0x70, 0x0d, 0x14, 0x05,
  0x04, 0x06, 0x16, 0x0c, 0x6b, 0x71, 0xe5, 0x1e, 0x5e, 0x53, 0x18, 0x25,
  0x0d, 0x0b, 0x1f, 0x11, 0x2e, 0x37, 0x10, 0x17, 0x02, 0x1b, 0xfe, 0xcd,
  0x23, 0x42, 0x1e, 0x18, 0x48, 0x24, 0x01, 0x32, 0xfd, 0xa2, 0x50, 0x5d,
  0x05, 0x03, 0x54, 0x02, 0x04, 0x35, 0x2a, 0x3b, 0x00, 0x01, 0x00, 0x24,
  0x00, 0x00, 0x01, 0xb8, 0x02, 0x1b, 0x00, 0x09, 0x00, 0x29, 0x40, 0x26,
  0x07, 0x01, 0x01, 0x02, 0x02, 0x01, 0x00, 0x03, 0x02, 0x4c, 0x00, 0x01,
  0x01, 0x02, 0x5f, 0x00, 0x02, 0x02, 0x6d, 0x4d, 0x00, 0x03, 0x03, 0x00,
  0x5f, 0x00, 0x00, 0x00, 0x6b, 0x00, 0x4e, 0x12, 0x11, 0x12, 0x10, 0x04,
  0x0d, 0x1a, 0x2b, 0x21, 0x21, 0x35, 0x01, 0x21, 0x35, 0x21, 0x15, 0x01,
  0x21, 0x01, 0xb8, 0xfe, 0x6c, 0x01, 0x16, 0xfe, 0xfb, 0x01, 0x7b, 0xfe,
  0xf0, 0x01, 0x18, 0x43, 0x01, 0x86, 0x52, 0x4b, 0xfe, 0x82, 0x00, 0x01,
  0x00, 0x18, 0xff, 0x62, 0x01, 0x5e, 0x02, 0xca, 0x00, 0x1d, 0x00, 0x2c,
  0x40, 0x29, 0x16, 0x01, 0x01, 0x02, 0x01, 0x4c, 0x00, 0x02, 0x00, 0x01,
  0x05, 0x02, 0x01, 0x69, 0x00, 0x05, 0x00, 0x00, 0x05, 0x00, 0x65, 0x00,
  0x04, 0x04, 0x03, 0x61, 0x00, 0x03, 0x03, 0x6a, 0x04, 0x4e, 0x1b, 0x11,
  0x15, 0x11, 0x15, 0x10, 0x06, 0x0d, 0x1c, 0x2b, 0x05, 0x26, 0x26, 0x35,
  0x35, 0x34, 0x26, 0x23, 0x35, 0x36, 0x36, 0x35, 0x35, 0x34, 0x36, 0x33,
  0x15, 0x06, 0x06, 0x15, 0x15, 0x14, 0x07, 0x15, 0x16, 0x15, 0x15, 0x14,
  0x16, 0x17, 0x01, 0x5e, 0x67, 0x64, 0x3f, 0x3c, 0x3c, 0x3f, 0x67, 0x64,
  0x30, 0x38, 0x6e, 0x6e, 0x37, 0x31, 0x9e, 0x01, 0x49, 0x4e, 0x95, 0x32,
  0x2a, 0x56, 0x01, 0x29, 0x31, 0x96, 0x4e, 0x4a, 0x53, 0x01, 0x27, 0x2f,
  0x90, 0x64, 0x12, 0x06, 0x13, 0x63, 0x93, 0x2f, 0x26, 0x01, 0x00, 0x01,
  0x00, 0xea, 0xff, 0x13, 0x01, 0x3d, 0x02, 0xf7, 0x00, 0x03, 0x00, 0x13,
  0x40, 0x10, 0x00, 0x00, 0x00, 0x6c, 0x4d, 0x00, 0x01, 0x01, 0x6f, 0x01,
  0x4e, 0x11, 0x10, 0x02, 0x0d, 0x18, 0x2b, 0x13, 0x33, 0x11, 0x23, 0xea,
  0x53, 0x53, 0x02, 0xf7, 0xfc, 0x1c, 0x00, 0x01, 0x00, 0x22, 0xff, 0x62,
  0x01, 0x68, 0x02, 0xca, 0x00, 0x1d, 0x00, 0x2c, 0x40, 0x29, 0x06, 0x01,
  0x04, 0x03, 0x01, 0x4c, 0x00, 0x03, 0x00, 0x04, 0x00, 0x03, 0x04, 0x69,
  0x00, 0x00, 0x00, 0x05, 0x00, 0x05, 0x65, 0x00, 0x01, 0x01, 0x02, 0x61,
  0x00, 0x02, 0x02, 0x6a, 0x01, 0x4e, 0x15, 0x11, 0x15, 0x11, 0x1b, 0x10,
  0x06, 0x0d, 0x1c, 0x2b, 0x17, 0x36, 0x36, 0x35, 0x35, 0x34, 0x37, 0x35,
  0x26, 0x35, 0x35, 0x34, 0x26, 0x27, 0x35, 0x16, 0x16, 0x15, 0x15, 0x14,
  0x16, 0x33, 0x15, 0x22, 0x06, 0x15, 0x15, 0x14, 0x06, 0x23, 0x22, 0x30,
  0x38, 0x6e, 0x6e, 0x37, 0x31, 0x67, 0x64, 0x3f, 0x3c, 0x3c, 0x3f, 0x67,
  0x64, 0x4b, 0x01, 0x27, 0x2f, 0x91, 0x63, 0x13, 0x06, 0x13, 0x63, 0x92,
  0x2f, 0x26, 0x01, 0x53, 0x01, 0x49, 0x4e, 0x95, 0x32, 0x2a, 0x56, 0x2a,
  0x31, 0x96, 0x4e, 0x4a, 0x00, 0x01, 0x00, 0x30, 0x01, 0x1a, 0x02, 0x0b,
  0x01, 0xa7, 0x00, 0x17, 0x00, 0x3c, 0xb1, 0x06, 0x64, 0x44, 0x40, 0x31,
  0x07, 0x01, 0x02, 0x01, 0x13, 0x01, 0x03, 0x00, 0x02, 0x4c, 0x12, 0x01,
  0x01, 0x4a, 0x06, 0x01, 0x03, 0x49, 0x00, 0x02, 0x00, 0x03, 0x02, 0x59,
  0x00, 0x01, 0x00, 0x00, 0x03, 0x01, 0x00, 0x69, 0x00, 0x02, 0x02, 0x03,
  0x61, 0x00, 0x03, 0x02, 0x03, 0x51, 0x24, 0x24, 0x24, 0x22, 0x04, 0x0d,
  0x1a, 0x2b, 0xb1, 0x06, 0x00, 0x44, 0x01, 0x26, 0x26, 0x23, 0x22, 0x06,
  0x07, 0x35, 0x36, 0x33, 0x32, 0x16, 0x17, 0x16, 0x16, 0x33, 0x32, 0x36,
  0x37, 0x15, 0x06, 0x23, 0x22, 0x26, 0x01, 0x0d, 0x25, 0x30, 0x16, 0x1c,
  0x3e, 0x18, 0x31, 0x48, 0x1d, 0x3a, 0x2e, 0x25, 0x30, 0x15, 0x1d, 0x3e,
  0x18, 0x31, 0x48, 0x1d, 0x3b, 0x01, 0x3a, 0x0f, 0x0c, 0x23, 0x18, 0x58,
  0x35, 0x0c, 0x14, 0x0f, 0x0c, 0x23, 0x18, 0x57, 0x36, 0x0c, 0x00, 0x02,
  0x00, 0x33, 0x01, 0x98, 0x01, 0x78, 0x02, 0xd4, 0x00, 0x0b, 0x00, 0x17,
  0x00, 0x39, 0xb1, 0x06, 0x64, 0x44, 0x40, 0x2e, 0x00, 0x01, 0x00, 0x03,
  0x02, 0x01, 0x03, 0x69, 0x05, 0x01, 0x02, 0x00, 0x00, 0x02, 0x59, 0x05,
  0x01, 0x02, 0x02, 0x00, 0x61, 0x04, 0x01, 0x00, 0x02, 0x00, 0x51, 0x0d,
  0x0c, 0x01, 0x00, 0x13, 0x11, 0x0c, 0x17, 0x0d, 0x17, 0x07, 0x05, 0x00,
  0x0b, 0x01, 0x0b, 0x06, 0x0d, 0x16, 0x2b, 0xb1, 0x06, 0x00, 0x44, 0x13,
  0x22, 0x26, 0x35, 0x34, 0x36, 0x33, 0x32, 0x16, 0x15, 0x14, 0x06, 0x27,
  0x32, 0x36, 0x35, 0x34, 0x26, 0x23, 0x22, 0x06, 0x15, 0x14, 0x16, 0xd5,
  0x49, 0x59, 0x58, 0x4a, 0x48, 0x5b, 0x5b, 0x47, 0x2d, 0x2b, 0x2d, 0x2b,
  0x2d, 0x2c, 0x2b, 0x01, 0x98, 0x57, 0x46, 0x46, 0x59, 0x59, 0x46, 0x46,
  0x57, 0x45, 0x31, 0x27, 0x29, 0x32, 0x32, 0x29, 0x27, 0x31, 0xff, 0xff,
  0x00, 0x43, 0x01, 0x18, 0x00, 0xcd, 0x01, 0xa9, 0x03, 0x07, 0x00, 0x0f,
  0x00, 0x00, 0x01, 0x26, 0x00, 0x09, 0xb1, 0x00, 0x01, 0xb8, 0x01, 0x26,
  0xb0, 0x35, 0x2b, 0x00, 0x00, 0x01, 0x00, 0x44, 0x00, 0xe8, 0x01, 0x34,
  0x01, 0xf2, 0x00, 0x0b, 0x00, 0x18, 0x40, 0x15, 0x00, 0x00, 0x01, 0x01,
  0x00, 0x59, 0x00, 0x00, 0x00, 0x01, 0x61, 0x00, 0x01, 0x00, 0x01, 0x51,
  0x24, 0x22, 0x02, 0x0d, 0x18, 0x2b, 0x13, 0x34, 0x36, 0x33, 0x32, 0x16,
  0x15, 0x14, 0x06, 0x23, 0x22, 0x26, 0x44, 0x45, 0x33, 0x32, 0x46, 0x46,
  0x32, 0x33, 0x45, 0x01, 0x6d, 0x48, 0x3d, 0x3d, 0x48, 0x47, 0x3e, 0x3e,
  0x00, 0x01, 0x00, 0x00, 0x00, 0x63, 0x00, 0xd4, 0x00, 0x18, 0x00, 0x63,
  0x00, 0x06, 0x00, 0x02, 0x00, 0x98, 0x00, 0xfc, 0x00, 0x8d, 0x00, 0x00,
  0x01, 0x89, 0x0e, 0x0c, 0x00, 0x04, 0x00, 0x01, 0x00, 0x00, 0x00, 0x00,
  0x00, 0x00, 0x00, 0x2c, 0x00, 0x54, 0x00, 0xa8, 0x01, 0x11, 0x01, 0xa6,
  0x02, 0x36, 0x02, 0x51, 0x02, 0x75, 0x02, 0x99, 0x02, 0xc9, 0x02, 0xf1,
  0x03, 0x11, 0x03, 0x2c, 0x03, 0x4b, 0x03, 0x67, 0x03, 0xa0, 0x03, 0xc7,
  0x04, 0x09, 0x04, 0x66, 0x04, 0xa0, 0x04, 0xf3, 0x05, 0x53, 0x05, 0x78,
  0x05, 0xe4, 0x06, 0x45, 0x06, 0x7a, 0x06, 0xad, 0x06, 0xc3, 0x06, 0xee,
  0x07, 0x04, 0x07, 0x5b, 0x08, 0x05, 0x08, 0x3f, 0x08, 0x95, 0x08, 0xdd,
  0x09, 0x0c, 0x09, 0x38, 0x09, 0x5d, 0x09, 0xac, 0x09, 0xd4, 0x09, 0xfc,
  0x0a, 0x2d, 0x0a, 0x5a, 0x0a, 0x78, 0x0a, 0xb3, 0x0a, 0xe3, 0x0b, 0x1f,
  0x0b, 0x5b, 0x0b, 0xa4, 0x0b, 0xea, 0x0c, 0x3f, 0x0c, 0x5d, 0x0c, 0x88,
  0x0c, 0xb5, 0x0d, 0x03, 0x0d, 0x2e, 0x0d, 0x52, 0x0d, 0x7d, 0x0d, 0x9c,
  0x0d, 0xb8, 0x0d, 0xd7, 0x0d, 0xfe, 0x0e, 0x1b, 0x0e, 0x45, 0x0e, 0xbe,
  0x0f, 0x2d, 0x0f, 0x73, 0x0f, 0xe8, 0x10, 0x3a, 0x10, 0x8c, 0x11, 0x18,
  0x11, 0x50, 0x11, 0x83, 0x11, 0xcb, 0x11, 0xfe, 0x12, 0x13, 0x12, 0x80,
  0x12, 0xd0, 0x13, 0x09, 0x13, 0x7f, 0x13, 0xf0, 0x14, 0x44, 0x14, 0x99,
  0x14, 0xe0, 0x15, 0x27, 0x15, 0x54, 0x15, 0xa4, 0x15, 0xcd, 0x16, 0x0e,
  0x16, 0x39, 0x16, 0x7b, 0x16, 0x91, 0x16, 0xd2, 0x17, 0x17, 0x17, 0x59,
  0x17, 0x68, 0x17, 0x8a, 0x00, 0x01, 0x00, 0x00, 0x00, 0x02, 0x03, 0xd7,
  0xe0, 0x5a, 0x09, 0x1a, 0x5f, 0x0f, 0x3c, 0xf5, 0x00, 0x07, 0x03, 0xe8,
  0x00, 0x00, 0x00, 0x00, 0xdd, 0x80, 0xd3, 0xe7, 0x00, 0x00, 0x00, 0x00,
  0xe3, 0x63, 0xc0, 0xd0, 0xfd, 0x92, 0xfe, 0x7b, 0x0a, 0xf0, 0x04, 0x2b,
  0x00, 0x00, 0x00, 0x06, 0x00, 0x02, 0x00, 0x00, 0x00, 0x00, 0x00, 0x00,
  0x02, 0x55, 0x00, 0x5c, 0x01, 0x04, 0x00, 0x00, 0x01, 0x11, 0x00, 0x43,
  0x01, 0xad, 0x00, 0x40, 0x02, 0x86, 0x00, 0x18, 0x02, 0x3c, 0x00, 0x38,
  0x03, 0x54, 0x00, 0x2b, 0x02, 0xe1, 0x00, 0x31, 0x00, 0xed, 0x00, 0x40,
  0x01, 0x38, 0x00, 0x28, 0x01, 0x38, 0x00, 0x1e, 0x02, 0x24, 0x00, 0x26,
  0x02, 0x3c, 0x00, 0x30, 0x01, 0x11, 0x00, 0x26, 0x01, 0x41, 0x00, 0x25,
  0x01, 0x10, 0x00, 0x43, 0x01, 0x81, 0x00, 0x09, 0x02, 0x3c, 0x00, 0x2d,
  0x02, 0x3c, 0x00, 0x50, 0x02, 0x3c, 0x00, 0x2e, 0x02, 0x3c, 0x00, 0x2b,
  0x02, 0x3c, 0x00, 0x14, 0x02, 0x3c, 0x00, 0x3b, 0x02, 0x3c, 0x00, 0x31,
  0x02, 0x3c, 0x00, 0x27, 0x02, 0x3c, 0x00, 0x2d, 0x02, 0x3c, 0x00, 0x2d,
  0x01, 0x10, 0x00, 0x43, 0x01, 0x11, 0x00, 0x1f, 0x02, 0x3c, 0x00, 0x30,
  0x02, 0x3c, 0x00, 0x34, 0x02, 0x3c, 0x00, 0x30, 0x01, 0xbf, 0x00, 0x0a,
  0x03, 0x83, 0x00, 0x37, 0x02, 0x8f, 0x00, 0x00, 0x02, 0x8e, 0x00, 0x5d,
  0x02, 0x7b, 0x00, 0x3b, 0x02, 0xdb, 0x00, 0x5d, 0x02, 0x2d, 0x00, 0x5f,
  0x02, 0x10, 0x00, 0x5f, 0x02, 0xd7, 0x00, 0x3c, 0x02, 0xec, 0x00, 0x5f,
  0x01, 0x62, 0x00, 0x26, 0x01, 0x22, 0xff, 0xb3, 0x02, 0x78, 0x00, 0x5f,
  0x02, 0x16, 0x00, 0x5d, 0x03, 0x96, 0x00, 0x5f, 0x03, 0x08, 0x00, 0x5f,
  0x03, 0x10, 0x00, 0x3b, 0x02, 0x62, 0x00, 0x5d, 0x03, 0x10, 0x00, 0x3b,
  0x02, 0x78, 0x00, 0x5d, 0x02, 0x26, 0x00, 0x32, 0x02, 0x32, 0x00, 0x0d,
  0x02, 0xe2, 0x00, 0x59, 0x02, 0x67, 0x00, 0x00, 0x03, 0xad, 0x00, 0x08,
  0x02, 0x63, 0x00, 0x04, 0x02, 0x48, 0x00, 0x00, 0x02, 0x3e, 0x00, 0x22,
  0x01, 0x4a, 0x00, 0x4d, 0x01, 0x81, 0x00, 0x09, 0x01, 0x4a, 0x00, 0x19,
  0x02, 0x3c, 0x00, 0x22, 0x01, 0xb2, 0xff, 0xfe, 0x01, 0x32, 0x00, 0x28,
  0x02, 0x3c, 0x00, 0x2c, 0x02, 0x6c, 0x00, 0x52, 0x01, 0xeb, 0x00, 0x35,
  0x02, 0x6c, 0x00, 0x35, 0x02, 0x3e, 0x00, 0x35, 0x01, 0x65, 0x00, 0x10,
  0x02, 0x6c, 0x00, 0x35, 0x02, 0x73, 0x00, 0x52, 0x01, 0x0e, 0x00, 0x4b,
  0x01, 0x0e, 0xff, 0xca, 0x02, 0x2f, 0x00, 0x53, 0x01, 0x0e, 0x00, 0x52,
  0x03, 0xb3, 0x00, 0x52, 0x02, 0x73, 0x00, 0x52, 0x02, 0x63, 0x00, 0x35,
  0x02, 0x6c, 0x00, 0x52, 0x02, 0x6c, 0x00, 0x35, 0x01, 0xa7, 0x00, 0x52,
  0x01, 0xe6, 0x00, 0x31, 0x01, 0x7f, 0x00, 0x12, 0x02, 0x73, 0x00, 0x4c,
  0x02, 0x0f, 0x00, 0x00, 0x03, 0x27, 0x00, 0x0b, 0x02, 0x1f, 0x00, 0x0e,
  0x02, 0x10, 0x00, 0x01, 0x01, 0xdd, 0x00, 0x24, 0x01, 0x80, 0x00, 0x18,
  0x02, 0x27, 0x00, 0xea, 0x01, 0x80, 0x00, 0x22, 0x02, 0x3c, 0x00, 0x30,
  0x01, 0xab, 0x00, 0x33, 0x01, 0x10, 0x00, 0x43, 0x01, 0x78, 0x00, 0x44,
  0x00, 0x01, 0x00, 0x00, 0x04, 0x2d, 0xfe, 0xdb, 0x00, 0x00, 0x0b, 0x18,
  0xfd, 0x92, 0xfd, 0x92, 0x0a, 0xf0, 0x03, 0xe8, 0x00, 0x00, 0x00, 0x00,
  0x00, 0x00, 0x00, 0x00, 0x00, 0x00, 0x00, 0x00, 0x00, 0x00, 0x00, 0x63,
  0x00, 0x04, 0x02, 0x4d, 0x01, 0xf4, 0x00, 0x05, 0x00, 0x00, 0x02, 0x8a,
  0x02, 0x58, 0x00, 0x00, 0x00, 0x4b, 0x02, 0x8a, 0x02, 0x58, 0x00, 0x00,
  0x01, 0x5e, 0x00, 0x32, 0x01, 0x43, 0x00, 0x00, 0x02, 0x0b, 0x06, 0x02,
  0x04, 0x05, 0x04, 0x02, 0x02, 0x04, 0x80, 0x00, 0x00, 0x03, 0x00, 0x00,
  0x00, 0x00, 0x00, 0x00, 0x00, 0x00, 0x00, 0x00, 0x00, 0x00, 0x47, 0x4f,
  0x4f, 0x47, 0x00, 0xc0, 0x00, 0x20, 0x20, 0x22, 0x04, 0x2d, 0xfe, 0xdb,
  0x00, 0x00, 0x04, 0x64, 0x01, 0x8b, 0x00, 0x00, 0x00, 0x01, 0x00, 0x00,
  0x00, 0x00, 0x02, 0x1b, 0x02, 0xca, 0x00, 0x00, 0x00, 0x20, 0x00, 0x04,
  0x00, 0x00, 0x00, 0x02, 0x00, 0x00, 0x00, 0x03, 0x00, 0x00, 0x00, 0x14,
  0x00, 0x03, 0x00, 0x01, 0x00, 0x00, 0x00, 0x14, 0x00, 0x04, 0x00, 0x38,
  0x00, 0x00, 0x00, 0x0a, 0x00, 0x08, 0x00, 0x02, 0x00, 0x02, 0x00, 0x7e,
  0x00, 0xb0, 0x00, 0xb7, 0x20, 0x22, 0xff, 0xff, 0x00, 0x00, 0x00, 0x20,
  0x00, 0xb0, 0x00, 0xb7, 0x20, 0x22, 0xff, 0xff, 0xff, 0xe1, 0xff, 0xb0,
  0xff, 0xaa, 0xe0, 0x40, 0x00, 0x01, 0x00, 0x00, 0x00, 0x00, 0x00, 0x00,
  0x00, 0x00, 0x00, 0x00, 0xb0, 0x00, 0x2c, 0x20, 0xb0, 0x00, 0x55, 0x58,
  0x45, 0x59, 0x20, 0x20, 0x4b, 0xb8, 0x00, 0x0e, 0x51, 0x4b, 0xb0, 0x06,
  0x53, 0x5a, 0x58, 0xb0, 0x34, 0x1b, 0xb0, 0x28, 0x59, 0x60, 0x66, 0x20,
  0x8a, 0x55, 0x58, 0xb0, 0x02, 0x25, 0x61, 0xb9, 0x08, 0x00, 0x08, 0x00,
  0x63, 0x63, 0x23, 0x62, 0x1b, 0x21, 0x21, 0xb0, 0x00, 0x59, 0xb0, 0x00,
  0x43, 0x23, 0x44, 0xb2, 0x00, 0x01, 0x00, 0x43, 0x60, 0x42, 0x2d, 0xb0,
  0x01, 0x2c, 0xb0, 0x20, 0x60, 0x66, 0x2d, 0xb0, 0x02, 0x2c, 0x23, 0x21,
  0x23, 0x21, 0x2d, 0xb0, 0x03, 0x2c, 0x20, 0x64, 0xb3, 0x03, 0x14, 0x15,
  0x00, 0x42, 0x43, 0xb0, 0x13, 0x43, 0x20, 0x60, 0x60, 0x42, 0xb1, 0x02,
  0x14, 0x43, 0x42, 0xb1, 0x25, 0x03, 0x43, 0xb0, 0x02, 0x43, 0x54, 0x78,
  0x20, 0xb0, 0x0c, 0x23, 0xb0, 0x02, 0x43, 0x43, 0x61, 0x64, 0xb0, 0x04,
  0x50, 0x78, 0xb2, 0x02, 0x02, 0x02, 0x43, 0x60, 0x42, 0xb0, 0x21, 0x65,
  0x1c, 0x21, 0xb0, 0x02, 0x43, 0x43, 0xb2, 0x0e, 0x15, 0x01, 0x42, 0x1c,
  0x20, 0xb0, 0x02, 0x43, 0x23, 0x42, 0xb2, 0x13, 0x01, 0x13, 0x43, 0x60,
  0x42, 0x23, 0xb0, 0x00, 0x50, 0x58, 0x65, 0x59, 0xb2, 0x16, 0x01, 0x02,
  0x43, 0x60, 0x42, 0x2d, 0xb0, 0x04, 0x2c, 0xb0, 0x03, 0x2b, 0xb0, 0x15,
  0x43, 0x58, 0x23, 0x21, 0x23, 0x21, 0xb0, 0x16, 0x43, 0x43, 0x23, 0xb0,
  0x00, 0x50, 0x58, 0x65, 0x59, 0x1b, 0x20, 0x64, 0x20, 0xb0, 0xc0, 0x50,
  0xb0, 0x04, 0x26, 0x5a, 0xb2, 0x28, 0x01, 0x0d, 0x43, 0x45, 0x63, 0x45,
  0xb0, 0x06, 0x45, 0x58, 0x21, 0xb0, 0x03, 0x25, 0x59, 0x52, 0x5b, 0x58,
  0x21, 0x23, 0x21, 0x1b, 0x8a, 0x58, 0x20, 0xb0, 0x50, 0x50, 0x58, 0x21,
  0xb0, 0x40, 0x59, 0x1b, 0x20, 0xb0, 0x38, 0x50, 0x58, 0x21, 0xb0, 0x38,
  0x59, 0x59, 0x20, 0xb1, 0x01, 0x0d, 0x43, 0x45, 0x63, 0x45, 0x61, 0x64,
  0xb0, 0x28, 0x50, 0x58, 0x21, 0xb1, 0x01, 0x0d, 0x43, 0x45, 0x63, 0x45,
  0x20, 0xb0, 0x30, 0x50, 0x58, 0x21, 0xb0, 0x30, 0x59, 0x1b, 0x20, 0xb0,
  0xc0, 0x50, 0x58, 0x20, 0x66, 0x20, 0x8a, 0x8a, 0x61, 0x20, 0xb0, 0x0a,
  0x50, 0x58, 0x60, 0x1b, 0x20, 0xb0, 0x20, 0x50, 0x58, 0x21, 0xb0, 0x0a,
  0x60, 0x1b, 0x20, 0xb0, 0x36, 0x50, 0x58, 0x21, 0xb0, 0x36, 0x60, 0x1b,
  0x60, 0x59, 0x59, 0x59, 0x1b, 0xb0, 0x02, 0x25, 0xb0, 0x0c, 0x43, 0x63,
  0xb0, 0x00, 0x52, 0x58, 0xb0, 0x00, 0x4b, 0xb0, 0x0a, 0x50, 0x58, 0x21,
  0xb0, 0x0c, 0x43, 0x1b, 0x4b, 0xb0, 0x1e, 0x50, 0x58, 0x21, 0xb0, 0x1e,
  0x4b, 0x61, 0xb8, 0x10, 0x00, 0x63, 0xb0, 0x0c, 0x43, 0x63, 0xb8, 0x05,
  0x00, 0x62, 0x59, 0x59, 0x64, 0x61, 0x59, 0xb0, 0x01, 0x2b, 0x59, 0x59,
  0x23, 0xb0, 0x00, 0x50, 0x58, 0x65, 0x59, 0x59, 0x20, 0x64, 0xb0, 0x16,
  0x43, 0x23, 0x42, 0x59, 0x2d, 0xb0, 0x05, 0x2c, 0x20, 0x45, 0x20, 0xb0,
  0x04, 0x25, 0x61, 0x64, 0x20, 0xb0, 0x07, 0x43, 0x50, 0x58, 0xb0, 0x07,
  0x23, 0x42, 0xb0, 0x08, 0x23, 0x42, 0x1b, 0x21, 0x21, 0x59, 0xb0, 0x01,
  0x60, 0x2d, 0xb0, 0x06, 0x2c, 0x23, 0x21, 0x23, 0x21, 0xb0, 0x03, 0x2b,
  0x20, 0x64, 0xb1, 0x07, 0x62, 0x42, 0x20, 0xb0, 0x08, 0x23, 0x42, 0xb0,
  0x06, 0x45, 0x58, 0x1b, 0xb1, 0x01, 0x0d, 0x43, 0x45, 0x63, 0xb1, 0x01,
  0x0d, 0x43, 0xb0, 0x09, 0x60, 0x45, 0x63, 0xb0, 0x05, 0x2a, 0x21, 0x20,
  0xb0, 0x08, 0x43, 0x20, 0x8a, 0x20, 0x8a, 0xb0, 0x01, 0x2b, 0xb1, 0x30,
  0x05, 0x25, 0xb0, 0x04, 0x26, 0x51, 0x58, 0x60, 0x50, 0x1b, 0x61, 0x52,
  0x59, 0x58, 0x23, 0x59, 0x21, 0x59, 0x20, 0xb0, 0x40, 0x53, 0x58, 0xb0,
  0x01, 0x2b, 0x1b, 0x21, 0xb0, 0x40, 0x59, 0x23, 0xb0, 0x00, 0x50, 0x58,
  0x65, 0x59, 0x2d, 0xb0, 0x07, 0x2c, 0xb0, 0x09, 0x43, 0x2b, 0xb2, 0x00,
  0x02, 0x00, 0x43, 0x60, 0x42, 0x2d, 0xb0, 0x08, 0x2c, 0xb0, 0x09, 0x23,
  0x42, 0x23, 0x20, 0xb0, 0x00, 0x23, 0x42, 0x61, 0xb0, 0x02, 0x62, 0x66,
  0xb0, 0x01, 0x63, 0xb0, 0x01, 0x60, 0xb0, 0x07, 0x2a, 0x2d, 0xb0, 0x09,
  0x2c, 0x20, 0x20, 0x45, 0x20, 0xb0, 0x0e, 0x43, 0x63, 0xb8, 0x04, 0x00,
  0x62, 0x20, 0xb0, 0x00, 0x50, 0x58, 0xb0, 0x40, 0x60, 0x59, 0x66, 0xb0,
  0x01, 0x63, 0x60, 0x44, 0xb0, 0x01, 0x60, 0x2d, 0xb0, 0x0a, 0x2c, 0xb2,
  0x09, 0x0e, 0x00, 0x43, 0x45, 0x42, 0x2a, 0x21, 0xb2, 0x00, 0x01, 0x00,
  0x43, 0x60, 0x42, 0x2d, 0xb0, 0x0b, 0x2c, 0xb0, 0x00, 0x43, 0x23, 0x44,
  0xb2, 0x00, 0x01, 0x00, 0x43, 0x60, 0x42, 0x2d, 0xb0, 0x0c, 0x2c, 0x20,
  0x20, 0x45, 0x20, 0xb0, 0x01, 0x2b, 0x23, 0xb0, 0x00, 0x43, 0xb0, 0x04,
  0x25, 0x60, 0x20, 0x45, 0x8a, 0x23, 0x61, 0x20, 0x64, 0x20, 0xb0, 0x20,
  0x50, 0x58, 0x21, 0xb0, 0x00, 0x1b, 0xb0, 0x30, 0x50, 0x58, 0xb0, 0x20,
  0x1b, 0xb0, 0x40, 0x59, 0x59, 0x23, 0xb0, 0x00, 0x50, 0x58, 0x65, 0x59,
  0xb0, 0x03, 0x25, 0x23, 0x61, 0x44, 0x44, 0xb0, 0x01, 0x60, 0x2d, 0xb0,
  0x0d, 0x2c, 0x20, 0x20, 0x45, 0x20, 0xb0, 0x01, 0x2b, 0x23, 0xb0, 0x00,
  0x43, 0xb0, 0x04, 0x25, 0x60, 0x20, 0x45, 0x8a, 0x23, 0x61, 0x20, 0x64,
  0xb0, 0x24, 0x50, 0x58, 0xb0, 0x00, 0x1b, 0xb0, 0x40, 0x59, 0x23, 0xb0,
  0x00, 0x50, 0x58, 0x65, 0x59, 0xb0, 0x03, 0x25, 0x23, 0x61, 0x44, 0x44,
  0xb0, 0x01, 0x60, 0x2d, 0xb0, 0x0e, 0x2c, 0x20, 0xb0, 0x00, 0x23, 0x42,
  0xb3, 0x0d, 0x0c, 0x00, 0x03, 0x45, 0x50, 0x58, 0x21, 0x1b, 0x23, 0x21,
  0x59, 0x2a, 0x21, 0x2d, 0xb0, 0x0f, 0x2c, 0xb1, 0x02, 0x02, 0x45, 0xb0,
  0x64, 0x61, 0x44, 0x2d, 0xb0, 0x10, 0x2c, 0xb0, 0x01, 0x60, 0x20, 0x20,
  0xb0, 0x0f, 0x43, 0x4a, 0xb0, 0x00, 0x50, 0x58, 0x20, 0xb0, 0x0f, 0x23,
  0x42, 0x59, 0xb0, 0x10, 0x43, 0x4a, 0xb0, 0x00, 0x52, 0x58, 0x20, 0xb0,
  0x10, 0x23, 0x42, 0x59, 0x2d, 0xb0, 0x11, 0x2c, 0x20, 0xb0, 0x10, 0x62,
  0x66, 0xb0, 0x01, 0x63, 0x20, 0xb8, 0x04, 0x00, 0x63, 0x8a, 0x23, 0x61,
  0xb0, 0x11, 0x43, 0x60, 0x20, 0x8a, 0x60, 0x20, 0xb0, 0x11, 0x23, 0x42,
  0x23, 0x2d, 0xb0, 0x12, 0x2c, 0x4b, 0x54, 0x58, 0xb1, 0x04, 0x64, 0x44,
  0x59, 0x24, 0xb0, 0x0d, 0x65, 0x23, 0x78, 0x2d, 0xb0, 0x13, 0x2c, 0x4b,
  0x51, 0x58, 0x4b, 0x53, 0x58, 0xb1, 0x04, 0x64, 0x44, 0x59, 0x1b, 0x21,
  0x59, 0x24, 0xb0, 0x13, 0x65, 0x23, 0x78, 0x2d, 0xb0, 0x14, 0x2c, 0xb1,
  0x00, 0x12, 0x43, 0x55, 0x58, 0xb1, 0x12, 0x12, 0x43, 0xb0, 0x01, 0x61,
  0x42, 0xb0, 0x11, 0x2b, 0x59, 0xb0, 0x00, 0x43, 0xb0, 0x02, 0x25, 0x42,
  0xb1, 0x0f, 0x02, 0x25, 0x42, 0xb1, 0x10, 0x02, 0x25, 0x42, 0xb0, 0x01,
  0x16, 0x23, 0x20, 0xb0, 0x03, 0x25, 0x50, 0x58, 0xb1, 0x01, 0x00, 0x43,
  0x60, 0xb0, 0x04, 0x25, 0x42, 0x8a, 0x8a, 0x20, 0x8a, 0x23, 0x61, 0xb0,
  0x10, 0x2a, 0x21, 0x23, 0xb0, 0x01, 0x61, 0x20, 0x8a, 0x23, 0x61, 0xb0,
  0x10, 0x2a, 0x21, 0x1b, 0xb1, 0x01, 0x00, 0x43, 0x60, 0xb0, 0x02, 0x25,
  0x42, 0xb0, 0x02, 0x25, 0x61, 0xb0, 0x10, 0x2a, 0x21, 0x59, 0xb0, 0x0f,
  0x43, 0x47, 0xb0, 0x10, 0x43, 0x47, 0x60, 0xb0, 0x02, 0x62, 0x20, 0xb0,
  0x00, 0x50, 0x58, 0xb0, 0x40, 0x60, 0x59, 0x66, 0xb0, 0x01, 0x63, 0x20,
  0xb0, 0x0e, 0x43, 0x63, 0xb8, 0x04, 0x00, 0x62, 0x20, 0xb0, 0x00, 0x50,
  0x58, 0xb0, 0x40, 0x60, 0x59, 0x66, 0xb0, 0x01, 0x63, 0x60, 0xb1, 0x00,
  0x00, 0x13, 0x23, 0x44, 0xb0, 0x01, 0x43, 0xb0, 0x00, 0x3e, 0xb2, 0x01,
  0x01, 0x01, 0x43, 0x60, 0x42, 0x2d, 0xb0, 0x15, 0x2c, 0x00, 0xb1, 0x00,
  0x02, 0x45, 0x54, 0x58, 0xb0, 0x12, 0x23, 0x42, 0x20, 0x45, 0xb0, 0x0e,
  0x23, 0x42, 0xb0, 0x0d, 0x23, 0xb0, 0x09, 0x60, 0x42, 0x20, 0x60, 0xb7,
  0x18, 0x18, 0x01, 0x00, 0x11, 0x00, 0x13, 0x00, 0x42, 0x42, 0x42, 0x8a,
  0x60, 0x20, 0xb0, 0x14, 0x23, 0x42, 0xb0, 0x01, 0x61, 0xb1, 0x14, 0x08,
  0x2b, 0xb0, 0x8b, 0x2b, 0x1b, 0x22, 0x59, 0x2d, 0xb0, 0x16, 0x2c, 0xb1,
  0x00, 0x15, 0x2b, 0x2d, 0xb0, 0x17, 0x2c, 0xb1, 0x01, 0x15, 0x2b, 0x2d,
  0xb0, 0x18, 0x2c, 0xb1, 0x02, 0x15, 0x2b, 0x2d, 0xb0, 0x19, 0x2c, 0xb1,
  0x03, 0x15, 0x2b, 0x2d, 0xb0, 0x1a, 0x2c, 0xb1, 0x04, 0x15, 0x2b, 0x2d,
  0xb0, 0x1b, 0x2c, 0xb1, 0x05, 0x15, 0x2b, 0x2d, 0xb0, 0x1c, 0x2c, 0xb1,
  0x06, 0x15, 0x2b, 0x2d, 0xb0, 0x1d, 0x2c, 0xb1, 0x07, 0x15, 0x2b, 0x2d,
  0xb0, 0x1e, 0x2c, 0xb1, 0x08, 0x15, 0x2b, 0x2d, 0xb0, 0x1f, 0x2c, 0xb1,
  0x09, 0x15, 0x2b, 0x2d, 0xb0, 0x2b, 0x2c, 0x23, 0x20, 0xb0, 0x10, 0x62,
  0x66, 0xb0, 0x01, 0x63, 0xb0, 0x06, 0x60, 0x4b, 0x54, 0x58, 0x23, 0x20,
  0x2e, 0xb0, 0x01, 0x5d, 0x1b, 0x21, 0x21, 0x59, 0x2d, 0xb0, 0x2c, 0x2c,
  0x23, 0x20, 0xb0, 0x10, 0x62, 0x66, 0xb0, 0x01, 0x63, 0xb0, 0x16, 0x60,
  0x4b, 0x54, 0x58, 0x23, 0x20, 0x2e, 0xb0, 0x01, 0x71, 0x1b, 0x21, 0x21,
  0x59, 0x2d, 0xb0, 0x2d, 0x2c, 0x23, 0x20, 0xb0, 0x10, 0x62, 0x66, 0xb0,
  0x01, 0x63, 0xb0, 0x26, 0x60, 0x4b, 0x54, 0x58, 0x23, 0x20, 0x2e, 0xb0,
  0x01, 0x72, 0x1b, 0x21, 0x21, 0x59, 0x2d, 0xb0, 0x20, 0x2c, 0x00, 0xb0,
  0x0f, 0x2b, 0xb1, 0x00, 0x02, 0x45, 0x54, 0x58, 0xb0, 0x12, 0x23, 0x42,
  0x20, 0x45, 0xb0, 0x0e, 0x23, 0x42, 0xb0, 0x0d, 0x23, 0xb0, 0x09, 0x60,
  0x42, 0x20, 0x60, 0xb0, 0x01, 0x61, 0xb5, 0x18, 0x18, 0x01, 0x00, 0x11,
  0x00, 0x42, 0x42, 0x8a, 0x60, 0xb1, 0x14, 0x08, 0x2b, 0xb0, 0x8b, 0x2b,
  0x1b, 0x22, 0x59, 0x2d, 0xb0, 0x21, 0x2c, 0xb1, 0x00, 0x20, 0x2b, 0x2d,
  0xb0, 0x22, 0x2c, 0xb1, 0x01, 0x20, 0x2b, 0x2d, 0xb0, 0x23, 0x2c, 0xb1,
  0x02, 0x20, 0x2b, 0x2d, 0xb0, 0x24, 0x2c, 0xb1, 0x03, 0x20, 0x2b, 0x2d,
  0xb0, 0x25, 0x2c, 0xb1, 0x04, 0x20, 0x2b, 0x2d, 0xb0, 0x26, 0x2c, 0xb1,
  0x05, 0x20, 0x2b, 0x2d, 0xb0, 0x27, 0x2c, 0xb1, 0x06, 0x20, 0x2b, 0x2d,
  0xb0, 0x28, 0x2c, 0xb1, 0x07, 0x20, 0x2b, 0x2d, 0xb0, 0x29, 0x2c, 0xb1,
  0x08, 0x20, 0x2b, 0x2d, 0xb0, 0x2a, 0x2c, 0xb1, 0x09, 0x20, 0x2b, 0x2d,
  0xb0, 0x2e, 0x2c, 0x20, 0x3c, 0xb0, 0x01, 0x60, 0x2d, 0xb0, 0x2f, 0x2c,
  0x20, 0x60, 0xb0, 0x18, 0x60, 0x20, 0x43, 0x23, 0xb0, 0x01, 0x60, 0x43,
  0xb0, 0x02, 0x25, 0x61, 0xb0, 0x01, 0x60, 0xb0, 0x2e, 0x2a, 0x21, 0x2d,
  0xb0, 0x30, 0x2c, 0xb0, 0x2f, 0x2b, 0xb0, 0x2f, 0x2a, 0x2d, 0xb0, 0x31,
  0x2c, 0x20, 0x20, 0x47, 0x20, 0x20, 0xb0, 0x0e, 0x43, 0x63, 0xb8, 0x04,
  0x00, 0x62, 0x20, 0xb0, 0x00, 0x50, 0x58, 0xb0, 0x40, 0x60, 0x59, 0x66,
  0xb0, 0x01, 0x63, 0x60, 0x23, 0x61, 0x38, 0x23, 0x20, 0x8a, 0x55, 0x58,
  0x20, 0x47, 0x20, 0x20, 0xb0, 0x0e, 0x43, 0x63, 0xb8, 0x04, 0x00, 0x62,
  0x20, 0xb0, 0x00, 0x50, 0x58, 0xb0, 0x40, 0x60, 0x59, 0x66, 0xb0, 0x01,
  0x63, 0x60, 0x23, 0x61, 0x38, 0x1b, 0x21, 0x59, 0x2d, 0xb0, 0x32, 0x2c,
  0x00, 0xb1, 0x00, 0x02, 0x45, 0x54, 0x58, 0xb1, 0x0e, 0x06, 0x45, 0x42,
  0xb0, 0x01, 0x16, 0xb0, 0x31, 0x2a, 0xb1, 0x05, 0x01, 0x15, 0x45, 0x58,
  0x30, 0x59, 0x1b, 0x22, 0x59, 0x2d, 0xb0, 0x33, 0x2c, 0x00, 0xb0, 0x0f,
  0x2b, 0xb1, 0x00, 0x02, 0x45, 0x54, 0x58, 0xb1, 0x0e, 0x06, 0x45, 0x42,
  0xb0, 0x01, 0x16, 0xb0, 0x31, 0x2a, 0xb1, 0x05, 0x01, 0x15, 0x45, 0x58,
  0x30, 0x59, 0x1b, 0x22, 0x59, 0x2d, 0xb0, 0x34, 0x2c, 0x20, 0x35, 0xb0,
  0x01, 0x60, 0x2d, 0xb0, 0x35, 0x2c, 0x00, 0xb1, 0x0e, 0x06, 0x45, 0x42,
  0xb0, 0x01, 0x45, 0x63, 0xb8, 0x04, 0x00, 0x62, 0x20, 0xb0, 0x00, 0x50,
  0x58, 0xb0, 0x40, 0x60, 0x59, 0x66, 0xb0, 0x01, 0x63, 0xb0, 0x01, 0x2b,
  0xb0, 0x0e, 0x43, 0x63, 0xb8, 0x04, 0x00, 0x62, 0x20, 0xb0, 0x00, 0x50,
  0x58, 0xb0, 0x40, 0x60, 0x59, 0x66, 0xb0, 0x01, 0x63, 0xb0, 0x01, 0x2b,
  0xb0, 0x00, 0x16, 0xb4, 0x00, 0x00, 0x00, 0x00, 0x00, 0x44, 0x3e, 0x23,
  0x38, 0xb1, 0x34, 0x01, 0x15, 0x2a, 0x21, 0x2d, 0xb0, 0x36, 0x2c, 0x20,
  0x3c, 0x20, 0x47, 0x20, 0xb0, 0x0e, 0x43, 0x63, 0xb8, 0x04, 0x00, 0x62,
  0x20, 0xb0, 0x00, 0x50, 0x58, 0xb0, 0x40, 0x60, 0x59, 0x66, 0xb0, 0x01,
  0x63, 0x60, 0xb0, 0x00, 0x43, 0x61, 0x38, 0x2d, 0xb0, 0x37, 0x2c, 0x2e,
  0x17, 0x3c, 0x2d, 0xb0, 0x38, 0x2c, 0x20, 0x3c, 0x20, 0x47, 0x20, 0xb0,
  0x0e, 0x43, 0x63, 0xb8, 0x04, 0x00, 0x62, 0x20, 0xb0, 0x00, 0x50, 0x58,
  0xb0, 0x40, 0x60, 0x59, 0x66, 0xb0, 0x01, 0x63, 0x60, 0xb0, 0x00, 0x43,
  0x61, 0xb0, 0x01, 0x43, 0x63, 0x38, 0x2d, 0xb0, 0x39, 0x2c, 0xb1, 0x02,
  0x00, 0x16, 0x25, 0x20, 0x2e, 0x20, 0x47, 0xb0, 0x00, 0x23, 0x42, 0xb0,
  0x02, 0x25, 0x49, 0x8a, 0x8a, 0x47, 0x23, 0x47, 0x23, 0x61, 0x20, 0x58,
  0x62, 0x1b, 0x21, 0x59, 0xb0, 0x01, 0x23, 0x42, 0xb2, 0x38, 0x01, 0x01,
  0x15, 0x14, 0x2a, 0x2d, 0xb0, 0x3a, 0x2c, 0xb0, 0x00, 0x16, 0xb0, 0x17,
  0x23, 0x42, 0xb0, 0x04, 0x25, 0xb0, 0x04, 0x25, 0x47, 0x23, 0x47, 0x23,
  0x61, 0xb1, 0x0c, 0x00, 0x42, 0xb0, 0x0b, 0x43, 0x2b, 0x65, 0x8a, 0x2e,
  0x23, 0x20, 0x20, 0x3c, 0x8a, 0x38, 0x2d, 0xb0, 0x3b, 0x2c, 0xb0, 0x00,
  0x16, 0xb0, 0x17, 0x23, 0x42, 0xb0, 0x04, 0x25, 0xb0, 0x04, 0x25, 0x20,
  0x2e, 0x47, 0x23, 0x47, 0x23, 0x61, 0x20, 0xb0, 0x06, 0x23, 0x42, 0xb1,
  0x0c, 0x00, 0x42, 0xb0, 0x0b, 0x43, 0x2b, 0x20, 0xb0, 0x60, 0x50, 0x58,
  0x20, 0xb0, 0x40, 0x51, 0x58, 0xb3, 0x04, 0x20, 0x05, 0x20, 0x1b, 0xb3,
  0x04, 0x26, 0x05, 0x1a, 0x59, 0x42, 0x42, 0x23, 0x20, 0xb0, 0x0a, 0x43,
  0x20, 0x8a, 0x23, 0x47, 0x23, 0x47, 0x23, 0x61, 0x23, 0x46, 0x60, 0xb0,
  0x06, 0x43, 0xb0, 0x02, 0x62, 0x20, 0xb0, 0x00, 0x50, 0x58, 0xb0, 0x40,
  0x60, 0x59, 0x66, 0xb0, 0x01, 0x63, 0x60, 0x20, 0xb0, 0x01, 0x2b, 0x20,
  0x8a, 0x8a, 0x61, 0x20, 0xb0, 0x04, 0x43, 0x60, 0x64, 0x23, 0xb0, 0x05,
  0x43, 0x61, 0x64, 0x50, 0x58, 0xb0, 0x04, 0x43, 0x61, 0x1b, 0xb0, 0x05,
  0x43, 0x60, 0x59, 0xb0, 0x03, 0x25, 0xb0, 0x02, 0x62, 0x20, 0xb0, 0x00,
  0x50, 0x58, 0xb0, 0x40, 0x60, 0x59, 0x66, 0xb0, 0x01, 0x63, 0x61, 0x23,
  0x20, 0x20, 0xb0, 0x04, 0x26, 0x23, 0x46, 0x61, 0x38, 0x1b, 0x23, 0xb0,
  0x0a, 0x43, 0x46, 0xb0, 0x02, 0x25, 0xb0, 0x0a, 0x43, 0x47, 0x23, 0x47,
  0x23, 0x61, 0x60, 0x20, 0xb0, 0x06, 0x43, 0xb0, 0x02, 0x62, 0x20, 0xb0,
  0x00, 0x50, 0x58, 0xb0, 0x40, 0x60, 0x59, 0x66, 0xb0, 0x01, 0x63, 0x60,
  0x23, 0x20, 0xb0, 0x01, 0x2b, 0x23, 0xb0, 0x06, 0x43, 0x60, 0xb0, 0x01,
  0x2b, 0xb0, 0x05, 0x25, 0x61, 0xb0, 0x05, 0x25, 0xb0, 0x02, 0x62, 0x20,
  0xb0, 0x00, 0x50, 0x58, 0xb0, 0x40, 0x60, 0x59, 0x66, 0xb0, 0x01, 0x63,
  0xb0, 0x04, 0x26, 0x61, 0x20, 0xb0, 0x04, 0x25, 0x60, 0x64, 0x23, 0xb0,
  0x03, 0x25, 0x60, 0x64, 0x50, 0x58, 0x21, 0x1b, 0x23, 0x21, 0x59, 0x23,
  0x20, 0x20, 0xb0, 0x04, 0x26, 0x23, 0x46, 0x61, 0x38, 0x59, 0x2d, 0xb0,
  0x3c, 0x2c, 0xb0, 0x00, 0x16, 0xb0, 0x17, 0x23, 0x42, 0x20, 0x20, 0x20,
  0xb0, 0x05, 0x26, 0x20, 0x2e, 0x47, 0x23, 0x47, 0x23, 0x61, 0x23, 0x3c,
  0x38, 0x2d, 0xb0, 0x3d, 0x2c, 0xb0, 0x00, 0x16, 0xb0, 0x17, 0x23, 0x42,
  0x20, 0xb0, 0x0a, 0x23, 0x42, 0x20, 0x20, 0x20, 0x46, 0x23, 0x47, 0xb0,
  0x01, 0x2b, 0x23, 0x61, 0x38, 0x2d, 0xb0, 0x3e, 0x2c, 0xb0, 0x00, 0x16,
  0xb0, 0x17, 0x23, 0x42, 0xb0, 0x03, 0x25, 0xb0, 0x02, 0x25, 0x47, 0x23,
  0x47, 0x23, 0x61, 0xb0, 0x00, 0x54, 0x58, 0x2e, 0x20, 0x3c, 0x23, 0x21,
  0x1b, 0xb0, 0x02, 0x25, 0xb0, 0x02, 0x25, 0x47, 0x23, 0x47, 0x23, 0x61,
  0x20, 0xb0, 0x05, 0x25, 0xb0, 0x04, 0x25, 0x47, 0x23, 0x47, 0x23, 0x61,
  0xb0, 0x06, 0x25, 0xb0, 0x05, 0x25, 0x49, 0xb0, 0x02, 0x25, 0x61, 0xb9,
  0x08, 0x00, 0x08, 0x00, 0x63, 0x63, 0x23, 0x20, 0x58, 0x62, 0x1b, 0x21,
  0x59, 0x63, 0xb8, 0x04, 0x00, 0x62, 0x20, 0xb0, 0x00, 0x50, 0x58, 0xb0,
  0x40, 0x60, 0x59, 0x66, 0xb0, 0x01, 0x63, 0x60, 0x23, 0x2e, 0x23, 0x20,
  0x20, 0x3c, 0x8a, 0x38, 0x23, 0x21, 0x59, 0x2d, 0xb0, 0x3f, 0x2c, 0xb0,
  0x00, 0x16, 0xb0, 0x17, 0x23, 0x42, 0x20, 0xb0, 0x0a, 0x43, 0x20, 0x2e,
  0x47, 0x23, 0x47, 0x23, 0x61, 0x20, 0x60, 0xb0, 0x20, 0x60, 0x66, 0xb0,
  0x02, 0x62, 0x20, 0xb0, 0x00, 0x50, 0x58, 0xb0, 0x40, 0x60, 0x59, 0x66,
  0xb0, 0x01, 0x63, 0x23, 0x20, 0x20, 0x3c, 0x8a, 0x38, 0x2d, 0xb0, 0x40,
  0x2c, 0x23, 0x20, 0x2e, 0x46, 0xb0, 0x02, 0x25, 0x46, 0xb0, 0x17, 0x43,
  0x58, 0x50, 0x1b, 0x52, 0x59, 0x58, 0x20, 0x3c, 0x59, 0x2e, 0xb1, 0x30,
  0x01, 0x14, 0x2b, 0x2d, 0xb0, 0x41, 0x2c, 0x23, 0x20, 0x2e, 0x46, 0xb0,
  0x02, 0x25, 0x46, 0xb0, 0x17, 0x43, 0x58, 0x52, 0x1b, 0x50, 0x59, 0x58,
  0x20, 0x3c, 0x59, 0x2e, 0xb1, 0x30, 0x01, 0x14, 0x2b, 0x2d, 0xb0, 0x42,
  0x2c, 0x23, 0x20, 0x2e, 0x46, 0xb0, 0x02, 0x25, 0x46, 0xb0, 0x17, 0x43,
  0x58, 0x50, 0x1b, 0x52, 0x59, 0x58, 0x20, 0x3c, 0x59, 0x23, 0x20, 0x2e,
  0x46, 0xb0, 0x02, 0x25, 0x46, 0xb0, 0x17, 0x43, 0x58, 0x52, 0x1b, 0x50,
  0x59, 0x58, 0x20, 0x3c, 0x59, 0x2e, 0xb1, 0x30, 0x01, 0x14, 0x2b, 0x2d,
  0xb0, 0x43, 0x2c, 0xb0, 0x3a, 0x2b, 0x23, 0x20, 0x2e, 0x46, 0xb0, 0x02,
  0x25, 0x46, 0xb0, 0x17, 0x43, 0x58, 0x50, 0x1b, 0x52, 0x59, 0x58, 0x20,
  0x3c, 0x59, 0x2e, 0xb1, 0x30, 0x01, 0x14, 0x2b, 0x2d, 0xb0, 0x44, 0x2c,
  0xb0, 0x3b, 0x2b, 0x8a, 0x20, 0x20, 0x3c, 0xb0, 0x06, 0x23, 0x42, 0x8a,
  0x38, 0x23, 0x20, 0x2e, 0x46, 0xb0, 0x02, 0x25, 0x46, 0xb0, 0x17, 0x43,
  0x58, 0x50, 0x1b, 0x52, 0x59, 0x58, 0x20, 0x3c, 0x59, 0x2e, 0xb1, 0x30,
  0x01, 0x14, 0x2b, 0xb0, 0x06, 0x43, 0x2e, 0xb0, 0x30, 0x2b, 0x2d, 0xb0,
  0x45, 0x2c, 0xb0, 0x00, 0x16, 0xb0, 0x04, 0x25, 0xb0, 0x04, 0x26, 0x20,
  0x20, 0x20, 0x46, 0x23, 0x47, 0x61, 0xb0, 0x0c, 0x23, 0x42, 0x2e, 0x47,
  0x23, 0x47, 0x23, 0x61, 0xb0, 0x0b, 0x43, 0x2b, 0x23, 0x20, 0x3c, 0x20,
  0x2e, 0x23, 0x38, 0xb1, 0x30, 0x01, 0x14, 0x2b, 0x2d, 0xb0, 0x46, 0x2c,
  0xb1, 0x0a, 0x04, 0x25, 0x42, 0xb0, 0x00, 0x16, 0xb0, 0x04, 0x25, 0xb0,
  0x04, 0x25, 0x20, 0x2e, 0x47, 0x23, 0x47, 0x23, 0x61, 0x20, 0xb0, 0x06,
  0x23, 0x42, 0xb1, 0x0c, 0x00, 0x42, 0xb0, 0x0b, 0x43, 0x2b, 0x20, 0xb0,
  0x60, 0x50, 0x58, 0x20, 0xb0, 0x40, 0x51, 0x58, 0xb3, 0x04, 0x20, 0x05,
  0x20, 0x1b, 0xb3, 0x04, 0x26, 0x05, 0x1a, 0x59, 0x42, 0x42, 0x23, 0x20,
  0x47, 0xb0, 0x06, 0x43, 0xb0, 0x02, 0x62, 0x20, 0xb0, 0x00, 0x50, 0x58,
  0xb0, 0x40, 0x60, 0x59, 0x66, 0xb0, 0x01, 0x63, 0x60, 0x20, 0xb0, 0x01,
  0x2b, 0x20, 0x8a, 0x8a, 0x61, 0x20, 0xb0, 0x04, 0x43, 0x60, 0x64, 0x23,
  0xb0, 0x05, 0x43, 0x61, 0x64, 0x50, 0x58, 0xb0, 0x04, 0x43, 0x61, 0x1b,
  0xb0, 0x05, 0x43, 0x60, 0x59, 0xb0, 0x03, 0x25, 0xb0, 0x02, 0x62, 0x20,
  0xb0, 0x00, 0x50, 0x58, 0xb0, 0x40, 0x60, 0x59, 0x66, 0xb0, 0x01, 0x63,
  0x61, 0xb0, 0x02, 0x25, 0x46, 0x61, 0x38, 0x23, 0x20, 0x3c, 0x23, 0x38,
  0x1b, 0x21, 0x20, 0x20, 0x46, 0x23, 0x47, 0xb0, 0x01, 0x2b, 0x23, 0x61,
  0x38, 0x21, 0x59, 0xb1, 0x30, 0x01, 0x14, 0x2b, 0x2d, 0xb0, 0x47, 0x2c,
  0xb1, 0x00, 0x3a, 0x2b, 0x2e, 0xb1, 0x30, 0x01, 0x14, 0x2b, 0x2d, 0xb0,
  0x48, 0x2c, 0xb1, 0x00, 0x3b, 0x2b, 0x21, 0x23, 0x20, 0x20, 0x3c, 0xb0,
  0x06, 0x23, 0x42, 0x23, 0x38, 0xb1, 0x30, 0x01, 0x14, 0x2b, 0xb0, 0x06,
  0x43, 0x2e, 0xb0, 0x30, 0x2b, 0x2d, 0xb0, 0x49, 0x2c, 0xb0, 0x00, 0x15,
  0x20, 0x47, 0xb0, 0x00, 0x23, 0x42, 0xb2, 0x00, 0x01, 0x01, 0x15, 0x14,
  0x13, 0x2e, 0xb0, 0x36, 0x2a, 0x2d, 0xb0, 0x4a, 0x2c, 0xb0, 0x00, 0x15,
  0x20, 0x47, 0xb0, 0x00, 0x23, 0x42, 0xb2, 0x00, 0x01, 0x01, 0x15, 0x14,
  0x13, 0x2e, 0xb0, 0x36, 0x2a, 0x2d, 0xb0, 0x4b, 0x2c, 0xb1, 0x00, 0x01,
  0x14, 0x13, 0xb0, 0x37, 0x2a, 0x2d, 0xb0, 0x4c, 0x2c, 0xb0, 0x39, 0x2a,
  0x2d, 0xb0, 0x4d, 0x2c, 0xb0, 0x00, 0x16, 0x45, 0x23, 0x20, 0x2e, 0x20,
  0x46, 0x8a, 0x23, 0x61, 0x38, 0xb1, 0x30, 0x01, 0x14, 0x2b, 0x2d, 0xb0,
  0x4e, 0x2c, 0xb0, 0x0a, 0x23, 0x42, 0xb0, 0x4d, 0x2b, 0x2d, 0xb0, 0x4f,
  0x2c, 0xb2, 0x00, 0x00, 0x46, 0x2b, 0x2d, 0xb0, 0x50, 0x2c, 0xb2, 0x00,
  0x01, 0x46, 0x2b, 0x2d, 0xb0, 0x51, 0x2c, 0xb2, 0x01, 0x00, 0x46, 0x2b,
  0x2d, 0xb0, 0x52, 0x2c, 0xb2, 0x01, 0x01, 0x46, 0x2b, 0x2d, 0xb0, 0x53,
  0x2c, 0xb2, 0x00, 0x00, 0x47, 0x2b, 0x2d, 0xb0, 0x54, 0x2c, 0xb2, 0x00,
  0x01, 0x47, 0x2b, 0x2d, 0xb0, 0x55, 0x2c, 0xb2, 0x01, 0x00, 0x47, 0x2b,
  0x2d, 0xb0, 0x56, 0x2c, 0xb2, 0x01, 0x01, 0x47, 0x2b, 0x2d, 0xb0, 0x57,
  0x2c, 0xb3, 0x00, 0x00, 0x00, 0x43, 0x2b, 0x2d, 0xb0, 0x58, 0x2c, 0xb3,
  0x00, 0x01, 0x00, 0x43, 0x2b, 0x2d, 0xb0, 0x59, 0x2c, 0xb3, 0x01, 0x00,
  0x00, 0x43, 0x2b, 0x2d, 0xb0, 0x5a, 0x2c, 0xb3, 0x01, 0x01, 0x00, 0x43,
  0x2b, 0x2d, 0xb0, 0x5b, 0x2c, 0xb3, 0x00, 0x00, 0x01, 0x43, 0x2b, 0x2d,
  0xb0, 0x5c, 0x2c, 0xb3, 0x00, 0x01, 0x01, 0x43, 0x2b, 0x2d, 0xb0, 0x5d,
  0x2c, 0xb3, 0x01, 0x00, 0x01, 0x43, 0x2b, 0x2d, 0xb0, 0x5e, 0x2c, 0xb3,
  0x01, 0x01, 0x01, 0x43, 0x2b, 0x2d, 0xb0, 0x5f, 0x2c, 0xb2, 0x00, 0x00,
  0x45, 0x2b, 0x2d, 0xb0, 0x60, 0x2c, 0xb2, 0x00, 0x01, 0x45, 0x2b, 0x2d,
  0xb0, 0x61, 0x2c, 0xb2, 0x01, 0x00, 0x45, 0x2b, 0x2d, 0xb0, 0x62, 0x2c,
  0xb2, 0x01, 0x01, 0x45, 0x2b, 0x2d, 0xb0, 0x63, 0x2c, 0xb2, 0x00, 0x00,
  0x48, 0x2b, 0x2d, 0xb0, 0x64, 0x2c, 0xb2, 0x00, 0x01, 0x48, 0x2b, 0x2d,
  0xb0, 0x65, 0x2c, 0xb2, 0x01, 0x00, 0x48, 0x2b, 0x2d, 0xb0, 0x66, 0x2c,
  0xb2, 0x01, 0x01, 0x48, 0x2b, 0x2d, 0xb0, 0x67, 0x2c, 0xb3, 0x00, 0x00,
  0x00, 0x44, 0x2b, 0x2d, 0xb0, 0x68, 0x2c, 0xb3, 0x00, 0x01, 0x00, 0x44,
  0x2b, 0x2d, 0xb0, 0x69, 0x2c, 0xb3, 0x01, 0x00, 0x00, 0x44, 0x2b, 0x2d,
  0xb0, 0x6a, 0x2c, 0xb3, 0x01, 0x01, 0x00, 0x44, 0x2b, 0x2d, 0xb0, 0x6b,
  0x2c, 0xb3, 0x00, 0x00, 0x01, 0x44, 0x2b, 0x2d, 0xb0, 0x6c, 0x2c, 0xb3,
  0x00, 0x01, 0x01, 0x44, 0x2b, 0x2d, 0xb0, 0x6d, 0x2c, 0xb3, 0x01, 0x00,
  0x01, 0x44, 0x2b, 0x2d, 0xb0, 0x6e, 0x2c, 0xb3, 0x01, 0x01, 0x01, 0x44,
  0x2b, 0x2d, 0xb0, 0x6f, 0x2c, 0xb1, 0x00, 0x3c, 0x2b, 0x2e, 0xb1, 0x30,
  0x01, 0x14, 0x2b, 0x2d, 0xb0, 0x70, 0x2c, 0xb1, 0x00, 0x3c, 0x2b, 0xb0,
  0x40, 0x2b, 0x2d, 0xb0, 0x71, 0x2c, 0xb1, 0x00, 0x3c, 0x2b, 0xb0, 0x41,
  0x2b, 0x2d, 0xb0, 0x72, 0x2c, 0xb0, 0x00, 0x16, 0xb1, 0x00, 0x3c, 0x2b,
  0xb0, 0x42, 0x2b, 0x2d, 0xb0, 0x73, 0x2c, 0xb1, 0x01, 0x3c, 0x2b, 0xb0,
  0x40, 0x2b, 0x2d, 0xb0, 0x74, 0x2c, 0xb1, 0x01, 0x3c, 0x2b, 0xb0, 0x41,
  0x2b, 0x2d, 0xb0, 0x75, 0x2c, 0xb0, 0x00, 0x16, 0xb1, 0x01, 0x3c, 0x2b,
  0xb0, 0x42, 0x2b, 0x2d, 0xb0, 0x76, 0x2c, 0xb1, 0x00, 0x3d, 0x2b, 0x2e,
  0xb1, 0x30, 0x01, 0x14, 0x2b, 0x2d, 0xb0, 0x77, 0x2c, 0xb1, 0x00, 0x3d,
  0x2b, 0xb0, 0x40, 0x2b, 0x2d, 0xb0, 0x78, 0x2c, 0xb1, 0x00, 0x3d, 0x2b,
  0xb0, 0x41, 0x2b, 0x2d, 0xb0, 0x79, 0x2c, 0xb1, 0x00, 0x3d, 0x2b, 0xb0,
  0x42, 0x2b, 0x2d, 0xb0, 0x7a, 0x2c, 0xb1, 0x01, 0x3d, 0x2b, 0xb0, 0x40,
  0x2b, 0x2d, 0xb0, 0x7b, 0x2c, 0xb1, 0x01, 0x3d, 0x2b, 0xb0, 0x41, 0x2b,
  0x2d, 0xb0, 0x7c, 0x2c, 0xb1, 0x01, 0x3d, 0x2b, 0xb0, 0x42, 0x2b, 0x2d,
  0xb0, 0x7d, 0x2c, 0xb1, 0x00, 0x3e, 0x2b, 0x2e, 0xb1, 0x30, 0x01, 0x14,
  0x2b, 0x2d, 0xb0, 0x7e, 0x2c, 0xb1, 0x00, 0x3e, 0x2b, 0xb0, 0x40, 0x2b,
  0x2d, 0xb0, 0x7f, 0x2c, 0xb1, 0x00, 0x3e, 0x2b, 0xb0, 0x41, 0x2b, 0x2d,
  0xb0, 0x80, 0x2c, 0xb1, 0x00, 0x3e, 0x2b, 0xb0, 0x42, 0x2b, 0x2d, 0xb0,
  0x81, 0x2c, 0xb1, 0x01, 0x3e, 0x2b, 0xb0, 0x40, 0x2b, 0x2d, 0xb0, 0x82,
  0x2c, 0xb1, 0x01, 0x3e, 0x2b, 0xb0, 0x41, 0x2b, 0x2d, 0xb0, 0x83, 0x2c,
  0xb1, 0x01, 0x3e, 0x2b, 0xb0, 0x42, 0x2b, 0x2d, 0xb0, 0x84, 0x2c, 0xb1,
  0x00, 0x3f, 0x2b, 0x2e, 0xb1, 0x30, 0x01, 0x14, 0x2b, 0x2d, 0xb0, 0x85,
  0x2c, 0xb1, 0x00, 0x3f, 0x2b, 0xb0, 0x40, 0x2b, 0x2d, 0xb0, 0x86, 0x2c,
  0xb1, 0x00, 0x3f, 0x2b, 0xb0, 0x41, 0x2b, 0x2d, 0xb0, 0x87, 0x2c, 0xb1,
  0x00, 0x3f, 0x2b, 0xb0, 0x42, 0x2b, 0x2d, 0xb0, 0x88, 0x2c, 0xb1, 0x01,
  0x3f, 0x2b, 0xb0, 0x40, 0x2b, 0x2d, 0xb0, 0x89, 0x2c, 0xb1, 0x01, 0x3f,
  0x2b, 0xb0, 0x41, 0x2b, 0x2d, 0xb0, 0x8a, 0x2c, 0xb1, 0x01, 0x3f, 0x2b,
  0xb0, 0x42, 0x2b, 0x2d, 0xb0, 0x8b, 0x2c, 0xb2, 0x0b, 0x00, 0x03, 0x45,
  0x50, 0x58, 0xb0, 0x06, 0x1b, 0xb2, 0x04, 0x02, 0x03, 0x45, 0x58, 0x23,
  0x21, 0x1b, 0x21, 0x59, 0x59, 0x42, 0x2b, 0xb0, 0x08, 0x65, 0xb0, 0x03,
  0x24, 0x50, 0x78, 0xb1, 0x05, 0x01, 0x15, 0x45, 0x58, 0x30, 0x59, 0x2d,
  0x00, 0x4b, 0xb8, 0x00, 0xc8, 0x52, 0x58, 0xb1, 0x01, 0x01, 0x8e, 0x59,
  0xb0, 0x01, 0xb9, 0x08, 0x00, 0x08, 0x00, 0x63, 0x70, 0xb1, 0x00, 0x07,
  0x42, 0x40, 0x0b, 0x93, 0x83, 0x73, 0x00, 0x5d, 0x51, 0x41, 0x00, 0x2d,
  0x09, 0x00, 0x2a, 0xb1, 0x00, 0x07, 0x42, 0x40, 0x14, 0x88, 0x08, 0x78,
  0x08, 0x68, 0x08, 0x62, 0x02, 0x56, 0x06, 0x46, 0x08, 0x3a, 0x06, 0x32,
  0x04, 0x24, 0x07, 0x09, 0x0a, 0x2a, 0xb1, 0x00, 0x07, 0x42, 0x40, 0x14,
  0x90, 0x06, 0x80, 0x06, 0x70, 0x06, 0x65, 0x00, 0x5c, 0x04, 0x4e, 0x06,
  0x40, 0x04, 0x36, 0x02, 0x2b, 0x05, 0x09, 0x0a, 0x2a, 0xb1, 0x00, 0x10,
  0x42, 0x41, 0x0b, 0x22, 0x40, 0x1e, 0x40, 0x1a, 0x40, 0x18, 0xc0, 0x15,
  0xc0, 0x11, 0xc0, 0x0e, 0xc0, 0x0c, 0xc0, 0x09, 0x40, 0x00, 0x09, 0x00,
  0x0b, 0x2a, 0xb1, 0x00, 0x19, 0x42, 0x41, 0x0b, 0x00, 0x40, 0x00, 0x40,
  0x00, 0x40, 0x00, 0x40, 0x00, 0x40, 0x00, 0x40, 0x00, 0x40, 0x00, 0x40,
  0x00, 0x40, 0x00, 0x09, 0x00, 0x0b, 0x2a, 0xb9, 0x00, 0x03, 0x00, 0x00,
  0x44, 0xb1, 0x24, 0x01, 0x88, 0x51, 0x58, 0xb0, 0x40, 0x88, 0x58, 0xb9,
  0x00, 0x03, 0x00, 0x64, 0x44, 0xb1, 0x28, 0x01, 0x88, 0x51, 0x58, 0xb8,
  0x08, 0x00, 0x88, 0x58, 0xb9, 0x00, 0x03, 0x00, 0x00, 0x44, 0x59, 0x1b,
  0xb1, 0x27, 0x01, 0x88, 0x51, 0x58, 0xba, 0x08, 0x80, 0x00, 0x01, 0x04,
  0x40, 0x88, 0x63, 0x54, 0x58, 0xb9, 0x00, 0x03, 0x00, 0x00, 0x44, 0x59,
  0x59, 0x59, 0x59, 0x59, 0x40, 0x14, 0x8a, 0x06, 0x7a, 0x06, 0x6a, 0x06,
  0x64, 0x01, 0x58, 0x04, 0x48, 0x06, 0x3c, 0x04, 0x34, 0x02, 0x26, 0x05,
  0x09, 0x0e, 0x2a, 0xb8, 0x01, 0xff, 0x85, 0xb0, 0x04, 0x8d, 0xb1, 0x02,
  0x00, 0x44, 0xb3, 0x05, 0x64, 0x06, 0x00, 0x44, 0x44, 0x00, 0x00, 0x00,
  0x00, 0x00, 0x00, 0x00, 0x00, 0x00, 0x00, 0x00, 0x00, 0x00, 0x00, 0x00,
  0x00, 0x00, 0x00, 0x00, 0x00, 0x00, 0x00, 0x00, 0x00, 0x00, 0x00, 0x00,
  0x00, 0x00, 0x00, 0x00, 0x00, 0x00, 0x00, 0x00, 0x00, 0x00, 0x00, 0x00,
  0x00, 0x00, 0x00, 0x00, 0x00, 0x00, 0x00, 0x00, 0x00, 0x00, 0x00, 0x00,
  0x00, 0x00, 0x00, 0x00, 0x00, 0x00, 0x00, 0x00, 0x00, 0x00, 0x00, 0x00,
  0x00, 0x00, 0x00, 0x00, 0x00, 0x00, 0x00, 0x00, 0x00, 0x6e, 0x00, 0x6e,
  0x00, 0x55, 0x00, 0x55, 0x02, 0xca, 0x00, 0x00, 0x02, 0x1b, 0x00, 0x00,
  0xff, 0x10, 0x02, 0xd5, 0xff, 0xf6, 0x02, 0x25, 0xff, 0xf6, 0xff, 0x10,
  0x00, 0x6d, 0x00, 0x6d, 0x00, 0x57, 0x00, 0x57, 0x02, 0x3f, 0x00, 0x00,
  0x02, 0x48, 0xff, 0xf8, 0x00, 0x6d, 0x00, 0x6d, 0x00, 0x57, 0x00, 0x57,
  0x02, 0x3f, 0x02, 0x3f, 0x00, 0x00, 0x00, 0x00, 0x02, 0x48, 0x02, 0x48,
  0xff, 0xf8, 0x00, 0x00, 0x00, 0x6d, 0x00, 0x6d, 0x00, 0x55, 0x00, 0x55,
  0x02, 0xca, 0xff, 0xf6, 0x02, 0xf8, 0x02, 0x1b, 0xff, 0xf6, 0xff, 0x10,
  0x02, 0xd5, 0xff, 0xf6, 0x02, 0xfd, 0x02, 0x25, 0xff, 0xf6, 0xff, 0x10,
  0x00, 0x57, 0x00, 0x57, 0x00, 0x4a, 0x00, 0x4a, 0x01, 0x68, 0x00, 0xe9,
  0xff, 0xa0, 0xff, 0x10, 0x01, 0x68, 0x00, 0xe9, 0xff, 0x9a, 0xff, 0x10,
  0x00, 0x57, 0x00, 0x57, 0x00, 0x4a, 0x00, 0x4a, 0x01, 0x1f, 0x01, 0x1f,
  0x00, 0x6d, 0x00, 0x6d, 0x00, 0x55, 0x00, 0x55, 0x02, 0xca, 0x00, 0x00,
  0x02, 0xf0, 0x02, 0x1b, 0x00, 0x00, 0xff, 0x10, 0x02, 0xd5, 0xff, 0xf6,
  0x02, 0xf0, 0x02, 0x25, 0xff, 0xf6, 0xff, 0x10, 0x00, 0x47, 0x00, 0x47,
  0x00, 0x33, 0x00, 0x33, 0x01, 0x2b, 0xff, 0x7e, 0x01, 0x63, 0x00, 0xe3,
  0xff, 0xa0, 0xff, 0x10, 0x01, 0x33, 0xff, 0x75, 0x01, 0x63, 0x00, 0xe9,
  0xff, 0x9a, 0xff, 0x10, 0x00, 0x47, 0x00, 0x47, 0x00, 0x33, 0x00, 0x33,
  0x02, 0xcb, 0x01, 0xa0, 0x02, 0xe2, 0x02, 0x62, 0x01, 0x1f, 0x00, 0x8f,
  0x02, 0xe2, 0x01, 0x97, 0x02, 0xe2, 0x02, 0x68, 0x01, 0x19, 0x00, 0x8f,
  0x00, 0x00, 0x00, 0x07, 0x00, 0x5a, 0x00, 0x03, 0x00, 0x01, 0x04, 0x09,
  0x00, 0x00, 0x00, 0xb6, 0x00, 0x00, 0x00, 0x03, 0x00, 0x01, 0x04, 0x09,
  0x00, 0x01, 0x00, 0x20, 0x00, 0xb6, 0x00, 0x03, 0x00, 0x01, 0x04, 0x09,
  0x00, 0x02, 0x00, 0x0e, 0x00, 0xd6, 0x00, 0x03, 0x00, 0x01, 0x04, 0x09,
  0x00, 0x03, 0x00, 0x34, 0x00, 0xe4, 0x00, 0x03, 0x00, 0x01, 0x04, 0x09,
  0x00, 0x04, 0x00, 0x20, 0x00, 0xb6, 0x00, 0x03, 0x00, 0x01, 0x04, 0x09,
  0x00, 0x05, 0x00, 0x54, 0x01, 0x18, 0x00, 0x03, 0x00, 0x01, 0x04, 0x09,
  0x00, 0x06, 0x00, 0x1e, 0x01, 0x6c, 0x00, 0x43, 0x00, 0x6f, 0x00, 0x70,
  0x00, 0x79, 0x00, 0x72, 0x00, 0x69, 0x00, 0x67, 0x00, 0x68, 0x00, 0x74,
  0x00, 0x20, 0x00, 0x32, 0x00, 0x30, 0x00, 0x32, 0x00, 0x32, 0x00, 0x20,
  0x00, 0x54, 0x00, 0x68, 0x00, 0x65, 0x00, 0x20, 0x00, 0x4e, 0x00, 0x6f,
  0x00, 0x74, 0x00, 0x6f, 0x00, 0x20, 0x00, 0x50, 0x00, 0x72, 0x00, 0x6f,
  0x00, 0x6a, 0x00, 0x65, 0x00, 0x63, 0x00, 0x74, 0x00, 0x20, 0x00, 0x41,
  0x00, 0x75, 0x00, 0x74, 0x00, 0x68, 0x00, 0x6f, 0x00, 0x72, 0x00, 0x73,
  0x00, 0x20, 0x00, 0x28, 0x00, 0x68, 0x00, 0x74, 0x00, 0x74, 0x00, 0x70,
  0x00, 0x73, 0x00, 0x3a, 0x00, 0x2f, 0x00, 0x2f, 0x00, 0x67, 0x00, 0x69,
  0x00, 0x74, 0x00, 0x68, 0x00, 0x75, 0x00, 0x62, 0x00, 0x2e, 0x00, 0x63,
  0x00, 0x6f, 0x00, 0x6d, 0x00, 0x2f, 0x00, 0x6e, 0x00, 0x6f, 0x00, 0x74,
  0x00, 0x6f, 0x00, 0x66, 0x00, 0x6f, 0x00, 0x6e, 0x00, 0x74, 0x00, 0x73,
  0x00, 0x2f, 0x00, 0x6c, 0x00, 0x61, 0x00, 0x74, 0x00, 0x69, 0x00, 0x6e,
  0x00, 0x2d, 0x00, 0x67, 0x00, 0x72, 0x00, 0x65, 0x00, 0x65, 0x00, 0x6b,
  0x00, 0x2d, 0x00, 0x63, 0x00, 0x79, 0x00, 0x72, 0x00, 0x69, 0x00, 0x6c,
  0x00, 0x6c, 0x00, 0x69, 0x00, 0x63, 0x00, 0x29, 0x00, 0x4e, 0x00, 0x6f,
  0x00, 0x74, 0x00, 0x6f, 0x00, 0x20, 0x00, 0x53, 0x00, 0x61, 0x00, 0x6e,
  0x00, 0x73, 0x00, 0x20, 0x00, 0x4d, 0x00, 0x65, 0x00, 0x64, 0x00, 0x69,
  0x00, 0x75, 0x00, 0x6d, 0x00, 0x52, 0x00, 0x65, 0x00, 0x67, 0x00, 0x75,
  0x00, 0x6c, 0x00, 0x61, 0x00, 0x72, 0x00, 0x32, 0x00, 0x2e, 0x00, 0x30,
  0x00, 0x31, 0x00, 0x35, 0x00, 0x3b, 0x00, 0x47, 0x00, 0x4f, 0x00, 0x4f,
  0x00, 0x47, 0x00, 0x3b, 0x00, 0x4e, 0x00, 0x6f, 0x00, 0x74, 0x00, 0x6f,
  0x00, 0x53, 0x00, 0x61, 0x00, 0x6e, 0x00, 0x73, 0x00, 0x2d, 0x00, 0x4d,
  0x00, 0x65, 0x00, 0x64, 0x00, 0x69, 0x00, 0x75, 0x00, 0x6d, 0x00, 0x56,
  0x00, 0x65, 0x00, 0x72, 0x00, 0x73, 0x00, 0x69, 0x00, 0x6f, 0x00, 0x6e,
  0x00, 0x20, 0x00, 0x32, 0x00, 0x2e, 0x00, 0x30, 0x00, 0x31, 0x00, 0x35,
  0x00, 0x3b, 0x00, 0x20, 0x00, 0x74, 0x00, 0x74, 0x00, 0x66, 0x00, 0x61,
  0x00, 0x75, 0x00, 0x74, 0x00, 0x6f, 0x00, 0x68, 0x00, 0x69, 0x00, 0x6e,
  0x00, 0x74, 0x00, 0x20, 0x00, 0x28, 0x00, 0x76, 0x00, 0x31, 0x00, 0x2e,
  0x00, 0x38, 0x00, 0x2e, 0x00, 0x34, 0x00, 0x2e, 0x00, 0x37, 0x00, 0x2d,
  0x00, 0x35, 0x00, 0x64, 0x00, 0x35, 0x00, 0x62, 0x00, 0x29, 0x00, 0x4e,
  0x00, 0x6f, 0x00, 0x74, 0x00, 0x6f, 0x00, 0x53, 0x00, 0x61, 0x00, 0x6e,
  0x00, 0x73, 0x00, 0x2d, 0x00, 0x4d, 0x00, 0x65, 0x00, 0x64, 0x00, 0x69,
  0x00, 0x75, 0x00, 0x6d, 0x00, 0x03, 0x00, 0x00, 0x00, 0x00, 0x00, 0x00,
  0xff, 0x9c, 0x00, 0x32, 0x00, 0x00, 0x00, 0x00, 0x00, 0x00, 0x00, 0x00,
  0x00, 0x00, 0x00, 0x00, 0x00, 0x00, 0x00, 0x00, 0x00, 0x00, 0x00, 0x00,
  0x00, 0x01, 0x00, 0x01, 0xff, 0xff, 0x00, 0x0f, 0x00, 0x01, 0x00, 0x00,
  0x00, 0x0c, 0x00, 0x00, 0x00, 0x00, 0x00, 0x00, 0x00, 0x02, 0x00, 0x03,
  0x00, 0x1d, 0x00, 0x1f, 0x00, 0x01, 0x00, 0x22, 0x00, 0x3b, 0x00, 0x01,
  0x00, 0x42, 0x00, 0x5b, 0x00, 0x01, 0x00, 0x00, 0x00, 0x01, 0x00, 0x00,
  0x00, 0x0a, 0x00, 0x30, 0x00, 0x40, 0x00, 0x04, 0x44, 0x46, 0x4c, 0x54,
  0x00, 0x1a, 0x63, 0x79, 0x72, 0x6c, 0x00, 0x1a, 0x67, 0x72, 0x65, 0x6b,
  0x00, 0x1a, 0x6c, 0x61, 0x74, 0x6e, 0x00, 0x1a, 0x00, 0x04, 0x00, 0x00,
  0x00, 0x00, 0xff, 0xff, 0x00, 0x01, 0x00, 0x00, 0x00, 0x01, 0x6b, 0x65,
  0x72, 0x6e, 0x00, 0x08, 0x00, 0x00, 0x00, 0x02, 0x00, 0x01, 0x00, 0x00,
  0x00, 0x02, 0x00, 0x06, 0x06, 0xf8, 0x00, 0x02, 0x00, 0x08, 0x00, 0x02,
  0x00, 0x0a, 0x00, 0xf6, 0x00, 0x01, 0x00, 0x34, 0x00, 0x04, 0x00, 0x00,
  0x00, 0x15, 0x00, 0x62, 0x00, 0xe2, 0x00, 0x74, 0x00, 0x7a, 0x00, 0xb2,
  0x00, 0x84, 0x00, 0x8a, 0x00, 0xb2, 0x00, 0xa8, 0x00, 0xb2, 0x00, 0xb8,
  0x00, 0xdc, 0x00, 0xdc, 0x00, 0xc2, 0x00, 0xe2, 0x00, 0xcc, 0x00, 0xd2,
  0x00, 0xdc, 0x00, 0xdc, 0x00, 0xdc, 0x00, 0xe2, 0x00, 0x01, 0x00, 0x15,
  0x00, 0x07, 0x00, 0x09, 0x00, 0x22, 0x00, 0x23, 0x00, 0x25, 0x00, 0x26,
  0x00, 0x27, 0x00, 0x30, 0x00, 0x31, 0x00, 0x32, 0x00, 0x35, 0x00, 0x37,
  0x00, 0x38, 0x00, 0x3a, 0x00, 0x3c, 0x00, 0x40, 0x00, 0x44, 0x00, 0x57,
  0x00, 0x58, 0x00, 0x5a, 0x00, 0x5c, 0x00, 0x04, 0x00, 0x35, 0xff, 0xc4,
  0x00, 0x37, 0xff, 0xec, 0x00, 0x38, 0xff, 0xec, 0x00, 0x3a, 0xff, 0xe2,
  0x00, 0x01, 0x00, 0x2b, 0x00, 0x32, 0x00, 0x02, 0x00, 0x0d, 0xff, 0xf6,
  0x00, 0x0f, 0xff, 0xf6, 0x00, 0x01, 0x00, 0x2b, 0x00, 0x3c, 0x00, 0x07,
  0x00, 0x0a, 0x00, 0x14, 0x00, 0x0d, 0xff, 0xc4, 0x00, 0x0f, 0xff, 0xc4,
  0x00, 0x20, 0x00, 0x14, 0x00, 0x22, 0xff, 0xec, 0x00, 0x3e, 0x00, 0x14,
  0x00, 0x5e, 0x00, 0x14, 0x00, 0x02, 0x00, 0x07, 0xff, 0xf6, 0x00, 0x39,
  0xff, 0xec, 0x00, 0x01, 0x00, 0x39, 0xff, 0xec, 0x00, 0x02, 0x00, 0x07,
  0xff, 0xec, 0x00, 0x20, 0x00, 0x14, 0x00, 0x02, 0x00, 0x07, 0xff, 0xe2,
  0x00, 0x20, 0x00, 0x14, 0x00, 0x01, 0x00, 0x2b, 0x00, 0x5f, 0x00, 0x02,
  0x00, 0x03, 0x00, 0x14, 0x00, 0x08, 0x00, 0x14, 0x00, 0x01, 0x00, 0x20,
  0x00, 0x14, 0x00, 0x02, 0x00, 0x2b, 0x00, 0x5a, 0x00, 0x4b, 0x00, 0x28,
  0x00, 0x02, 0x04, 0x32, 0x00, 0x04, 0x00, 0x00, 0x04, 0x84, 0x05, 0x3e,
  0x00, 0x17, 0x00, 0x17, 0x00, 0x00, 0x00, 0x00, 0x00, 0x00, 0x00, 0x00,
  0x00, 0x00, 0x00, 0x00, 0x00, 0x00, 0xff, 0xec, 0x00, 0x00, 0x00, 0x00,
  0x00, 0x00, 0x00, 0x00, 0x00, 0x00, 0x00, 0x00, 0x00, 0x00, 0x00, 0x00,
  0x00, 0x00, 0x00, 0x00, 0x00, 0x00, 0xff, 0xf6, 0xff, 0xf6, 0x00, 0x00,
  0x00, 0x00, 0x00, 0x00, 0x00, 0x00, 0x00, 0x00, 0x00, 0x00, 0x00, 0x00,
  0x00, 0x00, 0x00, 0x00, 0x00, 0x00, 0x00, 0x00, 0x00, 0x00, 0x00, 0x00,
  0x00, 0x00, 0x00, 0x00, 0x00, 0x00, 0x00, 0x00, 0x00, 0x00, 0x00, 0x00,
  0x00, 0x00, 0x00, 0x00, 0xff, 0xf6, 0x00, 0x00, 0x00, 0x00, 0x00, 0x00,
  0x00, 0x00, 0x00, 0x00, 0xff, 0xec, 0x00, 0x00, 0x00, 0x00, 0x00, 0x00,
  0x00, 0x00, 0x00, 0x00, 0x00, 0x00, 0xff, 0xc4, 0xff, 0xd8, 0x00, 0x00,
  0xff, 0xba, 0x00, 0x00, 0x00, 0x00, 0x00, 0x00, 0x00, 0x00, 0x00, 0x00,
  0x00, 0x00, 0xff, 0xba, 0x00, 0x00, 0x00, 0x00, 0x00, 0x00, 0x00, 0x00,
  0x00, 0x00, 0x00, 0x00, 0x00, 0x00, 0x00, 0x00, 0xff, 0xec, 0x00, 0x00,
  0x00, 0x00, 0x00, 0x00, 0xff, 0xf6, 0xff, 0xf6, 0x00, 0x00, 0xff, 0xe2,
  0xff, 0xd8, 0x00, 0x00, 0x00, 0x00, 0x00, 0x00, 0xff, 0xf6, 0x00, 0x00,
  0x00, 0x00, 0x00, 0x00, 0x00, 0x00, 0x00, 0x00, 0x00, 0x00, 0x00, 0x00,
  0x00, 0x00, 0x00, 0x00, 0x00, 0x00, 0x00, 0x00, 0x00, 0x00, 0x00, 0x00,
  0x00, 0x00, 0x00, 0x00, 0x00, 0x00, 0x00, 0x00, 0x00, 0x00, 0x00, 0x00,
  0x00, 0x00, 0x00, 0x00, 0x00, 0x00, 0x00, 0x00, 0x00, 0x00, 0x00, 0x00,
  0x00, 0x00, 0x00, 0x00, 0x00, 0x00, 0x00, 0x00, 0x00, 0x00, 0x00, 0x00,
  0x00, 0x00, 0x00, 0x00, 0x00, 0x00, 0x00, 0x00, 0x00, 0x00, 0x00, 0x00,
  0x00, 0x00, 0x00, 0x00, 0x00, 0x00, 0x00, 0x00, 0xff, 0xd8, 0x00, 0x00,
  0x00, 0x00, 0x00, 0x00, 0x00, 0x00, 0x00, 0x00, 0x00, 0x28, 0x00, 0x00,
  0x00, 0x00, 0x00, 0x00, 0x00, 0x00, 0x00, 0x00, 0x00, 0x00, 0x00, 0x00,
  0x00, 0x00, 0xff, 0xf6, 0x00, 0x00, 0x00, 0x00, 0x00, 0x00, 0x00, 0x00,
  0x00, 0x00, 0x00, 0x00, 0x00, 0x00, 0xff, 0xec, 0x00, 0x00, 0x00, 0x00,
  0x00, 0x00, 0x00, 0x00, 0x00, 0x00, 0x00, 0x00, 0x00, 0x00, 0x00, 0x00,
  0x00, 0x00, 0x00, 0x00, 0xff, 0xce, 0xff, 0xec, 0xff, 0xe2, 0xff, 0xce,
  0xff, 0xc4, 0x00, 0x00, 0x00, 0x00, 0x00, 0x00, 0x00, 0x00, 0x00, 0x00,
  0x00, 0x00, 0x00, 0x00, 0xff, 0xc4, 0xff, 0xce, 0xff, 0xd8, 0x00, 0x00,
  0x00, 0x00, 0x00, 0x00, 0x00, 0x00, 0xff, 0xec, 0x00, 0x00, 0x00, 0x00,
  0x00, 0x00, 0x00, 0x00, 0xff, 0xec, 0x00, 0x00, 0x00, 0x00, 0x00, 0x00,
  0x00, 0x00, 0x00, 0x00, 0x00, 0x00, 0x00, 0x00, 0x00, 0x00, 0x00, 0x00,
  0x00, 0x00, 0x00, 0x00, 0x00, 0x00, 0x00, 0x00, 0x00, 0x00, 0x00, 0x00,
  0x00, 0x00, 0x00, 0x00, 0x00, 0x00, 0x00, 0x00, 0x00, 0x00, 0x00, 0x00,
  0x00, 0x00, 0xff, 0xec, 0x00, 0x00, 0x00, 0x00, 0x00, 0x00, 0xff, 0xf6,
  0x00, 0x00, 0x00, 0x00, 0xff, 0xe2, 0xff, 0xec, 0x00, 0x00, 0xff, 0xec,
  0x00, 0x00, 0x00, 0x00, 0x00, 0x00, 0x00, 0x00, 0x00, 0x00, 0x00, 0x00,
  0xff, 0xb0, 0x00, 0x00, 0x00, 0x00, 0x00, 0x00, 0x00, 0x00, 0xff, 0xec,
  0xff, 0xf6, 0xff, 0xf6, 0xff, 0xec, 0xff, 0xd8, 0x00, 0x00, 0x00, 0x00,
  0x00, 0x00, 0x00, 0x00, 0x00, 0x00, 0x00, 0x00, 0x00, 0x00, 0xff, 0xce,
  0xff, 0xf6, 0xff, 0xf6, 0x00, 0x00, 0x00, 0x00, 0x00, 0x00, 0x00, 0x00,
  0x00, 0x00, 0x00, 0x00, 0x00, 0x00, 0x00, 0x00, 0xff, 0xc4, 0x00, 0x00,
  0xff, 0xe2, 0xff, 0xd8, 0xff, 0xba, 0x00, 0x00, 0x00, 0x00, 0x00, 0x00,
  0x00, 0x0a, 0x00, 0x14, 0x00, 0x00, 0x00, 0x14, 0x00, 0x00, 0xff, 0xe2,
  0xff, 0xe2, 0x00, 0x00, 0x00, 0x00, 0x00, 0x00, 0x00, 0x00, 0x00, 0x00,
  0x00, 0x00, 0x00, 0x00, 0x00, 0x00, 0xff, 0xba, 0xff, 0xec, 0xff, 0xce,
  0xff, 0xb0, 0xff, 0xba, 0x00, 0x00, 0xff, 0xec, 0x00, 0x00, 0x00, 0x00,
  0x00, 0x00, 0x00, 0x00, 0x00, 0x14, 0xff, 0xc4, 0xff, 0xba, 0xff, 0xc4,
  0x00, 0x00, 0x00, 0x00, 0xff, 0xd8, 0x00, 0x00, 0xff, 0xd8, 0x00, 0x00,
  0x00, 0x00, 0x00, 0x00, 0x00, 0x00, 0x00, 0x00, 0x00, 0x00, 0x00, 0x00,
  0x00, 0x00, 0x00, 0x00, 0x00, 0x00, 0x00, 0x00, 0x00, 0x00, 0x00, 0x00,
  0x00, 0x00, 0x00, 0x00, 0x00, 0x00, 0x00, 0x00, 0x00, 0x00, 0x00, 0x00,
  0x00, 0x00, 0x00, 0x00, 0x00, 0x14, 0x00, 0x00, 0x00, 0x00, 0x00, 0x00,
  0x00, 0x00, 0x00, 0x00, 0xff, 0xf6, 0x00, 0x00, 0x00, 0x00, 0x00, 0x00,
  0x00, 0x00, 0x00, 0x00, 0x00, 0x00, 0x00, 0x00, 0x00, 0x00, 0x00, 0x00,
  0x00, 0x00, 0x00, 0x00, 0x00, 0x00, 0x00, 0x00, 0x00, 0x00, 0x00, 0x00,
  0x00, 0x00, 0x00, 0x00, 0x00, 0x00, 0x00, 0x00, 0x00, 0x00, 0x00, 0x00,
  0x00, 0x00, 0xff, 0xce, 0x00, 0x00, 0x00, 0x00, 0x00, 0x00, 0xff, 0xec,
  0x00, 0x00, 0x00, 0x00, 0xff, 0xc4, 0xff, 0xc4, 0x00, 0x00, 0xff, 0xba,
  0x00, 0x00, 0x00, 0x00, 0x00, 0x00, 0x00, 0x00, 0x00, 0x00, 0x00, 0x00,
  0x00, 0x00, 0x00, 0x00, 0x00, 0x00, 0x00, 0x00, 0x00, 0x00, 0x00, 0x00,
  0x00, 0x00, 0x00, 0x00, 0x00, 0x00, 0x00, 0x00, 0x00, 0x00, 0x00, 0x00,
  0x00, 0x00, 0x00, 0x00, 0x00, 0x00, 0x00, 0x00, 0xff, 0xd8, 0x00, 0x00,
  0x00, 0x00, 0x00, 0x00, 0x00, 0x00, 0x00, 0x00, 0x00, 0x00, 0x00, 0x00,
  0x00, 0x00, 0x00, 0x00, 0x00, 0x00, 0x00, 0x00, 0xff, 0xec, 0x00, 0x00,
  0x00, 0x00, 0xff, 0xec, 0x00, 0x00, 0x00, 0x00, 0x00, 0x00, 0x00, 0x00,
  0x00, 0x00, 0x00, 0x00, 0x00, 0x00, 0x00, 0x00, 0xff, 0x60, 0xff, 0xf6,
  0x00, 0x00, 0x00, 0x00, 0x00, 0x00, 0x00, 0x00, 0x00, 0x28, 0x00, 0x00,
  0x00, 0x00, 0x00, 0x00, 0x00, 0x00, 0x00, 0x00, 0xff, 0xec, 0x00, 0x00,
  0x00, 0x00, 0x00, 0x00, 0x00, 0x00, 0x00, 0x00, 0x00, 0x00, 0x00, 0x00,
  0x00, 0x00, 0x00, 0x00, 0x00, 0x00, 0x00, 0x00, 0x00, 0x00, 0x00, 0x00,
  0x00, 0x00, 0x00, 0x00, 0x00, 0x00, 0x00, 0x00, 0x00, 0x00, 0x00, 0x00,
  0x00, 0x00, 0x00, 0x00, 0x00, 0x00, 0x00, 0x00, 0x00, 0x00, 0x00, 0x00,
  0x00, 0x00, 0x00, 0x00, 0x00, 0x00, 0x00, 0x00, 0x00, 0x00, 0x00, 0x00,
  0x00, 0x00, 0x00, 0x00, 0x00, 0x00, 0x00, 0x00, 0x00, 0x00, 0x00, 0x00,
  0x00, 0x00, 0x00, 0x00, 0x00, 0x00, 0x00, 0x00, 0x00, 0x00, 0x00, 0x00,
  0x00, 0x00, 0x00, 0x00, 0x00, 0x00, 0x00, 0x00, 0x00, 0x00, 0xff, 0xce,
  0x00, 0x00, 0x00, 0x00, 0x00, 0x00, 0x00, 0x00, 0x00, 0x00, 0x00, 0x00,
  0x00, 0x00, 0xff, 0x7e, 0x00, 0x00, 0x00, 0x00, 0x00, 0x00, 0xff, 0xf6,
  0x00, 0x00, 0x00, 0x00, 0x00, 0x00, 0x00, 0x00, 0x00, 0x00, 0x00, 0x00,
  0x00, 0x00, 0x00, 0x00, 0x00, 0x00, 0x00, 0x00, 0x00, 0x00, 0x00, 0x00,
  0x00, 0x00, 0x00, 0x00, 0x00, 0x00, 0x00, 0x00, 0x00, 0x00, 0x00, 0x00,
  0xff, 0xec, 0x00, 0x00, 0x00, 0x00, 0x00, 0x00, 0x00, 0x00, 0x00, 0x00,
  0x00, 0x3c, 0x00, 0x00, 0x00, 0x28, 0x00, 0x00, 0x00, 0x00, 0xff, 0xec,
  0x00, 0x00, 0x00, 0x00, 0x00, 0x00, 0x00, 0x00, 0x00, 0x00, 0x00, 0x00,
  0x00, 0x00, 0x00, 0x00, 0x00, 0x00, 0x00, 0x00, 0x00, 0x00, 0x00, 0x00,
  0x00, 0x00, 0x00, 0x00, 0x00, 0x00, 0x00, 0x00, 0x00, 0x00, 0x00, 0x00,
  0x00, 0x00, 0x00, 0x00, 0x00, 0x00, 0x00, 0x01, 0x00, 0x27, 0x00, 0x03,
  0x00, 0x08, 0x00, 0x09, 0x00, 0x0d, 0x00, 0x0e, 0x00, 0x0f, 0x00, 0x22,
  0x00, 0x24, 0x00, 0x25, 0x00, 0x26, 0x00, 0x2c, 0x00, 0x2d, 0x00, 0x30,
  0x00, 0x31, 0x00, 0x32, 0x00, 0x35, 0x00, 0x36, 0x00, 0x37, 0x00, 0x38,
  0x00, 0x39, 0x00, 0x3a, 0x00, 0x3b, 0x00, 0x3c, 0x00, 0x42, 0x00, 0x43,
  0x00, 0x46, 0x00, 0x47, 0x00, 0x49, 0x00, 0x4e, 0x00, 0x4f, 0x00, 0x50,
  0x00, 0x51, 0x00, 0x53, 0x00, 0x55, 0x00, 0x57, 0x00, 0x58, 0x00, 0x59,
  0x00, 0x5a, 0x00, 0x5c, 0x00, 0x01, 0x00, 0x03, 0x00, 0x5a, 0x00, 0x0b,
  0x00, 0x00, 0x00, 0x00, 0x00, 0x00, 0x00, 0x00, 0x00, 0x0b, 0x00, 0x13,
  0x00, 0x00, 0x00, 0x00, 0x00, 0x00, 0x00, 0x0f, 0x00, 0x10, 0x00, 0x0f,
  0x00, 0x00, 0x00, 0x00, 0x00, 0x00, 0x00, 0x00, 0x00, 0x00, 0x00, 0x00,
  0x00, 0x00, 0x00, 0x00, 0x00, 0x00, 0x00, 0x00, 0x00, 0x00, 0x00, 0x00,
  0x00, 0x00, 0x00, 0x00, 0x00, 0x00, 0x00, 0x00, 0x00, 0x00, 0x00, 0x00,
  0x00, 0x02, 0x00, 0x00, 0x00, 0x08, 0x00, 0x03, 0x00, 0x04, 0x00, 0x00,
  0x00, 0x00, 0x00, 0x00, 0x00, 0x00, 0x00, 0x00, 0x00, 0x12, 0x00, 0x09,
  0x00, 0x00, 0x00, 0x00, 0x00, 0x03, 0x00, 0x14, 0x00, 0x03, 0x00, 0x00,
  0x00, 0x00, 0x00, 0x0c, 0x00, 0x06, 0x00, 0x0a, 0x00, 0x0a, 0x00, 0x12,
  0x00, 0x07, 0x00, 0x0e, 0x00, 0x13, 0x00, 0x00, 0x00, 0x00, 0x00, 0x00,
  0x00, 0x00, 0x00, 0x00, 0x00, 0x01, 0x00, 0x00, 0x00, 0x00, 0x00, 0x00,
  0x00, 0x00, 0x00, 0x15, 0x00, 0x00, 0x00, 0x01, 0x00, 0x00, 0x00, 0x00,
  0x00, 0x00, 0x00, 0x00, 0x00, 0x01, 0x00, 0x01, 0x00, 0x00, 0x00, 0x00,
  0x00, 0x00, 0x00, 0x11, 0x00, 0x00, 0x00, 0x0d, 0x00, 0x00, 0x00, 0x05,
  0x00, 0x05, 0x00, 0x16, 0x00, 0x05, 0x00, 0x00, 0x00, 0x13, 0x00, 0x01,
  0x00, 0x03, 0x00, 0x5c, 0x00, 0x13, 0x00, 0x00, 0x00, 0x00, 0x00, 0x00,
  0x00, 0x00, 0x00, 0x13, 0x00, 0x00, 0x00, 0x15, 0x00, 0x00, 0x00, 0x00,
  0x00, 0x0d, 0x00, 0x12, 0x00, 0x0d, 0x00, 0x00, 0x00, 0x00, 0x00, 0x00,
  0x00, 0x00, 0x00, 0x00, 0x00, 0x00, 0x00, 0x00, 0x00, 0x00, 0x00, 0x00,
  0x00, 0x00, 0x00, 0x00, 0x00, 0x16, 0x00, 0x16, 0x00, 0x00, 0x00, 0x00,
  0x00, 0x00, 0x00, 0x00, 0x00, 0x00, 0x00, 0x05, 0x00, 0x00, 0x00, 0x02,
  0x00, 0x00, 0x00, 0x00, 0x00, 0x00, 0x00, 0x02, 0x00, 0x00, 0x00, 0x00,
  0x00, 0x00, 0x00, 0x00, 0x00, 0x00, 0x00, 0x00, 0x00, 0x00, 0x00, 0x02,
  0x00, 0x00, 0x00, 0x02, 0x00, 0x00, 0x00, 0x00, 0x00, 0x0c, 0x00, 0x06,
  0x00, 0x0a, 0x00, 0x0a, 0x00, 0x00, 0x00, 0x09, 0x00, 0x11, 0x00, 0x00,
  0x00, 0x00, 0x00, 0x15, 0x00, 0x00, 0x00, 0x00, 0x00, 0x00, 0x00, 0x04,
  0x00, 0x08, 0x00, 0x01, 0x00, 0x01, 0x00, 0x01, 0x00, 0x0b, 0x00, 0x0e,
  0x00, 0x08, 0x00, 0x00, 0x00, 0x00, 0x00, 0x08, 0x00, 0x08, 0x00, 0x03,
  0x00, 0x03, 0x00, 0x01, 0x00, 0x03, 0x00, 0x01, 0x00, 0x03, 0x00, 0x0f,
  0x00, 0x10, 0x00, 0x03, 0x00, 0x07, 0x00, 0x07, 0x00, 0x07, 0x00, 0x07,
  0x00, 0x14, 0x00, 0x00, 0x00, 0x00, 0x00, 0x15, 0x00, 0x02, 0x00, 0x08,
  0x00, 0x01, 0x00, 0x08, 0x00, 0x02, 0x00, 0x16, 0x00, 0x04, 0x00, 0x00,
  0x00, 0x1e, 0x00, 0x22, 0x00, 0x01, 0x00, 0x03, 0x00, 0x00, 0x00, 0x00,
  0x00, 0x00, 0x00, 0x01, 0x00, 0x02, 0x00, 0x03, 0x00, 0x08, 0x00, 0x02,
  0x00, 0x00, 0x00, 0x02, 0x00, 0x04, 0x00, 0x03, 0x00, 0x03, 0x00, 0x02,
  0x00, 0x08, 0x00, 0x08, 0x00, 0x02, 0x00, 0x0d, 0x00, 0x0d, 0x00, 0x01,
  0x00, 0x0f, 0x00, 0x0f, 0x00, 0x01, 0x00, 0x00, 0x00, 0x01, 0x00, 0x00,
  0x00, 0x0a, 0x00, 0x32, 0x00, 0x34, 0x00, 0x04, 0x44, 0x46, 0x4c, 0x54,
  0x00, 0x1a, 0x63, 0x79, 0x72, 0x6c, 0x00, 0x24, 0x67, 0x72, 0x65, 0x6b,
  0x00, 0x24, 0x6c, 0x61, 0x74, 0x6e, 0x00, 0x24, 0x00, 0x04, 0x00, 0x00,
  0x00, 0x00, 0xff, 0xff, 0x00, 0x00, 0x00, 0x00, 0x00, 0x00, 0x00, 0x00,
  0x00, 0x00, 0x00, 0x00
};
static const size_t font_medium_size = sizeof(font_medium_data);
